subject_id,day,visit_id,grm_mode_1,grm_mode_2,grm_mode_3,grm_mode_4,grm_mode_5,grm_mode_6,grm_mode_7,grm_mode_8,cluster_k3,cluster_k4,cluster_k5
0,0,0.0,0.0007173943775729,0.0104262706248568,-1.2657301305053328e-05,0.0057376138458332,0.002251603007198,-0.0029469523243019,-0.0038400428661751,-0.0020753792767936,0,0,0
0,1,1.0,0.0008220112399461,0.0128028851715227,-0.0001959913809988,0.0071968181921329,0.0023538350334654,-0.003896590063126,-0.0038214679258178,-0.0031491222615895,0,0,0
0,2,2.0,0.0007637968452708,0.0104807741984889,0.0001108920426214,0.0055124858289534,0.0024132111637079,-0.0025503520540745,-0.0040792112128789,-0.0013506775858134,0,0,0
0,3,3.0,0.0013406467961168,0.0127572931067071,0.0013392782724826,0.0047918548445248,0.0048630821339159,1.7190808922342935e-05,-0.0084795880893383,0.0040483577630228,0,0,0
0,4,4.0,0.0014704488704891,0.0115740711476946,0.0019168570726467,0.0030562817932172,0.0052865418809176,0.001925914298382,-0.008913827951,0.0066528403656603,0,0,0
0,5,5.0,0.0016399363976854,0.0125663996289321,0.0022075340646041,0.0030962826768356,0.0059211900476408,0.002449587652183,-0.0099746186169594,0.007856346400821,0,0,0
0,6,6.0,0.0025249796464898,0.0108361466924106,0.0047936524473069,-0.0031421089633045,0.0078685440756107,0.009954508933649,-0.0108803139353695,0.0170500069342507,0,1,1
0,7,7.0,0.0036580308618771,0.0175420207079604,0.0066716591442533,-0.0028173005076218,0.0118427389763648,0.0131769927351724,-0.0172495124273959,0.0241317622037134,0,1,1
0,8,8.0,0.0016560999230373,0.0109953414669453,0.0025121267833185,0.0015666519976475,0.0057727018161747,0.003704409508088,-0.0093158369073048,0.008993726963569,0,0,0
0,9,9.0,0.0028985188081534,0.0097352016502639,0.0058124574897375,-0.0059722904662686,0.0081161015139282,0.0125810656498809,-0.0098292504410416,0.0187087781307094,0,1,1
0,10,10.0,0.0030850586538808,0.0059176918840614,0.0064297575468263,-0.0098323998338152,0.0063148569769468,0.0136672766510026,-0.0045651296382412,0.0146329067417983,0,1,1
0,11,11.0,0.0031568952055991,0.0105793713898775,0.0063495362976165,-0.0065509494117659,0.0088835757976121,0.0138180871702435,-0.0107831872067534,0.0206353968694465,0,1,1
0,12,12.0,0.003675582708775,0.0074536342939368,0.0077704606354193,-0.0116541847302944,0.0080556127455421,0.017074593705497,-0.0063839215097327,0.019505512865972,0,1,1
0,13,13.0,0.0043097087277613,0.0079220554917822,0.0090335889533417,-0.0140787214462252,0.0086854071069669,0.0192689090852812,-0.005907155846562,0.0201638464151204,1,1,1
0,14,14.0,0.0028173926681456,0.0057859236480173,0.0059052099038512,-0.0087804066276216,0.0061111649661871,0.0128024127672343,-0.0048920407650402,0.0145533008218211,0,1,1
0,15,15.0,0.0043865879743857,0.0082102124146843,0.009268292632649,-0.0143679630595312,0.0091370774596668,0.0201472698562035,-0.0065177665570118,0.0218528081918775,1,1,1
0,16,16.0,0.0055225292059175,0.0068551771474812,0.0116008654580753,-0.0203583815565608,0.0089325440442922,0.0238722975270442,-0.0023437570404939,0.019441237820376,1,1,1
0,17,17.0,0.0062192039458534,0.0063673617114623,0.0129029711491178,-0.0234909811053815,0.0088750119305173,0.0255754576391595,-0.0004981366695804,0.0180835693081226,1,1,1
0,18,18.0,0.0041695480764482,0.0007254169302446,0.0073076679587278,-0.0149577901304249,0.0021441570315196,0.009970516131483,0.0033353423457862,0.0015002907663543,1,1,1
0,19,19.0,0.0062183730716736,0.0021938553034291,0.0120211962367957,-0.0243796934744675,0.0045162760656408,0.0191973946753649,0.0062065044442783,0.0032226560701706,1,1,1
0,20,20.0,0.0063348185943209,0.0014549151350869,0.0120119448719355,-0.0248453858184214,0.0036513969795082,0.0178963688431809,0.007556899617978,-9.310889416672794e-05,1,1,1
0,21,21.0,0.0048394901019237,0.0031997838175067,0.00961857998823,-0.0185424961723715,0.0049582347395529,0.0168505466796567,0.002452175765387,0.0073161120329198,1,1,1
0,22,22.0,0.0050923053259317,0.0013359563764544,0.0097724659176923,-0.0201469097744404,0.0031270466327251,0.0148781038673325,0.0060353084887808,0.0003798079180375,1,1,1
0,23,23.0,0.0079262689753147,-0.0023297184457895,0.0132402115986395,-0.0297741451382731,-0.0010724896722569,0.0104385963580862,0.0138889193122108,-0.017762707844533,1,1,1
0,24,24.0,0.0038844624112182,0.0002953018397083,0.0067458674282051,-0.0141185451733198,0.0012382044218046,0.0078171017001757,0.0039976760222779,-0.0017473110299628,1,1,1
0,25,25.0,0.008134793681673,-0.0059177177929666,0.0106741545006999,-0.0257507695403862,-0.005940720774574,-0.003437782583038,0.0119960165695491,-0.0251346164255618,1,1,1
0,26,26.0,0.0101476049258943,-0.0083435499266952,0.0126731896588352,-0.0312740848149136,-0.0093206650786578,-0.0095973774587253,0.0142577032880792,-0.034501272688862,1,1,1
0,27,27.0,0.0093278920201955,-0.0098973670328946,0.0090388485565181,-0.0235757024890291,-0.0110884582435066,-0.0187309257235031,0.0069621617512877,-0.0253869036692984,1,2,2
0,28,28.0,0.0070697442045487,-0.0085995886182557,0.0054772415365058,-0.0150730658221102,-0.0095858490804263,-0.0192794966861535,0.0012492766209136,-0.0131455791994572,1,2,2
0,29,29.0,0.0090967901891704,-0.0117923839491555,0.0061601082017167,-0.0176055120535665,-0.0131093790285773,-0.0280199935313076,-0.0006129735875133,-0.0142680660168469,1,2,2
0,30,30.0,0.0088519716000687,-0.0123961311393332,0.0043594670224431,-0.0133234726705236,-0.0119595716001646,-0.0272827551414971,-0.0040716217135047,-0.0042090598103531,1,2,2
0,31,31.0,0.0070383403447084,-0.0082757845702522,0.0041765133848608,-0.0108900387385364,-0.0043382999869234,-0.0071730201356155,0.0007568086880621,-0.0020013701545738,1,2,2
0,32,32.0,0.0098926510672605,-0.015373942252054,0.0027604324889428,-0.0104207299544559,-0.014834988778033,-0.0379857714124189,-0.0128769463896581,0.0128823124181924,2,2,2
0,33,33.0,0.0112155984057803,-0.0165981769254476,0.0046119821686155,-0.0152548411573478,-0.017271750037876,-0.0419929912373605,-0.0100564293947014,0.0018891476719409,1,2,2
0,34,34.0,0.0118046895383049,-0.020394501291056,-0.0006461976788159,-0.0029736014532959,-0.0139382317573102,-0.0397758823449156,-0.0216991005148672,0.0410653965707483,2,2,2
0,35,35.0,0.0106066821347532,-0.0177156715946089,0.0006826535208583,-0.0057669457427853,-0.0140321313358106,-0.0383617821137844,-0.01762606178951,0.0278813745202648,2,2,2
0,36,36.0,0.0093530010416853,-0.0158210280007395,-0.0003271207694434,-0.0024032358877348,-0.0082255840582614,-0.0218135525941872,-0.0081343720840158,0.0094675949296112,2,2,2
0,37,37.0,0.0106928573882219,-0.0182334504419643,-0.0001279444457278,-0.0037814047616819,-0.0129120143623122,-0.0360963760986144,-0.0180957971359974,0.0314139053512838,2,2,2
0,38,38.0,0.0093856521402695,-0.0176966515752433,-0.0042393625219866,0.0073241106883078,-0.0019123314525154,-0.0076610732211145,-0.006537098352012,0.0149827620590541,2,2,2
0,39,39.0,0.0116706488792296,-0.0218153430486998,-0.0043785423189232,0.0064957684876593,-0.0070180795986747,-0.0237211528289948,-0.0196373181482097,0.0490647118491908,2,2,2
0,40,40.0,0.0463388033911063,-0.0948562497629625,-0.0390063026992342,0.0827678608633135,0.0332096245791334,0.0737556337711533,0.0220965339335123,-0.0345027149570743,2,2,2
0,41,41.0,0.0462807508585742,-0.0947548394012754,-0.0390032773012877,0.0827850112882478,0.0332975134435035,0.0740189966753348,0.0222795864399701,-0.0349398707136521,2,2,2
0,42,42.0,0.0465902947578691,-0.0953745653151932,-0.039229016087328,0.0832472348632346,0.0334295693897431,0.0742699172049728,0.0222912296101004,-0.0348614553106971,2,2,2
0,43,43.0,0.0073725241132139,-0.0144259067193163,-0.004713668918474,0.0093979169374793,0.0023314800626666,0.0044046345679986,0.0006689260271624,-0.000712746550199,2,2,2
0,44,44.0,0.0465288417066566,-0.0952525427897557,-0.0391873922298857,0.0831642301053023,0.0334151922009349,0.0742545531152832,0.0223135722331426,-0.0349396443273485,2,2,2
0,45,45.0,0.0466539297939887,-0.0955089462297378,-0.0392906195371008,0.0833803062836748,0.0334838523228904,0.0743860177876754,0.0223117577434445,-0.0348610974830791,2,2,2
0,46,46.0,0.0464068556518357,-0.0950144888535752,-0.039112662813038,0.0830183130884523,0.0333933044719764,0.0742321138109776,0.0223415613679617,-0.0350292718158338,2,2,2
0,47,47.0,0.0464691048089885,-0.0951402350122832,-0.0391602914975734,0.0831167065777677,0.0334227968571971,0.0742886635151195,0.0223441172752412,-0.0350112151891592,2,2,2
0,48,48.0,0.0466541702260787,-0.0955102637074024,-0.0392926626134098,0.0833853781997819,0.0334875836281182,0.0743951466818959,0.0223150383265361,-0.0348660982076067,2,2,2
0,49,49.0,0.0466541634735939,-0.0955102249741173,-0.0392925876132594,0.0833851809759425,0.0334873624557296,0.0743945263302488,0.0223146341640456,-0.0348651002580972,2,2,2
0,50,50.0,0.046654098267891,-0.0955098443617559,-0.0392917969656876,0.0833830703888286,0.0334847926226742,0.0743871806529633,0.0223095753144731,-0.0348523003422183,2,2,2
0,51,51.0,0.0107195511127909,-0.0219134849676611,-0.0089347962235446,0.0189065867953225,0.0073781254358789,0.0161887470660432,0.0045063395120987,-0.0064478998915079,2,2,2
0,52,52.0,0.0466541000526568,-0.0955098556008468,-0.0392918268104828,0.0833831534908023,0.033484913166291,0.0743875343236576,0.022309827400837,-0.0348529288120385,2,2,2
0,53,53.0,0.0465310402093203,-0.0952646226018381,-0.0392064006184823,0.0832116167610203,0.0334513649199423,0.0743443645627244,0.0223487178375895,-0.0349990155720385,2,2,2
0,54,54.0,0.0089585589575569,-0.0183592069573424,-0.0075909599798512,0.0161298680548753,0.0065365008479894,0.0145618751768394,0.0044175307861164,-0.0069584123057654,2,2,2
0,55,55.0,0.0089438828584456,-0.0182789345963659,-0.0074672848125457,0.0158231483234196,0.0063101795566142,0.0140052253055513,0.0042065002223543,-0.0066070273688447,2,2,2
0,56,56.0,0.0134001165736978,-0.0257877820192736,-0.0076727301742185,0.014866886503828,0.0027420559459891,0.0044599615676153,7.030553369141723e-05,0.0004137948416187,2,2,2
0,57,57.0,0.0097690836941562,-0.0197816205938033,-0.0076889496275316,0.0160630727020376,0.0056837978432011,0.0120677421503365,0.0029085439694493,-0.0037408254822247,2,2,2
0,58,58.0,0.0095562079664425,-0.0193861331905211,-0.0075974112698881,0.0159025771660961,0.0056930913617105,0.0121224417783528,0.0029457424812835,-0.0037966328505445,2,2,2
1,0,59.0,0.0004225545114338,0.015973712612493,-0.0020554086249503,0.0105995311917855,-0.0009826108465885,-0.0077144429804016,0.0033912188383706,-0.0097406354032293,0,0,0
1,1,60.0,0.0007062874640706,0.0195528919733678,-0.0019570306084115,0.0126375111799082,9.041933762643818e-05,-0.0088522599659875,0.0014783039532137,-0.0107338463077746,0,0,0
1,2,61.0,0.0006956820103985,0.018099244721739,-0.0016863107628095,0.0116182702844151,0.0003762050776384,-0.0080488778103185,0.0007475466070663,-0.0096235936300197,0,0,0
1,3,62.0,0.0006888130791034,0.012497087778453,-0.0005325882185159,0.0074752540727788,0.001659908485467,-0.0045729395523697,-0.0024526081785397,-0.0045782636901486,0,0,0
1,4,63.0,0.0006153728346869,0.0117711096995206,-0.0005993201104237,0.0070174139266281,0.0012839791519005,-0.0042752825065782,-0.0017137522467132,-0.0042697176226889,0,0,0
1,5,64.0,0.0001091721963877,0.0112342110591298,-0.0019588714099397,0.0074421369996943,-0.001950204534298,-0.0053379601604868,0.0047246225331584,-0.0064694049805056,0,0,0
1,6,65.0,0.0006171086299259,0.0106728288062181,-0.0003624136962436,0.0061493238663091,0.0015313354642821,-0.0034971399782481,-0.0023279760808092,-0.0030873215854861,0,0,0
1,7,66.0,0.0005802209121284,0.0131564650502696,-0.0010020062825567,0.0081650348035457,0.0007008191145315,-0.0053678112314891,-0.0003149531876982,-0.0060404549157492,0,0,0
1,8,67.0,0.0016852762233608,0.0185373562114207,0.0011966494706552,0.0082723066061455,0.0060154505971262,-0.0020175167929446,-0.0106294389416412,0.0024096125093921,0,0,0
1,9,68.0,0.0018023348720938,0.0173583481261422,0.0017707780064484,0.0066689869291171,0.0066212361026184,-0.000165009192969,-0.0116801295643732,0.0053192034745973,0,0,0
1,10,69.0,0.0014381877264968,0.0116136637420717,0.001831736374195,0.0032709602205733,0.0052482070835339,0.0016786709824687,-0.0089770095749817,0.0064109119864225,0,0,0
1,11,70.0,0.0009954463148252,0.0098518154827784,0.0009352637387426,0.0039406753252634,0.0037098978421703,-0.0002991268009742,-0.006639456203803,0.0027732573725507,0,0,0
1,12,71.0,0.0010342522294448,0.0113359036104642,0.0007479433283977,0.0050728166830153,0.0037499401968,-0.0012336639583437,-0.0066956601994611,0.001540301831257,0,0,0
1,13,72.0,0.0015212020862503,0.0186566412846827,0.0007020571053145,0.0092404888874705,0.0053679806223431,-0.0034772248228197,-0.0096046175542671,-8.2032069587407e-05,0,0,0
1,14,73.0,0.0012681881505315,0.0140522918632207,0.0008748236490258,0.0063165851470963,0.0044904571150493,-0.0016263947568587,-0.0078972275373224,0.0015907626331719,0,0,0
1,15,74.0,0.0007824814061246,0.0132837734947876,-0.0004159415837953,0.0076949896036434,0.0020048294494524,-0.0044420490396082,-0.0030596950477575,-0.0040750171722973,0,0,0
1,16,75.0,0.0003534400697765,0.0199338819994278,-0.0030641465836585,0.0133784819361862,-0.0024328079559267,-0.0098703239473506,0.0066484835598383,-0.0125752821869473,0,0,0
1,17,76.0,0.0004502414962087,0.0153501501272515,-0.0018339021537052,0.0100452403996577,-0.0006178544391195,-0.0071530825063993,0.002513176157558,-0.0087955085075403,0,0,0
1,18,77.0,0.000642529404081,0.0170349735669513,-0.0016267997407703,0.0110024797856662,0.000280042084986,-0.0077005233290761,0.0008751173575054,-0.009334310348507,0,0,0
1,19,78.0,0.0005697836193023,0.0122501203906426,-0.0008421269927251,0.0075778701135091,0.0008966294728005,-0.0049420821166678,-0.0008390844834225,-0.0054779506192205,0,0,0
1,20,79.0,0.0004369445479269,0.0173155863066532,-0.0022835578254258,0.0114849294173898,-0.0011966246611641,-0.0083467590575246,0.0039091869071253,-0.0105087646541262,0,0,0
1,21,80.0,2.8809791254691034e-06,0.0137799071955877,-0.0027941927688596,0.0093966815945817,-0.0032902157526682,-0.0070216590317908,0.0076760611011817,-0.0089016023623857,0,0,0
1,22,81.0,-0.0004103034666955,0.014241671201384,-0.0039867092916928,0.0097025274864798,-0.0059648106819504,-0.0070636111991615,0.0123869954210676,-0.0082877947825042,0,0,0
1,23,82.0,-0.0002093680386257,0.0141788622052252,-0.0034229587610049,0.0096242102059575,-0.0046281011402633,-0.0070465730020844,0.009925074258746,-0.0085183020548525,0,0,0
1,24,83.0,-0.0010869482533709,0.0090004686432417,-0.0045419120100456,0.0057974825407337,-0.0080613265589408,-0.0035140360310005,0.0140349130991349,-0.0024636308763555,0,0,0
1,25,84.0,-0.0008829119003437,0.010476257215702,-0.0043829467188207,0.0069452857378988,-0.0075464016266819,-0.0045978759397735,0.0139070687011379,-0.0042336962474375,0,0,0
1,26,85.0,-0.0002145064846257,0.0138730944781745,-0.0033304516920528,0.0092573282160711,-0.0044199632639614,-0.0065727628294757,0.0091612345144219,-0.0075899301255406,0,0,0
1,27,86.0,-0.0021615746306741,0.010739922453056,-0.0075816964275928,0.0065567702378299,-0.0143710801045871,-0.0031277490462474,0.0238971869973457,0.0003298456005839,0,0,0
1,28,87.0,-0.0014072556926421,0.0159272078083165,-0.0068765643655429,0.0105988024784064,-0.0120791632255329,-0.0070170086100923,0.0224380797784904,-0.0063090700736269,0,0,0
1,29,88.0,-0.0013783961385847,0.0068673799412661,-0.0048191894694829,0.0041808525858787,-0.009064468795533,-0.0019915694253522,0.0149415478442101,0.0001579651166988,0,0,0
1,30,89.0,-0.0007928431780392,0.0090586267258829,-0.0038787052162768,0.0060128149232952,-0.0067626253457381,-0.0039715969418751,0.0125001751202316,-0.0035891271288865,0,0,0
1,31,90.0,-0.0012862899835536,0.0107261670607018,-0.0054629804241101,0.0070009628477574,-0.0099157950842269,-0.0043353850012744,0.017721597870196,-0.0031032322165636,0,0,0
1,32,91.0,-0.0013341479931537,0.0059036432512364,-0.004464351983976,0.0034911704508048,-0.0083500070981755,-0.0014843428117743,0.0133394886319267,0.0006367638611955,0,0,0
1,33,92.0,-0.0047041574948343,0.0105819660412701,-0.0133621991273579,0.0049716048105069,-0.0255263034450784,0.000522687419894,0.0370038780264757,0.0093196208466067,2,0,3
1,34,93.0,-0.004608692581076,0.007907665193246,-0.0123390880049707,0.0029929764835998,-0.0231461116196233,0.001980615853866,0.0313168398497072,0.0104107770443929,2,0,3
1,35,94.0,-0.008192739484187,0.0090795028782354,-0.0202954619740656,0.0015052790287129,-0.0368184655095393,0.006403067399499,0.0444655082146354,0.0205105731731937,2,0,3
1,36,95.0,-0.0052377302295846,0.0082125541798646,-0.0137380521385455,0.0028204694464972,-0.0254983469752882,0.0026345366205043,0.0336507542899834,0.011892113384882,2,0,3
1,37,96.0,-0.0075737640277869,0.0051635988166999,-0.0171360776816689,-0.0010934711807956,-0.0285853115958491,0.0072017950421797,0.0284086841503819,0.0170540849998667,2,0,3
1,38,97.0,-0.0126988838558415,0.0070151288907211,-0.0278908193432204,-0.0030760584284124,-0.0451996660426972,0.0126925252397277,0.0415611289104911,0.0277483959289276,2,0,3
1,39,98.0,-0.0060166599781888,0.0037196998938697,-0.0132165568454483,-0.0011510201426665,-0.021157354997883,0.0056370997170642,0.01936215522109,0.0122087481359741,2,0,3
1,40,99.0,-0.0119974435333888,0.0044839044699068,-0.0248061167327532,-0.0045004791783943,-0.0369990098253184,0.0122068610012072,0.0271382778414165,0.0221192953229269,2,0,3
1,41,100.0,-0.0143584696278372,0.0026929714525604,-0.0273577352462241,-0.0072515325484991,-0.035729376809498,0.0142505270415517,0.0159514379807793,0.0195950126160197,2,3,3
1,42,101.0,-0.0148742668570091,0.001524848995015,-0.0269334175685746,-0.0083003676571474,-0.0318351838707216,0.0140831839502476,0.0076596801043322,0.0155998272049488,2,3,3
1,43,102.0,-0.0287628303183671,0.0036408954426513,-0.0530058871710491,-0.0156547305290267,-0.0650986697743209,0.0278918829912229,0.0205706870857394,0.0337830505960577,2,3,3
1,44,103.0,-0.0108807188143048,0.0003518805279338,-0.0181111796707334,-0.0062355503560832,-0.0182199327192448,0.008788826015812,0.0003871698316019,0.0070910810041975,2,0,3
1,45,104.0,-0.0272186576295602,-0.0010705099431903,-0.0427043292753309,-0.0167146608879672,-0.0356281029531649,0.0201476130116696,-0.0154235728528504,0.0074088073158535,2,3,3
1,46,105.0,-0.0174343395706464,-0.0020104853385849,-0.0218228554883651,-0.0095681101284183,-0.0103315279386691,0.0072836183583369,-0.0107664501373621,-0.0005991670695811,2,3,3
1,47,106.0,-0.0272490975399387,-0.002673923899312,-0.0393507102934071,-0.017125101664521,-0.0236983167734816,0.0164802854086085,-0.0284362398067392,-0.0041131368478015,2,3,3
1,48,107.0,-0.0307618900429534,-0.0044393396316978,-0.0393348174653849,-0.0186611456022169,-0.0120838118986712,0.0124172217124955,-0.0378240027976399,-0.0149842004877199,2,3,3
1,49,108.0,-0.0127317055889085,-0.0017221881197819,-0.0157717271658035,-0.0072934543366763,-0.0050728856843254,0.0046546933491966,-0.0119198909618635,-0.0041624871970987,2,3,3
1,50,109.0,-0.0398202360424663,-0.0066050634189044,-0.0476373301597616,-0.0236560254626235,-0.0060149769664193,0.0118029865129275,-0.0510484971645743,-0.0253016726385379,2,3,3
1,51,110.0,-0.0432899232525424,-0.0087409371600543,-0.042470122220775,-0.0229744111721207,0.014778655059194,0.0011692234899427,-0.0412731699099308,-0.0285898900193146,2,3,3
1,52,111.0,-0.0260503009380688,-0.0048487787462437,-0.023674945099087,-0.0120639058053873,0.0036357565613151,0.0015852160839617,-0.0121581098788154,-0.0061906998341681,2,3,3
1,53,112.0,-0.0478671339645622,-0.0116839737783211,-0.033092580454413,-0.0209535647850613,0.0503092571600112,-0.0187774920825265,-0.0074760150872062,-0.0218568325669359,2,3,4
1,54,113.0,-0.0421735460773223,-0.0105138691465811,-0.0273620226120227,-0.0177852615494684,0.0470550666754252,-0.0182891134969977,-0.0022370203696279,-0.0171734256534933,2,3,4
1,55,114.0,-0.0481497570138719,-0.0128530656877466,-0.0223913631140991,-0.0165385569999048,0.0625237010172835,-0.027514995260246,0.0208348931056865,-0.0047340696038159,2,3,4
1,56,115.0,-0.0205352372468485,-0.0052048374251633,-0.00797674541138,-0.0054755077117512,0.0140997754103575,-0.0055421289486361,0.0018234505105016,-0.0023697449751271,2,3,0
1,57,116.0,-0.0521472536852633,-0.0141606359862239,-0.0212838016734566,-0.0165455508620823,0.0689692505032165,-0.0311524270679447,0.0297985425688954,0.0008758985671721,2,3,4
1,58,117.0,-0.0150455245502076,-0.0040492287443665,-0.0038304652061612,-0.0031894287202148,0.0114944022714499,-0.0048961248254247,0.0042147087659127,0.0009837975633098,2,3,0
2,0,118.0,0.0003095153443783,0.0108322849463338,-0.0013232039900292,0.0070850927251264,-0.0005354483615788,-0.0050463114391698,0.0020247217014391,-0.006211784383612,0,0,0
2,1,119.0,0.0002377246818625,0.0194449266912205,-0.0032937242579756,0.0131400601275844,-0.0031010661297623,-0.0097594990758723,0.0079126234909335,-0.0124454579539444,0,0,0
2,2,120.0,0.0004927724146046,0.0110653477758662,-0.0008281580540864,0.0069403793123848,0.0006828984676834,-0.0046305894209897,-0.0004940939211861,-0.0052826516912988,0,0,0
2,3,121.0,0.000591663643714,0.0155972540218683,-0.0014802099632898,0.010050840326165,0.0002631690251127,-0.0070114861237568,0.000798673421848,-0.0084692481354225,0,0,0
2,4,122.0,0.0011872689597782,0.0180152138822606,-0.0001801075113917,0.0100890926295263,0.0035663324140911,-0.0053956668203758,-0.005957673432666,-0.0041935995544769,0,0,0
2,5,123.0,0.0016125481071451,0.0193227847313099,0.0008370869334753,0.0094137163523569,0.005753804808959,-0.0033404305799878,-0.0103271459738668,0.0004107304796444,0,0,0
2,6,124.0,0.0009854030940462,0.0130820160099918,0.000240633368205,0.0068201996991985,0.0032783821780861,-0.0030511456645344,-0.0057200289793683,-0.0013332732622106,0,0,0
2,7,125.0,0.0012775958597162,0.0156181743184066,0.0005977734951046,0.0077262048092459,0.0045096622708335,-0.0029060552761342,-0.0080662552257263,-8.319873466671766e-05,0,0,0
2,8,126.0,0.0011709370690022,0.0123159434535738,0.0009392997159269,0.0052612678748144,0.0042055096367502,-0.0009848266427095,-0.0073971357136083,0.002175988219835,0,0,0
2,9,127.0,0.0012538289922475,0.0225478914478159,-0.000934490028012,0.0135207051914705,0.0030703044048073,-0.0083284296214511,-0.0045508528376914,-0.0084730941775433,0,0,0
2,10,128.0,0.0006607294579157,0.010838991574109,-0.0002724078174165,0.0062667581737248,0.0018154042882897,-0.0035973515969875,-0.0028899400664701,-0.0032535886658171,0,0,0
2,11,129.0,0.0011681945858961,0.0155297173267618,0.0002828745874089,0.0081201716768451,0.0039068511199609,-0.0036542102428127,-0.0068421926659858,-0.0016242682901387,0,0,0
2,12,130.0,0.0008562125472305,0.0153023122074724,-0.0006209282749663,0.0091226296208045,0.0020754887089624,-0.005574300955128,-0.0030405184885705,-0.0056311426236265,0,0,0
2,13,131.0,0.0013253925126093,0.0162120196938551,0.0006001528356251,0.0079707379578431,0.0045375265510712,-0.0030146760492646,-0.0079432553578766,-0.0002911184622489,0,0,0
2,14,132.0,0.0018734957287871,0.0092972557959152,0.0033344887881383,-0.0011594995841638,0.0059469815586215,0.0064014654692935,-0.0085389336682733,0.0116758376792237,0,0,0
2,15,133.0,0.0014685357244537,0.0124839007610556,0.0017467670186968,0.0038950492007616,0.0053166212749495,0.0012091199112692,-0.009095825917388,0.00585854553263,0,0,0
2,16,134.0,0.0014804759912281,0.0157061606188318,0.0011691193087231,0.0067830921216086,0.0053620483629078,-0.0013361670635856,-0.0095020888227517,0.0027323768483821,0,0,0
2,17,135.0,0.0011506313995968,0.0130376697405163,0.0007425607034259,0.0060129234451722,0.0041070431082574,-0.0017248634353127,-0.007292400116645,0.0011714852560647,0,0,0
2,18,136.0,0.0022957039215328,0.024164232414834,0.0018696055957041,0.0103933317315937,0.00847020882373,-0.0019058251831281,-0.0152024112091539,0.0047087121990325,0,0,0
2,19,137.0,0.0017080084307845,0.0205285961502292,0.000860205126641,0.009951559827877,0.0059524163960229,-0.0035269676847992,-0.010507128114266,0.0003019584956536,0,0,0
2,20,138.0,0.0008772835162412,0.0195763319801638,-0.0014515980624112,0.0122750800408397,0.0012326753665363,-0.0081919915705921,-0.0009011955041807,-0.0093623184613808,0,0,0
2,21,139.0,0.0006080378640276,0.0119615966295459,-0.0006686218461453,0.0073001764542288,0.0012297977043874,-0.004647898900825,-0.0015586834122455,-0.0049783944418031,0,0,0
2,22,140.0,0.0005966879160179,0.0197085232285149,-0.0023177979479177,0.0129828731585148,-0.0006975054477405,-0.0093552758362202,0.0031412300895335,-0.0116983790092697,0,0,0
2,23,141.0,0.000442143173337,0.015187953474371,-0.0018310717693807,0.0099812254141247,-0.0006509231775508,-0.0071597581253684,0.002612723087436,-0.0088915613215955,0,0,0
2,24,142.0,0.0001094336406809,0.014953525224079,-0.0027417955975369,0.0101741127131849,-0.0028785105358733,-0.0076149983973124,0.0070548572845502,-0.0097575135094489,0,0,0
2,25,143.0,0.0002910034643428,0.0119153658922416,-0.0016016410393365,0.0079144219442229,-0.0009041885170333,-0.0057643810237613,0.002871361541724,-0.0072729966185314,0,0,0
2,26,144.0,0.0006696391540602,0.0146401925816655,-0.0010427378619598,0.009139452270655,0.0010210622396977,-0.0060527041346505,-0.0008992497302442,-0.0068451241493734,0,0,0
2,27,145.0,0.0005264396463579,0.0116128123125176,-0.0008391400192725,0.0072756535026805,0.0008020401203889,-0.004842222598893,-0.0007177086620228,-0.0055017498912244,0,0,0
2,28,146.0,0.0009296737476406,0.0198710174490064,-0.0013573530568528,0.0124511323703232,0.0015651036848778,-0.0082985016043394,-0.0015917119842666,-0.0094698180130036,0,0,0
2,29,147.0,0.0003395385255317,0.0125407266248561,-0.0015846987613959,0.0082548781156491,-0.0007165915512548,-0.0059257682410658,0.0025070538717956,-0.0073371858641341,0,0,0
2,30,148.0,0.0005928055067307,0.0147270281269137,-0.0012936916270195,0.0093966769363496,0.0004783983200156,-0.0064520452770372,0.0002617368135298,-0.0076414057884759,0,0,0
2,31,149.0,0.0006103984059782,0.0192206281232071,-0.0021778202565867,0.0126039207698288,-0.0005011312154174,-0.009026522593345,0.0027138558921789,-0.011224426779462,0,0,0
2,32,150.0,0.0004807876327374,0.0173808939310141,-0.0021826682577593,0.0115460468854197,-0.0009436001251026,-0.0084322235508139,0.0034910099817198,-0.010724524612164,0,0,0
2,33,151.0,0.000505809179095,0.0148538384900275,-0.0015815311521069,0.0096708658585486,-0.000155689802634,-0.0068514025057362,0.0016145592614793,-0.0084155017804928,0,0,0
2,34,152.0,0.0005811830455609,0.0097543597094196,-0.0002798856691419,0.0054884433639448,0.0014481943642788,-0.0029732618364627,-0.0021912729186644,-0.0023917783379721,0,0,0
2,35,153.0,0.0001364252526029,0.0167650848550767,-0.0030333295607532,0.0113558262902922,-0.0031507003356956,-0.0084450011463573,0.0077523732250008,-0.0107385110221824,0,0,0
2,36,154.0,0.0003525539523151,0.0131517261012299,-0.0016790000880758,0.0086915158422575,-0.0007989006741115,-0.0062904192505314,0.0027817889588846,-0.0078952408022092,0,0,0
2,37,155.0,-9.289791717934995e-05,0.0179207318476177,-0.0038806972984563,0.0121784323368936,-0.0048416602050797,-0.0090036012135623,0.010871513099177,-0.0111607651123537,0,0,0
2,38,156.0,0.0004814711548265,0.0123362301176492,-0.0011225114241634,0.0078630811262694,0.0003100632278793,-0.0053791968473882,0.0003646988496119,-0.0063159680987886,0,0,0
2,39,157.0,0.000561050958231,0.0123342276075562,-0.0008878417027058,0.0076993763997,0.0008339194321822,-0.0050978123400522,-0.0007012556937441,-0.0057603950854276,0,0,0
2,40,158.0,0.0005157783485133,0.025444111792996,-0.0037340843314374,0.017059224671107,-0.002683630495078,-0.0125850673873898,0.0077031144820271,-0.0160719382197475,0,0,0
2,41,159.0,0.0008682280842207,0.0162454884343203,-0.0007782507578308,0.0098177387530668,0.0019745563171674,-0.0061357436968457,-0.0027831705185929,-0.0063828317229767,0,0,0
2,42,160.0,0.0005943988754905,0.0116230043062895,-0.0006405405242923,0.0071182773168836,0.0012331865998572,-0.0045640039939149,-0.001594605695435,-0.0049470302015742,0,0,0
2,43,161.0,0.0011039033358573,0.0210220645880769,-0.0010718460838221,0.0128442087157885,0.0024517750862209,-0.008194445470564,-0.0033637836711665,-0.0088068448147004,0,0,0
2,44,162.0,0.0005682855675335,0.0117299885285385,-0.0007434407308599,0.0073169925501879,0.0010596056666568,-0.0048394124191123,-0.0012225542716593,-0.0054662728962102,0,0,0
2,45,163.0,0.0006525219161302,0.0143929652473407,-0.0010407603905053,0.0089949282234529,0.0009732523921986,-0.0059598774765652,-0.0008348808863812,-0.0067241402832264,0,0,0
2,46,164.0,0.0009350341641462,0.0171352952084778,-0.0007619422558442,0.0103111814014663,0.0022197745715525,-0.0063866424349419,-0.0032325794112238,-0.0065372816620704,0,0,0
2,47,165.0,0.0003941595573528,0.0119355386156364,-0.0013020413480426,0.0077627917782957,-0.0001981814398263,-0.0054846549138331,0.0014161716763339,-0.0067023646789715,0,0,0
2,48,166.0,0.0002796540131269,0.0127295746260083,-0.0017878907403495,0.0084214691789655,-0.0011443003111987,-0.0060804439355459,0.0033361188789885,-0.0075622387531563,0,0,0
2,49,167.0,0.0009199957246932,0.0166572644694267,-0.0007061507047149,0.0099495943661759,0.0022066913772321,-0.0060821565511461,-0.0032375022304129,-0.006109695749617,0,0,0
2,50,168.0,0.0007155560118446,0.0104732526418317,-3.188935770648266e-05,0.0057111972187425,0.0021567849088647,-0.0028911791807817,-0.0035758288711518,-0.0020104204465638,0,0,0
2,51,169.0,0.0009239070897395,0.0182423893393891,-0.0010308934287243,0.0111767624795508,0.0018718661924249,-0.0071660410073282,-0.0023743083922283,-0.0077546523790858,0,0,0
2,52,170.0,0.0012407927064273,0.0172162665650257,0.0001375329208091,0.0091655118804208,0.0039095740325703,-0.0043890159662074,-0.0066003574794879,-0.0026357189021448,0,0,0
2,53,171.0,0.0014500241470396,0.0113020592199232,0.0019116926750103,0.0029107378073913,0.0052133224695742,0.0019933306357278,-0.0087770813592026,0.0066784795385748,0,0,0
2,54,172.0,0.0015745036721036,0.0165522287912412,0.0012825889615568,0.0071102216354111,0.0057901530828234,-0.0013090964296083,-0.0103666464587957,0.0031709857146878,0,0,0
2,55,173.0,0.0021813538390696,0.0194055283141044,0.0024670444816848,0.0066463101235522,0.0081549923304064,0.0011340286420466,-0.0143991648708613,0.0083494054598322,0,0,0
2,56,174.0,0.0012687605171739,0.0140279037034179,0.0008802661162057,0.0062837889592017,0.0044811976895611,-0.0015921301908906,-0.0078596252829556,0.0016296589238981,0,0,0
2,57,175.0,0.0021498091790137,0.0141839479050674,0.0033018779343978,0.0019400690898053,0.0076035372183007,0.0050058447741481,-0.0123758675044294,0.0122011864247387,0,0,0
2,58,176.0,0.0031088014663609,0.0169780457880752,0.0053651835904101,-0.0004772272007186,0.0105370258354598,0.0098557840038086,-0.0162093412266176,0.0199114051320558,0,1,0
3,0,177.0,0.0004896909703061,0.0107735471199255,-0.0007767195866111,0.0067461313044076,0.0007391678005732,-0.004487136358041,-0.0006400878509346,-0.0050953176907662,0,0,0
3,1,178.0,0.0002314894481588,0.0118905159133871,-0.0017651074973685,0.0079376883598717,-0.0013032104585933,-0.0058072939886066,0.0036430400671697,-0.0073201062092562,0,0,0
3,2,179.0,0.0006158790248925,0.0223197146554233,-0.00279684057585,0.0147179281472652,-0.0012321645229303,-0.0106110158659405,0.0044564631100004,-0.0132441474628057,0,0,0
3,3,180.0,0.0005932933759282,0.0097564589720138,-0.0002473988586878,0.0055386902873099,0.0015631877118642,-0.0030625443672687,-0.0024346819498296,-0.0025785989659085,0,0,0
3,4,181.0,0.0005667699310806,0.0187946939715046,-0.0022082068451451,0.0122402505411508,-0.0007270566194186,-0.0086634048084302,0.0030965848494105,-0.010593389830574,0,0,0
3,5,182.0,0.0010277832085532,0.0140104290704405,0.0001753522915204,0.0073617075512158,0.0033203601480436,-0.0033675255126602,-0.0057156189698819,-0.0016349694325886,0,0,0
3,6,183.0,0.001255734903529,0.0110373365768421,0.0014167302995949,0.003645788702283,0.004492067619475,0.0007276592830707,-0.0076647770982197,0.0045417641160536,0,0,0
3,7,184.0,0.0008028459679422,0.0106392874103042,0.000194146276197,0.0054895596063294,0.0026003660134589,-0.0024124277983838,-0.0044383380443626,-0.0010387343207998,0,0,0
3,8,185.0,0.0010924841685314,0.0210822461171567,-0.001118288770709,0.0128985257739812,0.0023510712843802,-0.0082481773730649,-0.0031444512786794,-0.008889658796036,0,0,0
3,9,186.0,0.000496526525965,0.0126294145165138,-0.0011435584351979,0.0080761266692005,0.0003330912479039,-0.0055650443310206,0.0003754589462657,-0.0066197029277217,0,0,0
3,10,187.0,0.0004555325653817,0.0112859327217932,-0.0009899204366616,0.0072109284555865,0.0003696400569263,-0.0049648621712465,0.000209670167499,-0.0059062295941097,0,0,0
3,11,188.0,0.0009642816319027,0.0175430442821427,-0.0007597070810245,0.010518118098742,0.0023010293881717,-0.0064787658125097,-0.003359270523145,-0.0065922222009855,0,0,0
3,12,189.0,0.0011277500812976,0.0141970045357686,0.0004263736464857,0.0070664405632044,0.0037491040304479,-0.0027896148923344,-0.0064525542144362,-0.0005782259631737,0,0,0
3,13,190.0,0.000713102859208,0.0131232844570004,-0.0005949209032411,0.0078761640935929,0.0016451415985921,-0.0048665164815584,-0.0023290970351498,-0.0049903628767773,0,0,0
3,14,191.0,0.0010985717858398,0.0163212651354781,-9.756958376368232e-05,0.0090287220767862,0.0033257552935294,-0.0047137692203273,-0.0055543813660162,-0.0035014389398643,0,0,0
3,15,192.0,0.0008202934347245,0.0099990590567985,0.0003816717240857,0.0048778465237682,0.0028087106672624,-0.0017812682419028,-0.0049096487852181,-8.42463575447215e-06,0,0,0
3,16,193.0,0.0009661985195843,0.0185266168010027,-0.0009638569743682,0.0112768956947927,0.0020791305141095,-0.007150122645647,-0.0027780713768926,-0.0076228409495678,0,0,0
3,17,194.0,0.0010956573676282,0.0142232843895156,0.0003331145467756,0.0072698947858225,0.0036551606714248,-0.0030783788276864,-0.0063576362428009,-0.0010155217300484,0,0,0
3,18,195.0,0.0008154203662732,0.0138804202674086,-0.0004340267750736,0.0080328624175617,0.0021162746007912,-0.0046046104757844,-0.0033008820642197,-0.0041149060348248,0,0,0
3,19,196.0,0.0007221095971646,0.0218366421408606,-0.0023885102270784,0.0142532610957641,-0.000377073765416,-0.0101360247625907,0.0026794801803207,-0.0125008845246889,0,0,0
3,20,197.0,0.0007438542871694,0.0120366129562448,-0.0002674589849261,0.0068970837755839,0.0020861544909128,-0.0038702574816064,-0.0033843959761049,-0.0033123513550322,0,0,0
3,21,198.0,0.0007503607994042,0.0174437049145345,-0.0013874177017893,0.0110390297973189,0.0009078999535155,-0.0074776234897355,-0.000413656274725,-0.0087071837917934,0,0,0
3,22,199.0,0.0005844715931967,0.015154185781144,-0.0014062894649066,0.0097252573303489,0.0003275091943065,-0.006736861990697,0.0006037814180174,-0.0080604509000094,0,0,0
3,23,200.0,-7.579861726565567e-05,0.020170467877333,-0.0042918547525723,0.0137350432002167,-0.0052572795712858,-0.0102059823207759,0.0119113152268428,-0.0127858730838601,0,0,0
3,24,201.0,0.0004560994942957,0.0116148468094557,-0.0010432196178105,0.0073291434244767,0.0002958774137001,-0.0049303570976877,0.000316812937558,-0.005662602550125,0,0,0
3,25,202.0,6.139071626536388e-05,0.0138596416322553,-0.0026345346698028,0.009393339102089,-0.0028634981663389,-0.0069765064418942,0.0067975845459042,-0.0088433189758098,0,0,0
3,26,203.0,0.000781238325561,0.017498198723105,-0.0013024034519648,0.0109878800284138,0.0011134635579185,-0.0073430369500997,-0.0008675613473919,-0.0083914264028031,0,0,0
3,27,204.0,0.0003939170513833,0.0169957128036305,-0.0023497561307984,0.0113287631428408,-0.0014494110884123,-0.0082932646947117,0.004444103163275,-0.0105186472294637,0,0,0
3,28,205.0,0.0006949481350164,0.0126164738895031,-0.0005396789078799,0.007531711253381,0.0016573214933375,-0.0045951778830521,-0.0024259275024817,-0.0045917276373131,0,0,0
3,29,206.0,0.0005897121513423,0.0101289017685636,-0.0003366830672017,0.0058817488172843,0.0014878994940359,-0.0034042853332139,-0.0022555238460383,-0.0031189691717463,0,0,0
3,30,207.0,0.0006658385491178,0.0162399496974146,-0.0013901271098315,0.0103127818260621,0.0005946419924098,-0.0070287005735383,0.0001552074175191,-0.0082519112931817,0,0,0
3,31,208.0,0.0002560947950387,0.0119319672277233,-0.0017074748665306,0.0079612190921039,-0.0011606047563707,-0.0058304550801295,0.0034004830388002,-0.007382697857245,0,0,0
3,32,209.0,0.000549148043376,0.019582124626711,-0.0024325820447013,0.0129566582616236,-0.0010096314596344,-0.0093968952453875,0.0037873246796184,-0.0118311838739005,0,0,0
3,33,210.0,0.0002730802713435,0.0177791304292996,-0.0028439566548719,0.0119294387514026,-0.0024259742858945,-0.0087732714285691,0.0063612648421398,-0.011077707996526,0,0,0
3,34,211.0,-0.0002061134216811,0.0134996508857856,-0.0032630825036709,0.0091402228476542,-0.0043793346986676,-0.0066636023604262,0.0092943986016508,-0.0080215001553182,0,0,0
3,35,212.0,0.0005000595970408,0.0171608274682464,-0.0020476107399316,0.0112102744231992,-0.0006531324797987,-0.0079492226770522,0.0026387085370585,-0.0097081854374796,0,0,0
3,36,213.0,-0.0006021508534291,0.0110020334183514,-0.0037400631291845,0.0072621822868197,-0.0059387309946852,-0.0048924932763586,0.0111474469035465,-0.0049072739537035,0,0,0
3,37,214.0,-0.0013788167875264,0.0088411243855095,-0.0052002354049941,0.0055304923510828,-0.0094377499437331,-0.0030270722133422,0.01583711091957,-0.0012559588439722,0,0,0
3,38,215.0,-0.0015525715396583,0.0128870420721912,-0.0065854986181308,0.0084019594182792,-0.0119807228163048,-0.0051804985907521,0.0214229985216031,-0.0036225481228756,0,0,0
3,39,216.0,-0.0016967056136626,0.0106961138982225,-0.0064979875908378,0.006832682526615,-0.0122438540430246,-0.0038558990272057,0.0213735430433751,-0.0015832163883426,0,0,0
3,40,217.0,-0.001440182256973,0.0167605713782049,-0.0071293260007537,0.011180325900151,-0.0124636840271341,-0.007464659988441,0.0232612086023923,-0.0068907775814641,0,0,0
3,41,218.0,-0.0019355564351803,0.0085111036027231,-0.0063283682196632,0.0050129987127922,-0.011464449458821,-0.0022313962440854,0.0179769327370743,0.0003117827501111,0,0,0
3,42,219.0,-0.0036021458936035,0.0152796175062593,-0.0120852216186081,0.0091376991637916,-0.0232419880988399,-0.0038885764252104,0.0381933497833487,0.0021644664448076,0,0,0
3,43,220.0,-0.0019680295871743,0.0135187023268077,-0.0076330676422279,0.0085960918361274,-0.0137979546783029,-0.0049616857914001,0.0235364584824824,-0.0028095056556341,0,0,0
3,44,221.0,-0.0052137536460832,0.0082226125548839,-0.0135784423968034,0.0028075806457796,-0.0248724065464674,0.0025655215197405,0.0322677745758048,0.0113874740046209,2,0,3
3,45,222.0,-0.0086372077928777,0.0094275572290083,-0.02130103713553,0.0014720304120163,-0.0384662827527066,0.0067937167628869,0.0460793523215858,0.0214404415027415,2,0,3
3,46,223.0,-0.0037927728297198,0.0040625228787143,-0.0092311516937668,0.0005836681175041,-0.0163775960996197,0.0029349951829962,0.0191540655572308,0.0089414116942985,2,0,0
3,47,224.0,-0.007686187501824,0.0063788747729136,-0.0180157064163769,-0.0002259239115192,-0.0312236225828743,0.0069091173760267,0.0340231679355099,0.0183874957255974,2,0,3
3,48,225.0,-0.0065164452030398,0.0040675686203405,-0.0143076019714135,-0.0011584396704563,-0.0230944774637019,0.005982681824449,0.0220823482847333,0.013445919958626,2,0,3
3,49,226.0,-0.0071128879611758,0.0040607127836496,-0.0155255626317065,-0.0015854867965013,-0.0248939269460757,0.006819825197498,0.0228818929987779,0.0147787390110585,2,0,3
3,50,227.0,-0.01255955402779,0.0039624148053806,-0.0253057388565711,-0.0052008858118962,-0.036399967341396,0.0126459930915638,0.024150235970655,0.0213631898860168,2,0,3
3,51,228.0,-0.0116766949978714,0.0044019469100518,-0.0241073959505006,-0.0042993910053433,-0.0361133891327148,0.0117774101070051,0.027324605365163,0.0218202960007823,2,0,3
3,52,229.0,-0.0132289056993464,0.0029125445812149,-0.025527533901551,-0.0063430256583708,-0.0342780346254795,0.013121964869479,0.0177600394258478,0.0193032660642675,2,0,3
3,53,230.0,-0.0182942863496933,0.0012630958177877,-0.0316388549827741,-0.0102245749892166,-0.0350087777369016,0.0159926600418892,0.0056707922090138,0.015875223446204,2,3,3
3,54,231.0,-0.0090668955112316,0.0014821259201856,-0.0161041471516262,-0.0043315641106783,-0.019231694178212,0.0075344114675832,0.0084118203609692,0.0096030634575328,2,0,3
3,55,232.0,-0.0108265420568194,0.0002794248517129,-0.0169227855356239,-0.0058034979081029,-0.0152126707622118,0.0071217299262727,0.0011507094245814,0.0055464925152236,2,0,3
3,56,233.0,-0.0204837780388758,0.0002275126364663,-0.0339944024938038,-0.0122108743077313,-0.0330591471105439,0.0167664611361341,-0.0036151682852601,0.0114515022666309,2,3,3
3,57,234.0,-0.0243580414470977,0.0024418011900506,-0.0440247975673709,-0.0136012180822987,-0.0520047068957267,0.0230169152786863,0.0127516106245095,0.0257148484363187,2,3,3
3,58,235.0,-0.0280571376501191,-0.0023290620186273,-0.0412974093943807,-0.0174711714716838,-0.027308194243354,0.0177642281528312,-0.0255070123830678,-0.0012033685981286,2,3,3
4,0,236.0,0.0008059328640836,0.0149549736866756,-0.0006978352473395,0.0090512228566649,0.0018735693487088,-0.005671197341517,-0.0026748322531919,-0.0059218817929645,0,0,0
4,1,237.0,0.0005812561880933,0.0103164618300077,-0.0004026513668095,0.0060769928127751,0.0014044941380442,-0.0036236468599813,-0.002066301865949,-0.0035095313190555,0,0,0
4,2,238.0,0.0004797923042785,0.0155107623067981,-0.0017667442133863,0.0099846240827094,-0.0004568389400749,-0.0069184225193807,0.0021160594343054,-0.0082034236013128,0,0,0
4,3,239.0,0.0009716211817899,0.0139937321843522,1.242062870084311e-05,0.0075785523093796,0.00302778944052,-0.0037406475558647,-0.0051528992914819,-0.0023484829956414,0,0,0
4,4,240.0,0.0011021748840383,0.0123204791636051,0.000731540361515,0.0055917540616211,0.0038625108856423,-0.0015442225846463,-0.0067628194528185,0.0011155484246861,0,0,0
4,5,241.0,0.0011838042057381,0.0104164326422733,0.0013345056064942,0.0034658584344442,0.0042553452420796,0.0006481314692822,-0.0072916021199353,0.0042263246543151,0,0,0
4,6,242.0,0.0022293785299455,0.0130904955134268,0.0036846487243462,0.0004876065885074,0.0076036841224185,0.006379223490614,-0.0118398860410705,0.0135484557297581,0,0,0
4,7,243.0,0.001265960186605,0.0132962702527901,0.0010189412522673,0.005647315814316,0.0045297727811096,-0.0010121884388637,-0.0079540390610661,0.0024391652145735,0,0,0
4,8,244.0,0.0017552322107389,0.0214261918357003,0.0008168047135238,0.0105306814432697,0.0060933220538053,-0.0039197923538418,-0.0107598225986656,-0.0001281517633851,0,0,0
4,9,245.0,0.0016385561280303,0.0111773246450553,0.0024571625063249,0.0018049835935998,0.0058394262749314,0.0035767074727825,-0.0095891503801908,0.009136806325045,0,0,0
4,10,246.0,0.0014407959467637,0.0118296334131714,0.0017976501224224,0.0034550877873787,0.0052560945544403,0.0015220432774049,-0.009011006017363,0.006228381673534,0,0,0
4,11,247.0,0.0015497744348892,0.0112543727935002,0.0022019497991436,0.0023762904001282,0.0056039117477584,0.0027836827865076,-0.0094060518515367,0.0079887371928934,0,0,0
4,12,248.0,0.0017810962668387,0.015355208889941,0.0020721220174043,0.0049937548637383,0.0064951597496137,0.0011477193397874,-0.0112733147470774,0.0066817115620604,0,0,0
4,13,249.0,0.003660094780473,0.0102118883208858,0.0074467668741283,-0.0091633396307924,0.0091251655028164,0.0159570447709823,-0.0095667249219467,0.0209602462973071,0,1,1
4,14,250.0,0.0030429355650596,0.0089302525674644,0.0062366193041171,-0.0073896874683796,0.0080262889536905,0.0136864664152464,-0.0089120364811052,0.0190053565168923,0,1,1
4,15,251.0,0.0033204641599374,0.0107827799111726,0.0066499738133825,-0.0070888347499279,0.0090057885640551,0.0142486715929902,-0.0105645326711863,0.0204935089322276,0,1,1
4,16,252.0,0.0052981653928792,0.0113916565757778,0.0111187053836409,-0.0162052937492632,0.0118204393674118,0.0242519574297025,-0.0098654900236823,0.0281654461790162,1,1,1
4,17,253.0,0.0028709091037974,0.007985376340693,0.0058890661525314,-0.0072773264051962,0.007293436442756,0.0128059132965294,-0.0077617779942838,0.0171219430701525,0,1,1
4,18,254.0,0.0044356031217846,0.0061946350959761,0.0091551207251865,-0.0155202191560423,0.0073422866522868,0.0183929785274013,-0.0029067738595292,0.0156446863101672,1,1,1
4,19,255.0,0.0039462996667845,0.009684106149876,0.008225434215966,-0.0111324199402998,0.0095010913223455,0.0180853856838912,-0.0091433378776504,0.0228228165035983,0,1,1
4,20,256.0,0.0035800629239454,0.0092579094271284,0.0074513458510456,-0.0097548126841285,0.0089105700411054,0.0164705092445129,-0.0090011120027258,0.0214851702358727,0,1,1
4,21,257.0,0.0019445045105325,0.0051782230499733,0.0039166466433612,-0.0049548033614925,0.0046068752383774,0.0081916981949868,-0.0046521685669238,0.0103708852708256,0,1,1
4,22,258.0,0.0042274921919907,0.0039848753850624,0.0083795429659246,-0.0152866512580246,0.0052680043843637,0.0152017337189212,-0.0002342824267799,0.0099449011708133,1,1,1
4,23,259.0,0.0035424948412962,0.0059966738628862,0.0074667755496896,-0.0119960502554317,0.0069237279234324,0.015990050437843,-0.0042817896610656,0.0163200255718931,1,1,1
4,24,260.0,0.0050294237081757,0.008033830507487,0.0106030429676324,-0.0173826189527964,0.0094578687510684,0.022521541947979,-0.0051440418542014,0.0218770851987412,1,1,1
4,25,261.0,0.0066597761107673,0.0021715192608409,0.0129492215236811,-0.0264464728493527,0.0046456395454216,0.0205742167250644,0.0073597542137634,0.0023348579853825,1,1,1
4,26,262.0,0.0053831333896214,0.0041051275031775,0.010976765003887,-0.0208661867089467,0.0064190290923938,0.0206686238299415,0.0017849737295471,0.0116296877582718,1,1,1
4,27,263.0,0.0055059899104481,0.0008010187050519,0.0101356097605573,-0.0211503926484263,0.0026619681537939,0.0142193939232222,0.0065022129631769,-0.000829305275685,1,1,1
4,28,264.0,0.0037581113247657,0.0004439520671818,0.0066299415991555,-0.0137733477125495,0.0015962910563306,0.0085707986306515,0.0036885226560346,-0.0002547650780124,1,1,1
4,29,265.0,0.0088012684692495,-0.003570203387373,0.0139534515777627,-0.0319081856862094,-0.002660534025956,0.0075104526849332,0.0151715622579421,-0.0227679963510001,1,1,1
4,30,266.0,0.0089331416427915,-0.0058608097373101,0.0123234552000407,-0.0293476339749753,-0.0056772927149407,-0.001106143252624,0.0138587369892057,-0.0268458325634224,1,1,1
4,31,267.0,0.0084693168516726,-0.0026346092542945,0.0138759853482084,-0.0311910342953144,-0.0011723929341351,0.0106199793281686,0.014042824207673,-0.0176383373710919,1,1,1
4,32,268.0,0.0099508262007271,-0.0097369822166631,0.0106274515569378,-0.0271140895519227,-0.0108369005315763,-0.0160151243327744,0.0101001440789848,-0.0302586173670707,1,1,1
4,33,269.0,0.0078080297078089,-0.0089525327967192,0.0061474407086992,-0.0162548898821442,-0.0076748697174484,-0.013029883493605,0.0039426475593182,-0.0138215142619378,1,2,2
4,34,270.0,0.0075232432852704,-0.0091773496223899,0.00573571066628,-0.015785493906984,-0.0099297014932224,-0.0198355190169374,0.0014638315613843,-0.013744154055499,1,2,2
4,35,271.0,0.0088901864972578,-0.0117923420980334,0.0053816956081487,-0.0155773563216926,-0.0115928592295524,-0.0245659744166472,-0.0002966019540683,-0.0125184919853311,1,2,2
4,36,272.0,0.0107693195899667,-0.014603628464158,0.0064337716525743,-0.0190283208043346,-0.0158239376041421,-0.034973776229614,-0.0023214549084224,-0.0147148334653974,1,2,2
4,37,273.0,0.0095191908332327,-0.014709619745709,0.0027685852351344,-0.0102380717595895,-0.013827296478291,-0.0348095216826716,-0.0105862186504792,0.0083251566508628,2,2,2
4,38,274.0,0.0091208068170352,-0.0147241472559354,0.0013835760127482,-0.0067416817299666,-0.0121069423867714,-0.031964210556935,-0.0128285345746385,0.01758896631383,2,2,2
4,39,275.0,0.0084477205581291,-0.0124144619028549,0.0014833594735921,-0.0052974539040663,-0.0041050875443896,-0.0086248997896134,-0.0017640065536442,0.0031005865318405,2,2,2
4,40,276.0,0.0119135725086726,-0.0208080639505797,-0.0012055298507675,-0.0015867261180974,-0.0130470723398016,-0.0378726960138069,-0.021962399806359,0.0439055066779333,2,2,2
4,41,277.0,0.0091719247034802,-0.0164834866609022,-0.0026737662360491,0.003679215629239,-0.0031738895799892,-0.0095048684911117,-0.0049504866008325,0.0091609176578212,2,2,2
4,42,278.0,0.0102921107686914,-0.0182201979987588,-0.0016658936497048,0.0002634004483772,-0.0096352843371966,-0.0283641826409426,-0.0169298215080982,0.0347116874048851,2,2,2
4,43,279.0,0.0122529555155813,-0.0226052065916035,-0.0038041445275668,0.0047317717932035,-0.0095063362194288,-0.0306122837456922,-0.023367105455783,0.0562366200763139,2,2,2
4,44,280.0,0.0121399156716401,-0.0236174723187699,-0.006943366563968,0.0130271163568771,-0.0007674764887326,-0.0068901286075687,-0.0104081640254527,0.0295699259374844,2,2,2
4,45,281.0,0.009795463458301,-0.0197870906846793,-0.0075639790573686,0.0157099892715681,0.00519073531174,0.0106401891921472,0.0019108257407315,-0.0012294401383066,2,2,2
4,46,282.0,0.011730408166569,-0.0230262470921284,-0.0072680462639728,0.0140728186059731,0.0009322710819783,-0.0019963040832707,-0.0071631713599664,0.0217854517498707,2,2,2
4,47,283.0,0.0134048393071047,-0.0251730761838143,-0.0063394010932156,0.0115621404131212,0.0007817321770028,0.0003243663114022,2.428628959273214e-05,-0.0015285820813981,2,2,2
4,48,284.0,0.0100782869315255,-0.0188289262422636,-0.0044242626514137,0.0077323148406657,-0.0008679577353275,-0.0040714175851133,-0.0030727307847997,0.0061660308324406,2,2,2
4,49,285.0,0.0097976429523567,-0.0198034860093117,-0.0076281943636078,0.0158982876288631,0.0055292449127855,0.0116760169126189,0.0027481307803661,-0.0034441869097658,2,2,2
4,50,286.0,0.0092382621572881,-0.0187972315909913,-0.0075080834670401,0.0158136052816834,0.0060270862708933,0.013182984417218,0.0037274981131034,-0.0055955076353685,2,2,2
4,51,287.0,0.0119639157356829,-0.0225160289043193,-0.0055909210634772,0.010016481733276,-0.0004787585310786,-0.0035439008448803,-0.0032731535481386,0.0068369967393551,2,2,2
4,52,288.0,0.009245021448476,-0.0188345732439274,-0.0075684372827672,0.0159651209187003,0.0061488461705407,0.0134904046949054,0.0038576125497913,-0.0058343223081838,2,2,2
4,53,289.0,0.0092634147972272,-0.0189358058884926,-0.007728917817727,0.0163658643547614,0.0064575586425277,0.0142583995748277,0.0041617454706711,-0.0063675359003931,2,2,2
4,54,290.0,0.0092650821813546,-0.018944994269286,-0.0077435718135524,0.0164025141221927,0.0064861064402287,0.0143296681559296,0.0041903806273692,-0.0064182364049691,2,2,2
4,55,291.0,0.0092666438604678,-0.0189535749507929,-0.0077570521162393,0.0164360894659456,0.0065114073292952,0.0143920904365997,0.0042141138559195,-0.0064585583085816,2,2,2
4,56,292.0,0.0092498161201063,-0.0189209575231437,-0.007747351491791,0.0164175698372814,0.0065100272502975,0.0143933036929399,0.0042197734428561,-0.0064733639041387,2,2,2
4,57,293.0,0.0089153452644087,-0.0182698723126213,-0.0075491423752114,0.0160364803515933,0.006477180959986,0.0144086833650145,0.0043379702985305,-0.0067887477802549,2,2,2
4,58,294.0,0.0095609442723211,-0.0194123973598799,-0.0076407917935824,0.0160121946032844,0.0057863456888301,0.0123628847049177,0.0030572676931483,-0.0040123074590228,2,2,2
5,0,295.0,0.0003540733179007,0.0145844760257394,-0.0019602893681035,0.0096556755313255,-0.0011054479319148,-0.0069935010616717,0.0034692955650167,-0.0087597619664254,0,0,0
5,1,296.0,0.0006659662410966,0.0120993626468929,-0.0005191445290705,0.0071370505502667,0.0015244110796859,-0.0042706790893659,-0.002159579522889,-0.0041669505523182,0,0,0
5,2,297.0,0.0003196270075329,0.0155758353347253,-0.0022652388324401,0.0103930270818672,-0.0015894983020842,-0.007606456271015,0.0045473335825789,-0.0096149560258176,0,0,0
5,3,298.0,0.0002285872823299,0.0146871801941622,-0.0023475786361628,0.0098840356604453,-0.0020044278328348,-0.0073079815461457,0.0053059903565392,-0.0092986853189262,0,0,0
5,4,299.0,0.0004733938781258,0.015717939139001,-0.0018569205571651,0.0103536184547888,-0.0005841354961153,-0.0074652658382256,0.0025776893754182,-0.009354030474704,0,0,0
5,5,300.0,0.0009148687082191,0.0207298123242435,-0.0015651128155988,0.0129666276974912,0.0012563044122941,-0.0085986858535335,-0.0009540468694473,-0.0097035246575367,0,0,0
5,6,301.0,-4.9666855606575514e-05,0.0120768348176951,-0.0025543576272167,0.0081104966645147,-0.0030837997292033,-0.0058784187002543,0.006800370051835,-0.0070964253212832,0,0,0
5,7,302.0,-0.0009146633018154,0.011406274430512,-0.0046615980830505,0.0075694991693845,-0.0080004924102181,-0.0050318474907183,0.0148522988671196,-0.0046757516683055,0,0,0
5,8,303.0,-0.0036221255358425,0.0155781855970003,-0.0122203923269463,0.0093418996610273,-0.0235430502988733,-0.0040135932117777,0.0388211361525898,0.0021241644284629,0,0,0
5,9,304.0,-0.0019791552231917,0.0104265654421865,-0.0071342263505621,0.0064971883728234,-0.0136619695015131,-0.0033057700254946,0.0233215255844736,-0.0002083015710117,0,0,0
5,10,305.0,-0.0023610467089308,0.0102200015656706,-0.0079639513730283,0.006136217329635,-0.0152932274498996,-0.0026698494826652,0.0252128221994794,0.0012528850157845,0,0,0
5,11,306.0,-0.005174062816414,0.0135452976414922,-0.0152209954941437,0.0069012306048307,-0.0292250110210587,-0.0005714746152032,0.0437808782361072,0.0090347844567425,2,0,3
5,12,307.0,-0.0042568676880197,0.0083017260364474,-0.0115005353832123,0.0035161748681247,-0.021189949466152,0.0010431188058114,0.0289608541415193,0.0080168370597594,2,0,3
5,13,308.0,-0.0103761495366907,0.0054788250453058,-0.0223223966383053,-0.0026676378998478,-0.0350468056531832,0.0100338682943551,0.0304815955848291,0.0206996440720248,2,0,3
5,14,309.0,-0.0072399212433884,0.0039171294479939,-0.0157646336863239,-0.0018094231783916,-0.02519489733692,0.0071466071254888,0.0225575510343002,0.0151953983443897,2,0,3
5,15,310.0,-0.0166969053607308,0.0045516525398077,-0.033147421129109,-0.0074553218057393,-0.0465397617638987,0.0169104145588343,0.0281091100672857,0.0271113212742113,2,3,3
5,16,311.0,-0.0078620394898872,0.0023821138466329,-0.0154692678560092,-0.0032246719981088,-0.0215885412273641,0.0074852818352103,0.0139585285455552,0.0122344395902763,2,0,3
5,17,312.0,-0.0145938465985563,0.0018730726578353,-0.0266634074465751,-0.00781561178233,-0.0325068318253245,0.0138037329886678,0.0107203912861659,0.0168202661225933,2,3,3
5,18,313.0,-0.0151081066467443,0.0004492170973356,-0.0251287576219367,-0.0086635378146245,-0.0256697436786306,0.0123866812977056,0.0011022277393611,0.0107035469096033,2,3,3
5,19,314.0,-0.0209763774670182,-0.00219278419898,-0.0260760663060029,-0.0111140126100299,-0.0132864354184677,0.0085849586156187,-0.0090849290553672,0.0015006956107058,2,3,3
5,20,315.0,-0.0270745366089001,-0.0005333562101776,-0.0432205118367097,-0.0163168864343709,-0.0385097127931858,0.0206780878442936,-0.0103034372791407,0.0108217478064788,2,3,3
5,21,316.0,-0.018356065621969,-0.0019958136943232,-0.0230284594960542,-0.0099700138956077,-0.0109941978995971,0.0075403824559288,-0.0108838377661189,-0.0010748119825624,2,3,3
5,22,317.0,-0.0152747808395047,-0.0020155962241472,-0.0180794429430312,-0.0081628793459492,-0.0073459260198887,0.0057713318257524,-0.0111948179106562,-0.0023854773225833,2,3,3
5,23,318.0,-0.0293230907228731,-0.0045670123523771,-0.036197822438093,-0.0175902762230765,-0.0074430736785071,0.0099531809935575,-0.0361501579786177,-0.0162498457264606,2,3,3
5,24,319.0,-0.0439248088292213,-0.0076390267877017,-0.051192077270202,-0.0258963768381065,-0.0022499861880527,0.0110018362296524,-0.0566136498254817,-0.0302676146298676,2,3,3
5,25,320.0,-0.0407457406110004,-0.0069385240510098,-0.048258901677071,-0.0242300237392027,-0.003699126826537,0.0110171001938578,-0.0529774919171514,-0.0276284039955474,2,3,3
5,26,321.0,-0.0211884898211281,-0.0027858568618718,-0.0268481705257696,-0.012348129192827,-0.0095320674370229,0.0083881081787473,-0.0207816595044693,-0.0068226053042989,2,3,3
5,27,322.0,-0.0369458123956314,-0.0063302157451473,-0.0431017557373247,-0.0216645558278023,-0.0024203374354415,0.0092224168880097,-0.0449112947101227,-0.0232001390231376,2,3,3
5,28,323.0,-0.0115286527140396,-0.0021371558964869,-0.0110707184570248,-0.0056688767220499,0.0012962221935815,0.0011866602442413,-0.008279099996092,-0.0042798229692153,2,3,0
5,29,324.0,-0.016073158169276,-0.0034093211320286,-0.0114865043890017,-0.0062646256128702,0.0047186366178681,-0.0004583993855387,-0.0053014839035046,-0.0024216449302475,2,3,0
5,30,325.0,-0.0456506347629144,-0.0104039974843528,-0.0371415772634505,-0.0219138422906438,0.0357621485208013,-0.0104156815616811,-0.0234609446121684,-0.026394590452408,2,3,4
5,31,326.0,-0.0445318761260339,-0.0117495382803428,-0.022169203942509,-0.015919466827359,0.0563612877370726,-0.0243494195620903,0.015673882564861,-0.0062675633476783,2,3,4
5,32,327.0,-0.0280626587902327,-0.0079262583481662,-0.0059269961321988,-0.0059779301622123,0.0310101589175305,-0.0143295957642863,0.0159244544769737,0.0027811624639383,2,3,4
5,33,328.0,-0.0461923331760217,-0.0124511300903682,-0.0203027807869165,-0.0153719874579874,0.0610668147640387,-0.0272018788609668,0.0228296832308495,-0.0025668927117902,2,3,4
5,34,329.0,-0.0563584265763324,-0.0160801486941923,-0.0131970018490406,-0.0132959952904793,0.0768648926202225,-0.0370775807610926,0.0542089368383079,0.0211290443300525,2,3,4
5,35,330.0,-0.0511313486624817,-0.0147504348496626,-0.0093545739015449,-0.0107193121530015,0.0677718528112367,-0.033036278083843,0.0509162823593669,0.0218471365390752,2,3,4
5,36,331.0,-0.0379936233496365,-0.0120244115002301,0.0162964421017822,0.0049685592052436,0.0096517589518781,-0.0052410546165602,0.008880834541164,0.0042570667717008,2,3,0
5,37,332.0,-0.0506971586325975,-0.0158369399468216,0.0122209877005737,0.0006972371364655,0.045067214751433,-0.024421675054979,0.0581202041760439,0.0425356702017089,2,3,4
5,38,333.0,-0.0202533933927293,-0.0062485708302039,0.0056793129380145,0.000984710659398,0.0118730115417984,-0.0064738520707624,0.0164217446200542,0.0132529426675541,2,3,0
5,39,334.0,-0.051501867959894,-0.017322413318166,0.0363127703276469,0.0136784936674153,0.0095934088207338,-0.0080089402995022,0.0346653744342353,0.0330075645975949,2,3,4
5,40,335.0,-0.0571777284500956,-0.0186789181564538,0.0289696022597552,0.0089279431384156,0.03067638141269,-0.0187009396939109,0.0582252126997228,0.0503195451708374,2,3,4
5,41,336.0,-0.1062565266394369,-0.0379063672058426,0.1197414381825829,0.0530562952908143,-0.0650418369907251,0.0264137992600851,-0.0336050693316326,-0.021210559835338,2,3,0
5,42,337.0,-0.1085966786891067,-0.0387416628630635,0.1223865684515724,0.0542289113703965,-0.0664723488143855,0.0269898849329361,-0.0342562248553779,-0.0215372148799076,2,3,0
5,43,338.0,-0.1085971721964696,-0.0387422726254411,0.1224029838034756,0.0542388223540982,-0.0665228376152188,0.0270174001408038,-0.0343363623266398,-0.0216089352280737,2,3,0
5,44,339.0,-0.1077825148852896,-0.0384539965215539,0.1215819372384813,0.0538920023895728,-0.0663527754458962,0.0269960831061045,-0.0346270477586528,-0.0219505662838738,2,3,0
5,45,340.0,-0.0504798265178786,-0.0178619352739295,0.0541521755174505,0.0237291724692739,-0.0266241442875646,0.0104748390192027,-0.0114546152023415,-0.0063740967169056,2,3,0
5,46,341.0,-0.0315388090168942,-0.0104835178551205,0.0229869873425835,0.0092143733763524,-0.0053187853123504,0.0017490306959327,-0.0018671376669165,-0.0017334900751392,2,3,0
5,47,342.0,-0.0292058656846287,-0.009141267118944,0.0122220266824659,0.0038758087268314,0.0033445145456003,-0.0016665259378521,0.0013611695166026,0.000687257994439,2,3,0
5,48,343.0,-0.1056099850831028,-0.0376460464385991,0.1186441815992309,0.0525618822381691,-0.0647344216763243,0.0263792712225408,-0.0342287131754025,-0.0219069250926239,2,3,0
5,49,344.0,-0.0347365459836766,-0.0115470505046285,0.0243827402661773,0.0095366939446121,-0.0027044711599956,0.0003188771753781,0.0012209283619138,0.0003309607693927,2,3,0
5,50,345.0,-0.106176084647992,-0.0378322708371639,0.1190449916806906,0.0527245477804058,-0.0648927969674011,0.0264491434429976,-0.0343619501025617,-0.0219866906042717,2,3,0
5,51,346.0,-0.0287073006808012,-0.0083326940424587,0.0027937555364846,-0.000749462224329,0.0081837744062028,-0.0029314056287988,-0.0020673195338195,-0.0030067129686752,2,3,0
5,52,347.0,-0.1062177259550534,-0.0378683203695922,0.1194612903762729,0.0529405315896292,-0.0653778000335343,0.0266646192224797,-0.0346717400306668,-0.0221709211020981,2,3,0
5,53,348.0,-0.1096934469577904,-0.0391102059097427,0.1231834417256501,0.0545372860826147,-0.0664039486259756,0.0268961468465091,-0.0337370038083201,-0.0210073457240646,2,3,0
5,54,349.0,-0.106296323287512,-0.0379460396567505,0.1203271229243108,0.0533775260056825,-0.0661207198515199,0.0269582002093624,-0.0348984234684862,-0.0222677275834253,2,3,0
5,55,350.0,-0.1093181835072383,-0.0389843475233681,0.1229232761077398,0.0544398279222561,-0.0664844541835794,0.0269620407269042,-0.0340470850251677,-0.0213299583378758,2,3,0
5,56,351.0,-0.1092840005172027,-0.0389716572199823,0.1228761105544262,0.0544181753890548,-0.0664518282460092,0.0269480558180519,-0.0340253135419864,-0.0213142677633167,2,3,0
5,57,352.0,-0.1085051900697694,-0.0387017278937837,0.1221916478565157,0.054139889395104,-0.066413763588528,0.0269820297049358,-0.0343596495474752,-0.0216524598151201,2,3,0
5,58,353.0,-0.0160388875369871,-0.0055082258662108,0.014814417718049,0.0063491262750729,-0.0069740278732072,0.0028627593996112,-0.0042226200736817,-0.0029426439929546,2,0,0
6,0,354.0,0.001091401505717,0.0138669159150498,0.0004015957819094,0.0070393200497156,0.0037688690602842,-0.0028859674579575,-0.0066946713106398,-0.0006681052452283,0,0,0
6,1,355.0,0.0008770863623858,0.0147192448778687,-0.0004258746961496,0.0085470906941953,0.002350654360146,-0.0049318317376148,-0.003720412543147,-0.004458854833017,0,0,0
6,2,356.0,0.0007815722460838,0.0130578328968008,-0.0003737509428559,0.0075770864140987,0.0020709219848954,-0.0043903000815594,-0.0032156390935229,-0.0040575799111342,0,0,0
6,3,357.0,0.0016442581179613,0.016199417752651,0.0015396678762694,0.006420135438691,0.0060053932849396,-0.0004855491252063,-0.0105853297545706,0.0043318577688348,0,0,0
6,4,358.0,0.0011530841151044,0.0137271766430292,0.0006088211793227,0.0065919602163336,0.0040332262683692,-0.0022511231876956,-0.0071337628160954,0.0004163959108588,0,0,0
6,5,359.0,0.0012605735492789,0.0126614147927746,0.0011292958119694,0.0051148642963395,0.0045543966308105,-0.0005463416683736,-0.0079942879119165,0.0030581717797465,0,0,0
6,6,360.0,0.0015985709293531,0.0117281752231821,0.0022259061416916,0.0025312643642178,0.00563426998775,0.0027193045659508,-0.0092756271441923,0.0077595734292106,0,0,0
6,7,361.0,0.0022196104658773,0.0093283008891643,0.004240210177788,-0.0029450300351796,0.006853036811343,0.0088592761648131,-0.0093521109821254,0.0149431127881127,0,1,1
6,8,362.0,0.0022469567636481,0.008327104585817,0.0044098340637772,-0.0039403045170437,0.0065288660907102,0.009380875040734,-0.0083141865274309,0.014620009273597,0,1,1
6,9,363.0,0.0019369864793649,0.0087859597886322,0.0036042182682689,-0.0019444271715103,0.0061596965701419,0.0072761752307889,-0.0087918446449884,0.0128968123569234,0,1,1
6,10,364.0,0.0025086936352512,0.0125848107441039,0.0044748191498749,-0.0013998728345251,0.0081720230059031,0.0085658150858912,-0.012058552914667,0.0160461046018377,0,1,1
6,11,365.0,0.0039325527077144,0.0086493502901139,0.0082280701678756,-0.0118443747453843,0.0088593285890526,0.0179294489026806,-0.0075954824273191,0.0211176457309003,0,1,1
6,12,366.0,0.003623068019282,0.0097098194713341,0.0074850784518445,-0.0095309076274479,0.0091083412248285,0.0164098129764113,-0.0094660072909987,0.0216990423254557,0,1,1
6,13,367.0,0.0031655781510168,0.005055209080333,0.0065779910634582,-0.0107289595529357,0.0057856471289763,0.0136240059965942,-0.0032020008448798,0.0130338914135603,1,1,1
6,14,368.0,0.0043269698476715,0.0063053031349045,0.0090481633572284,-0.0152129945289785,0.0075728616878593,0.0187403340694899,-0.0033596182829891,0.0168566589916267,1,1,1
6,15,369.0,0.0068396588935073,0.0042454509659056,0.0137658274022753,-0.0268102846834463,0.0070448868147112,0.0247118059401224,0.0042673128880729,0.0103559448590122,1,1,1
6,16,370.0,0.0044921295985713,0.005378254581489,0.009338894339751,-0.0164659771524562,0.0069959018445385,0.0188215324045165,-0.0017144118477139,0.0149684233019519,1,1,1
6,17,371.0,0.0052943330594666,0.0046716112910663,0.0107580038757414,-0.0199553764322559,0.0068670486068043,0.0206156275175579,0.0002680656307182,0.0138086303604338,1,1,1
6,18,372.0,0.0033525079997734,0.0035101520708409,0.006765501309325,-0.0121833234035675,0.0045009776545299,0.0126585575541941,-0.000418470714771,0.0085468493940809,1,1,1
6,19,373.0,0.0071480318538012,0.0025731858937257,0.0139985285484636,-0.0284544133999658,0.0052768477809269,0.0226550875082836,0.0076141019802585,0.0034203580262839,1,1,1
6,20,374.0,0.0056224723328849,-0.0014013658205901,0.0094165757660619,-0.0209805603997435,-0.0004550453735795,0.0077753873108912,0.0091531022990646,-0.0109923629192361,1,1,1
6,21,375.0,0.0067671387524637,-0.0052339595048291,0.0082160277204311,-0.0198657243848188,-0.0050076940414245,-0.0043239710417572,0.0075788562483653,-0.0163612303425332,1,1,1
6,22,376.0,0.0064446930457881,-0.0038078361807598,0.0093166497069426,-0.0219641620173106,-0.0035785586125085,0.0009688115401397,0.0107057748999028,-0.0194398189136309,1,1,1
6,23,377.0,0.0080634353763256,-0.0050398855249644,0.0115082130136768,-0.0273326340457366,-0.0050294113598012,-0.0002270361245884,0.0133188533034987,-0.0253332815924023,1,1,1
6,24,378.0,0.0083985000794902,-0.0073535891545386,0.009814370057798,-0.0243995920793725,-0.007783518883181,-0.0090216850816937,0.0102539933815656,-0.025547860156277,1,1,1
6,25,379.0,0.0082944211509042,-0.0072039119674143,0.0097838310682205,-0.0243081010659077,-0.0077810645751028,-0.0090995303312877,0.0101715824360591,-0.0256217042874785,1,1,1
6,26,380.0,0.0056186946030066,-0.0031145130985878,0.0082409548764228,-0.0192900478755051,-0.0028530212184714,0.0014231908022111,0.0090085276275652,-0.0156398668621417,1,1,1
6,27,381.0,0.0079537675475128,-0.0076036877942809,0.0086937944931419,-0.0220631163442389,-0.008519745916842,-0.0122636110360547,0.0082853261176193,-0.0241879953824428,1,1,1
6,28,382.0,0.0096828629488201,-0.0127832038424152,0.0062585215251352,-0.0181131671566465,-0.0140169508823162,-0.0302533279871694,-0.0009029529863593,-0.0152522909359957,1,2,2
6,29,383.0,0.011527066394672,-0.0167126118843338,0.0051687337962214,-0.0165213952836811,-0.0169657379260325,-0.0400339677378448,-0.0073909183869978,-0.0042071364074098,1,2,2
6,30,384.0,0.0077224273542431,-0.0104913428659642,0.0041684536318417,-0.0123117531966232,-0.0096719198337967,-0.0209441717396354,-0.0011879823791591,-0.0081506036143353,1,2,2
6,31,385.0,0.0060006390502185,-0.0096247341999425,0.0003766026909568,-0.0026561465321007,-0.0042895507037554,-0.0103212061786211,-0.0025565207508154,0.0020482483540662,2,2,2
6,32,386.0,0.0088221081394521,-0.0154657978491801,-0.00191007891312,0.0020072910133289,-0.0034221712530097,-0.0093701546262192,-0.0036692404457523,0.0054617699225879,2,2,2
6,33,387.0,0.0119353844124682,-0.0212202748977151,-0.0036515533332012,0.0056286741979426,-0.0016127719870559,-0.0050643790834463,-0.0026882169582253,0.0054706406911277,2,2,2
6,34,388.0,0.011689169612294,-0.0196489084207873,0.0003952488822973,-0.0054081695084081,-0.0145303628270861,-0.0398809016008706,-0.0185960593196983,0.0300393612700979,2,2,2
6,35,389.0,0.0081778263466403,-0.0135042617649443,-0.0006543604444001,-0.0004855772258879,-0.0024952878083342,-0.0051957143919647,0.0004935507458044,-0.0039454700799354,2,2,2
6,36,390.0,0.0103815985148026,-0.0192917843336472,-0.0043282143477711,0.0073776986294717,-0.0015010790858739,-0.0059077847681598,-0.004339223060674,0.0092323755156198,2,2,2
6,37,391.0,0.0125707344127344,-0.0244093347490586,-0.0070972933340675,0.0132634614869577,-0.0009241370668607,-0.0074151049213375,-0.0108168199687638,0.0306126911326445,2,2,2
6,38,392.0,0.01235001267251,-0.0239784350153596,-0.006959543378667,0.0129916336261677,-0.0009777892380093,-0.0074967269415981,-0.0107893132743031,0.0304804382165051,2,2,2
6,39,393.0,0.0133895834185286,-0.0257890717715142,-0.0076607323556543,0.0148037589023711,0.0024813183003978,0.0036274355862269,-0.0006005578610585,0.002086796003881,2,2,2
6,40,394.0,0.0122066815491766,-0.0236389232131602,-0.0068943919959321,0.0130042861575438,0.0001733699968658,-0.003421624191465,-0.0061248820049365,0.0158656615543199,2,2,2
6,41,395.0,0.0089400791338361,-0.0182555721937822,-0.0074103976556556,0.0156674253466269,0.0061049188071707,0.013417923895934,0.0038271251618599,-0.0057329217760471,2,2,2
6,42,396.0,0.0089395551345655,-0.0182545478042804,-0.0074241140485488,0.0157123358680741,0.0062072616959167,0.0137348351081679,0.0040771180631388,-0.0063650791249863,2,2,2
6,43,397.0,0.0133160997351729,-0.0256775647713625,-0.0077013663566331,0.0149432152596975,0.0027292039018271,0.0043517423306785,-7.850037121925188e-05,0.0007215069055855,2,2,2
6,44,398.0,0.0128156410591589,-0.0248133602167224,-0.0072931966810699,0.0138564514860291,0.001012818961785,-0.0006245636690878,-0.0025401822607932,0.0031354504503897,2,2,2
6,45,399.0,0.0089212668107755,-0.0181535867011962,-0.0072624826853914,0.0153083435803357,0.0059031956410202,0.0129957520911081,0.0038542715992104,-0.0061769170278342,2,2,2
6,46,400.0,0.0143828364644035,-0.0273891051844578,-0.0077169019267542,0.0147508939409801,0.0027830995898953,0.0052018871272706,0.0019655306745728,-0.0054503882225199,2,2,2
6,47,401.0,0.0135071070808181,-0.0256444623166534,-0.0067039082691065,0.0122162712044125,-0.0003891697481259,-0.00414710073205,-0.0047270434853114,0.0107988506180991,2,2,2
6,48,402.0,0.0066205744177224,-0.0126287208228472,-0.0035320945525327,0.0066975296330651,0.0009948854756012,0.0015311484459709,0.0003092362366555,-0.0010020046148171,2,2,2
6,49,403.0,0.0089354862086124,-0.0182325836785923,-0.0073939845622853,0.0156411002291857,0.006184381717275,0.0137120333440549,0.004137982274429,-0.0065558427289209,2,2,2
6,50,404.0,0.008949277739141,-0.0183081066520889,-0.0075099998302196,0.0159278746911766,0.0063835884371074,0.0141854418424956,0.0042798111342984,-0.0067408655510511,2,2,2
6,51,405.0,0.0089199763313536,-0.0181471277719337,-0.0072570758138322,0.0152978064719088,0.005907812631926,0.0130111350033457,0.0038379057417468,-0.0060235751843574,2,2,2
6,52,406.0,0.0131294157601023,-0.0234530431651796,-0.0033177670968602,0.0038805235964594,-0.0059338387526681,-0.0170651688483284,-0.0079520292641406,0.0130409105418143,2,2,2
6,53,407.0,0.011012321943958,-0.0202732906478388,-0.0041401771413701,0.0066729740454048,-0.0025245921848017,-0.0085362458279302,-0.0051291935817036,0.0093335538522563,2,2,2
6,54,408.0,0.0119424463204643,-0.0219026125012103,-0.0048326513565865,0.0084258079672899,-0.0002592504424614,-0.0021904967472685,-0.0021100913540755,0.0049001510784074,2,2,2
6,55,409.0,0.0136513578413014,-0.0258894893037258,-0.0067164503279518,0.0121996280164826,-0.0005131347741555,-0.0045084777237755,-0.0049649709403092,0.0113536932608642,2,2,2
6,56,410.0,0.0109350867952464,-0.0215087669688243,-0.0071117505129563,0.0141549094772666,0.0031121674473567,0.0052688950191598,-8.634467827022597e-05,0.0012095153979492,2,2,2
6,57,411.0,0.0088832939733767,-0.0180926982195253,-0.0072615619374862,0.0153135027719696,0.0058889631661678,0.0129175267882996,0.0037009283988849,-0.005632673576289,2,2,2
6,58,412.0,0.0132249777252018,-0.0251801675199169,-0.0066993081372996,0.0122863205515826,-0.0002333060299567,-0.0037888253155827,-0.0047005965145311,0.0109525452724989,2,2,2
7,0,413.0,0.0011642138504558,0.0158070266351476,0.0002144722990278,0.0083586612940929,0.0038390004215089,-0.0038747921757511,-0.0066874121497305,-0.0019526377835482,0,0,0
7,1,414.0,0.0014543467950892,0.0164971798025142,0.00093782323687,0.0076451830539523,0.0052302077064174,-0.0022327613421391,-0.0093460999523524,0.0014283012736187,0,0,0
7,2,415.0,0.0008754718613737,0.0137632251608952,-0.0002305679439195,0.0077704920618238,0.002515616077908,-0.0042274776019027,-0.0041271830041546,-0.0034007834663659,0,0,0
7,3,416.0,0.0014870644090905,0.0163689960139488,0.0010552131335945,0.0073690332332309,0.0053613107489389,-0.0018813501164877,-0.009536921542062,0.0019679147190205,0,0,0
7,4,417.0,0.0011481842861221,0.01559156064157,0.0002086300962318,0.0082583505877791,0.0037834434079791,-0.0038556901526187,-0.0065912577920224,-0.0020087714741389,0,0,0
7,5,418.0,0.0013198016522139,0.0181168712667541,0.0001917702853668,0.0096171582911961,0.004245645404169,-0.0045521815707751,-0.007281930690367,-0.0025741701562266,0,0,0
7,6,419.0,0.001563813117217,0.0099042891886414,0.0024319100750128,0.0010034448791756,0.0052513384252047,0.0038079324294888,-0.0081449457905087,0.0084536111577479,0,0,0
7,7,420.0,0.0013240257897566,0.0120519542618502,0.0014332236937636,0.0042746293375988,0.0048742426096397,0.0004236750961235,-0.0085377272859553,0.0045670009121835,0,0,0
7,8,421.0,0.0010977230925889,0.0106300481167781,0.0010604606036103,0.0041092686234214,0.0039893099181817,-0.0001712470548724,-0.0069871001619828,0.0030532032774632,0,0,0
7,9,422.0,0.0018157123896612,0.0136753996417381,0.0025003739247992,0.0032270364257827,0.0066300328319443,0.0029294591576917,-0.0112460670777157,0.0091137289677431,0,0,0
7,10,423.0,0.001447665026942,0.0099835684968625,0.002138242172996,0.0017270913042508,0.0051288054073942,0.0029617857787564,-0.0084289473427143,0.00767477397109,0,0,0
7,11,424.0,0.0019416169193709,0.0123298739574835,0.0030385635272825,0.0013326591663224,0.0067111710739228,0.0047298212324699,-0.0107199524783349,0.010877133697807,0,0,0
7,12,425.0,0.0024806617621946,0.0075193444906878,0.0050177332202753,-0.0057510901355833,0.0065033064707075,0.0108031705929825,-0.007271913548485,0.0149484534575281,0,1,1
7,13,426.0,0.0032352308011866,0.0081935978319071,0.0066961676804308,-0.008868371462463,0.0078272747668497,0.014590941038236,-0.007681932647166,0.0185170057900649,0,1,1
7,14,427.0,0.0039520935292106,0.0054939178714063,0.0082892974683876,-0.0141234247176148,0.0068232840818188,0.0172662197560327,-0.002764046014997,0.0154076198595284,1,1,1
7,15,428.0,0.0049338407494484,0.0077339247405177,0.0103273465692354,-0.0169761928033237,0.0090788104900359,0.021641538956231,-0.0049145211215633,0.0208268624917465,1,1,1
7,16,429.0,0.0035240198680831,0.0046116493316089,0.0073957981626589,-0.0128037935930083,0.0058800029179168,0.0153043400865712,-0.0019701652015094,0.0130615470965022,1,1,1
7,17,430.0,0.0032431016959995,0.0051009741548349,0.0068241129188696,-0.011224190587397,0.0060517052726427,0.0144560139886585,-0.0032918003121735,0.0140654294376231,1,1,1
7,18,431.0,0.0045561303868661,0.0078998355937252,0.0094831708610396,-0.0150337174780012,0.0088414080908213,0.0199933188066532,-0.0057705556356341,0.020624418532555,1,1,1
7,19,432.0,0.0050926168063075,0.0012062494061865,0.0091006351608906,-0.018522917314101,0.0026994021067993,0.0122818011528962,0.0040495829935375,0.0015305675611019,1,1,1
7,20,433.0,0.0065222570310087,0.0027850379831628,0.0130979528637127,-0.0264371337703722,0.0055402300094719,0.0225710302841728,0.0067381199180923,0.0053776969326848,1,1,1
7,21,434.0,0.004651137467012,0.0008001050679627,0.0088486499030087,-0.0185244549988366,0.0023982343453383,0.0129261442063547,0.0062255381728093,-0.0012218006732842,1,1,1
7,22,435.0,0.0072690755678669,0.0014830657720689,0.0139959065056249,-0.0291944890537017,0.0041174577428987,0.0212060329720559,0.009756593349028,-0.0010510913954213,1,1,1
7,23,436.0,0.0043131607074164,0.00236137890941,0.0085818177703914,-0.0168872437203081,0.0041058701305319,0.0149754086168485,0.0030259918242974,0.0055914656375696,1,1,1
7,24,437.0,0.0047606358287694,-2.6251374301821735e-05,0.0083163471458874,-0.0176846459451717,0.0014563568936582,0.0102780323328503,0.006002824986391,-0.0029421365862922,1,1,1
7,25,438.0,0.0066440429634442,-0.0027606803554189,0.0104087707463163,-0.0237957301615038,-0.0019642082892392,0.0056117917543316,0.0112028771689068,-0.016697586647817,1,1,1
7,26,439.0,0.0081399370109716,-0.0021576694318852,0.0138175079256832,-0.030960586912865,-0.0007531146692938,0.0117749335419799,0.0144061995051466,-0.0175169422118995,1,1,1
7,27,440.0,0.0088986731843158,-0.0061511736898245,0.0121870930197715,-0.02930036262839,-0.0064541032938112,-0.0029852479133642,0.0141295549253476,-0.0292315908788675,1,1,1
7,28,441.0,0.0078774265670765,-0.0053786433302577,0.0103102224275841,-0.0244775603709778,-0.0044368885336398,-0.0003417211910265,0.0109023973543954,-0.0199179510871342,1,1,1
7,29,442.0,0.0094849755743506,-0.0087439328908075,0.0107521084293449,-0.0270735030080984,-0.0097479302325512,-0.0130002324615574,0.0109611389877839,-0.0301109188264244,1,1,1
7,30,443.0,0.0082339702953023,-0.0040543728776331,0.0124600288969014,-0.0288460398987199,-0.003326167503847,0.004502524881985,0.0135269178857301,-0.0216225334255427,1,1,1
7,31,444.0,0.006861792006812,-0.0065703385473881,0.0072137264344782,-0.0182190051016069,-0.0068276154423564,-0.0098370240161532,0.0060355834080487,-0.0171965186715075,1,1,1
7,32,445.0,0.0073732562396542,-0.0061799126137745,0.0089656737399008,-0.0221470459817088,-0.0066865520717238,-0.0071418069705027,0.0096922106644126,-0.0235902113819959,1,1,1
7,33,446.0,0.0111027268222611,-0.0118752116367223,0.0106808078787046,-0.0279298632534896,-0.0132702403073194,-0.0224562520653524,0.0084641661253365,-0.0309411031676527,1,2,2
7,34,447.0,0.0072906827305084,-0.0079585427808377,0.0050035675600509,-0.0125991209849551,-0.0038432686273702,-0.0049363733781218,0.0023821464873542,-0.0042664594727765,1,2,2
7,35,448.0,0.009045501027116,-0.0126799623743553,0.0037777636686986,-0.0115217402097319,-0.0089437330294046,-0.0190416335478109,-0.0012078151962033,-0.0051812690218854,1,2,2
7,36,449.0,0.0108680111071252,-0.0146649139957336,0.0065498224151016,-0.0192828487613571,-0.0157294749212406,-0.0345292926391947,-0.0019555377305326,-0.0152077670921717,1,2,2
7,37,450.0,0.011105563989712,-0.0176117045905861,0.0023866170771351,-0.0099404582772283,-0.0154722640865862,-0.0398712349711637,-0.0138674203327581,0.0149354726497654,2,2,2
7,38,451.0,0.0106860338401702,-0.0181663116244301,1.8275998151968197e-05,-0.0041637709860155,-0.0133084896115596,-0.0371766402556129,-0.0187193573125681,0.0328283543144414,2,2,2
7,39,452.0,0.0114855047156264,-0.0173727608180205,0.0040626428295776,-0.0140834660710676,-0.0173373411437024,-0.0429129622556641,-0.0116820339752508,0.0060706983696012,1,2,2
7,40,453.0,0.0112096008629173,-0.0193919358255492,-0.0007592530102128,-0.0023969924596524,-0.0125683821297817,-0.0358627899456833,-0.0195610663783161,0.0373279166180048,2,2,2
7,41,454.0,0.0112808913824398,-0.020704169451035,-0.0035057581126071,0.0045605106723062,-0.0070562584895839,-0.0222940704600714,-0.015261117039447,0.0337004251400362,2,2,2
7,42,455.0,0.0116623167467723,-0.0217918536927014,-0.0044246147379564,0.0066640135773617,-0.0065537401450094,-0.0222640066344517,-0.0185108958689064,0.0464781398906059,2,2,2
7,43,456.0,0.0094087958433607,-0.0175754458222747,-0.0040336310158832,0.0069115509872451,-0.0014119423145447,-0.0055534219013913,-0.0037176688914848,0.0063108797402106,2,2,2
7,44,457.0,0.0097268651612903,-0.0176500015397155,-0.002953235183898,0.0040486507118171,-0.0038502379198254,-0.0114613304633653,-0.00513230318529,0.0060383418004341,2,2,2
7,45,458.0,0.0089115873859471,-0.0180981976340726,-0.0071579382899045,0.0150362299140492,0.0056317702776891,0.0122738954995444,0.0035122865285116,-0.0056002000387431,2,2,2
7,46,459.0,0.0076913040363227,-0.0150026290485251,-0.0046420736901792,0.0089959317752788,0.0011876137038469,0.0010868517252758,-0.0009782082372831,0.001157561635027,2,2,2
7,47,460.0,0.0133174126426054,-0.0256848466464147,-0.0077133790665322,0.0149735423753977,0.0027546586236011,0.0044169428770165,-4.932574139920291e-05,0.0006667038639444,2,2,2
7,48,461.0,0.0089428331454685,-0.0182728022847812,-0.0074549089187899,0.0157905912318726,0.006276781971955,0.0139167542476828,0.0041674515973884,-0.0065500310968439,2,2,2
7,49,462.0,0.0089532811975175,-0.018329760078412,-0.0075411134669285,0.0160032973915259,0.0064271671196315,0.0142808322146426,0.0042949043503437,-0.0067457031514617,2,2,2
7,50,463.0,0.010669756792025,-0.0216043514787198,-0.0084091273519895,0.0175838353051592,0.0063311002466859,0.0135897815682133,0.003588127591767,-0.0052898174593782,2,2,2
7,51,464.0,0.008936966408132,-0.0182392705408358,-0.0073917846120087,0.0156262456419087,0.0061099706333739,0.0134671654108888,0.0039245760424262,-0.0060223964356049,2,2,2
7,52,465.0,0.0134402875521923,-0.0256230114730821,-0.0068768977640307,0.0126560394364452,-0.0001245868112286,-0.0035883391956923,-0.0047065068212833,0.0110568902130528,2,2,2
7,53,466.0,0.0134404609351829,-0.025623977992182,-0.0068785287747921,0.0126601789748115,-0.0001210071662181,-0.0035791180527279,-0.0047023995567077,0.0110495324782337,2,2,2
7,54,467.0,0.0089403978876553,-0.0182583890441423,-0.0074239676895187,0.0157078773658187,0.0061802797730611,0.0136480790838223,0.0040048608050001,-0.0061660425944668,2,2,2
7,55,468.0,0.0089574855414787,-0.0183530732871042,-0.0075794659194706,0.016100001462972,0.0065068295146995,0.0144826327332259,0.0043767312159184,-0.0068733185140902,2,2,2
7,56,469.0,0.008942358825181,-0.0183320300980516,-0.007590243227428,0.0161332659172391,0.0065486002385202,0.0145938533236994,0.0044307214230578,-0.0069792488615629,2,2,2
7,57,470.0,0.008918741956414,-0.0182889793879899,-0.0075828964515624,0.0161232111988303,0.0065596631080565,0.0146281934487665,0.0044519127088658,-0.0070237202461582,2,2,2
7,58,471.0,0.0086696740344771,-0.0177773447803214,-0.0073690673046228,0.0156676719243996,0.0063719469683043,0.0142080476009044,0.0043222886177925,-0.0068174954356303,2,2,2
8,0,472.0,0.0007164175457026,0.011835281264002,-0.000312242327965,0.0067535218972973,0.0018793047604598,-0.0037828741572651,-0.0029081743100137,-0.0032864881618043,0,0,0
8,1,473.0,0.0013644989878602,0.0166710439070862,0.0006292877419608,0.0081473556076388,0.0046825910974742,-0.0029851128367665,-0.008213397375971,-9.642304106788891e-06,0,0,0
8,2,474.0,0.0026517051295266,0.0189671625545071,0.0038057412224228,0.0037506123455103,0.0094536391722599,0.0050063649659591,-0.0156436724879943,0.0137550635539814,0,0,0
8,3,475.0,0.0011574738320847,0.0187129744511998,-0.0004243574565151,0.010679651726539,0.0031504342900439,-0.0059940211748363,-0.0049575875372755,-0.0052498126923351,0,0,0
8,4,476.0,0.0015988923799916,0.0162687709102388,0.0013970139087384,0.0066963385977074,0.0058130753430176,-0.0008721171053508,-0.0102684701780818,0.0037057935949969,0,0,0
8,5,477.0,0.001075102475279,0.0123727313150282,0.0006552706491681,0.0058064893568878,0.0038352787491209,-0.0018019958813895,-0.0068272077065548,0.0008106831023144,0,0,0
8,6,478.0,0.0010108032527745,0.0152221977755074,-0.0001284822730425,0.0085261107323322,0.0030837267890207,-0.004555564713093,-0.0051967458513721,-0.0035201216147781,0,0,0
8,7,479.0,0.0010204241358389,0.0161033584578365,-0.0002883291919462,0.0091855071759844,0.0029348036246326,-0.0051278142028214,-0.0047840996935476,-0.0043976966363983,0,0,0
8,8,480.0,0.0008362892414826,0.0139638176282328,-0.0003938364735299,0.0081568615039321,0.0022843412395365,-0.0047670629969081,-0.0036430177883075,-0.0044211921818826,0,0,0
8,9,481.0,0.0008436593959906,0.0148207280652909,-0.000552834834559,0.0087885777704803,0.0021295420922023,-0.0052955815514018,-0.0032296808953475,-0.0051889314488921,0,0,0
8,10,482.0,0.0006075504814628,0.0190771254318072,-0.0021505413204984,0.0124670944473211,-0.0004756707503128,-0.0088771577791363,0.0026107983021463,-0.0109558050773557,0,0,0
8,11,483.0,0.0010549387106654,0.0155209395166876,-5.618813754868383e-05,0.0085470991671872,0.0032562813307951,-0.0043930586339698,-0.0055167346921409,-0.003091890908578,0,0,0
8,12,484.0,0.0012840418821059,0.0169305936294567,0.0003374215692887,0.0088040252273556,0.0042977194345277,-0.0039122668342231,-0.0075096901910883,-0.0016672638043392,0,0,0
8,13,485.0,0.0010438842313853,0.0160175255880251,-0.0001922075747641,0.009053661745027,0.0031508975747786,-0.0049237879900774,-0.0053026790913097,-0.0039285117392666,0,0,0
8,14,486.0,0.0007082832314322,0.0109009372803134,-0.0001417837088547,0.0061572652656143,0.0020954838568568,-0.0033639892725695,-0.0034649589305282,-0.0027594058887053,0,0,0
8,15,487.0,0.0007225319650139,0.0145904892761337,-0.000876219199582,0.0090335869628121,0.0014107775432952,-0.0058998050898558,-0.0017157758060492,-0.0065543917674713,0,0,0
8,16,488.0,0.000396710119396,0.0100399030696658,-0.0009021169097772,0.0063951419956437,0.0002696019778701,-0.0043773989842471,0.0002884334104209,-0.0051601840132115,0,0,0
8,17,489.0,0.0006279696087859,0.011142900564919,-0.0004355651609573,0.0065978270537236,0.0015350838840939,-0.0039708072074195,-0.0022719114275144,-0.0038986812241249,0,0,0
8,18,490.0,0.0010590779603682,0.0145533741308525,0.0001516688324821,0.00768245381948,0.0033728835606653,-0.0035797518313623,-0.0057431279816919,-0.001920024747839,0,0,0
8,19,491.0,0.0007271691942078,0.0152056832268899,-0.00098503883221,0.0093845383816434,0.0012678820049251,-0.0060909356017727,-0.0013799916744938,-0.0066948695974365,0,0,0
8,20,492.0,0.0005586160985704,0.0170216363254039,-0.0018762516623039,0.0111436062121243,-0.0003161375139015,-0.0079653683722913,0.0021414168975602,-0.009894240771964,0,0,0
8,21,493.0,0.0003501478882133,0.0154498013408291,-0.0021475509916412,0.0102488206428632,-0.0013398650031862,-0.0074335515674778,0.0039985401889675,-0.009293494733618,0,0,0
8,22,494.0,0.0001097371316365,0.0148174239653415,-0.0026947616822439,0.0099888800697096,-0.0027910719883943,-0.0073631962638226,0.0067390743201977,-0.0092458399839317,0,0,0
8,23,495.0,0.0006957106917415,0.0190828603034736,-0.0018921425529431,0.0123158728196046,0.0001205508809533,-0.0086071720887206,0.0013863010905251,-0.010404282046141,0,0,0
8,24,496.0,0.0006091465451775,0.0154388563990574,-0.0013955065209709,0.0099243007435136,0.0004351441850698,-0.0068944463484753,0.0004195868731498,-0.0082823017417614,0,0,0
8,25,497.0,0.0005392640939783,0.014203538340992,-0.0013411391299371,0.0090986552499306,0.0002399684464491,-0.0062825110696644,0.0006962831398183,-0.0074799733238208,0,0,0
8,26,498.0,0.0008956061624902,0.0199530806826564,-0.0014795439034098,0.0125941287880581,0.0012997886274717,-0.0084991018602769,-0.0010021738126294,-0.0098603943668633,0,0,0
8,27,499.0,0.0008781813077651,0.0186456497419432,-0.0012537703190016,0.0116043121044609,0.0014763563591538,-0.0076444291866658,-0.0015077550405856,-0.0085824207431117,0,0,0
8,28,500.0,0.0009875421450038,0.0154623942493225,-0.000250951197983,0.0087527044319933,0.0028518996552929,-0.0048002423187837,-0.0046699437752347,-0.0039545464596188,0,0,0
8,29,501.0,0.0008305001254911,0.0194853745571729,-0.0015741066992559,0.0123800093486919,0.0009771105499897,-0.0084419684682607,-0.0003866071864616,-0.0099173907459389,0,0,0
8,30,502.0,0.0005758606821754,0.0120995848003082,-0.0007914200416014,0.0074537463511031,0.00098050057497,-0.0048195224982849,-0.0010395653832957,-0.0052616751910299,0,0,0
8,31,503.0,0.0007761450845756,0.012519646820474,-0.0002709166574121,0.0071354118666895,0.0021619219211557,-0.0039629439508577,-0.0034859541532141,-0.0033356279516144,0,0,0
8,32,504.0,0.0004042608362422,0.0132291159006779,-0.0015422631070203,0.0086779785562132,-0.0004490009086611,-0.0062146340556399,0.0020639909077461,-0.0077205038116432,0,0,0
8,33,505.0,0.0003972992619972,0.0174411030251796,-0.0024178037343307,0.011553537903075,-0.0015051489781508,-0.0083637991575325,0.004504374539629,-0.0104377704866406,0,0,0
8,34,506.0,-0.000277310065915,0.0135046067826731,-0.0034828155420744,0.0092007937394855,-0.0049602830776017,-0.0067442236213009,0.0105267483702892,-0.0080850648646685,0,0,0
8,35,507.0,0.0001282334139528,0.0121317927937727,-0.0021093091386573,0.0082196885533496,-0.0020507873791968,-0.0061255304698923,0.0051445943539793,-0.0078414653378234,0,0,0
8,36,508.0,1.823467393730538e-05,0.0132584268358504,-0.0026438964747083,0.0090464048490089,-0.0030441100931078,-0.0067717995060231,0.0071362683312558,-0.0086225138739915,0,0,0
8,37,509.0,5.931115179381182e-05,0.0155823802704148,-0.0029917809309925,0.0105763808552325,-0.0032890176954283,-0.007862456687692,0.0077666976916996,-0.0099505550551634,0,0,0
8,38,510.0,-0.0001649572125056,0.010278446200146,-0.0024868830728393,0.0069261036453816,-0.003293187887288,-0.0050116451828939,0.0068686220434758,-0.0059964054770415,0,0,0
8,39,511.0,-0.0011233451726103,0.0123437001049615,-0.0053534239261519,0.008110558239706,-0.0092593059877004,-0.0052424216890185,0.0167658733574049,-0.0045338523583619,0,0,0
8,40,512.0,-0.0028652684475972,0.0104589925684633,-0.0091510049786062,0.0059637883503285,-0.0174889249596233,-0.0019950790758729,0.0276084404063799,0.0030357394906215,0,0,0
8,41,513.0,-0.0070390517970139,0.0111543708708971,-0.0185970940327863,0.0038633879646385,-0.0348130859690393,0.0036199871658369,0.0463109545785229,0.0166051645428444,2,0,3
8,42,514.0,-0.0037168703727531,0.0120044391486177,-0.0115112958972149,0.0066476712582139,-0.0221092461692402,-0.001784115849997,0.0344362169648623,0.0048260393456076,0,0,0
8,43,515.0,-0.0062358605009914,0.0109492310576934,-0.0167701598203796,0.0042646389560708,-0.0315217472551341,0.0024689989650852,0.0430687346706674,0.0138262746790862,2,0,3
8,44,516.0,-0.0037539991672823,0.005213971604336,-0.0093595375508453,0.0015042011512201,-0.0164684124361087,0.002001109785107,0.0201663727074351,0.0073505556684124,2,0,0
8,45,517.0,-0.0042300502961373,0.0031904071946162,-0.0093614346608362,-0.0003491903477061,-0.0148516114497071,0.003455552666273,0.0140622704087545,0.0076460077491713,2,0,0
8,46,518.0,-0.0125443787796453,0.0040441233284934,-0.0251498729128032,-0.0051070712986579,-0.0357361407981294,0.0123529695256739,0.0231938913134464,0.0203837511947532,2,0,3
8,47,519.0,-0.0115968776912353,0.0058409583566131,-0.0249678861655684,-0.0031997701112347,-0.0394311077470112,0.0114949051854002,0.0344502962783397,0.0238531796381896,2,0,3
8,48,520.0,-0.0153611349956447,0.0036995290198789,-0.0296692297082349,-0.0070576908266364,-0.0399606345948908,0.0148599194232672,0.0221341251341716,0.0223451564957768,2,3,3
8,49,521.0,-0.015717673808217,-0.0005532867083205,-0.0234836065905837,-0.0090531476914963,-0.0177223735304352,0.0097383836456015,-0.006704887028597,0.0029993484381583,2,3,3
8,50,522.0,-0.0247831087135655,0.0011579550478244,-0.0428560223202561,-0.0145022536842981,-0.0460012169257311,0.0219890269680288,0.0027667996563774,0.019621057593791,2,3,3
8,51,523.0,-0.0272564157296247,-0.0014988530229171,-0.0422870904851321,-0.0170566081861021,-0.0331968449743621,0.0197179019156684,-0.0200347753384251,0.0042485542662945,2,3,3
8,52,524.0,-0.0348473191108158,-0.0032803176678367,-0.0504113660683956,-0.0217514337055145,-0.0312442310359254,0.021256753661596,-0.0346471825446196,-0.0040563435547855,2,3,3
8,53,525.0,-0.0196480497954247,-0.0021842160713622,-0.0248508680627288,-0.0108550131142943,-0.0115092978776921,0.0081551059836943,-0.0131875141208425,-0.002143269129502,2,3,3
8,54,526.0,-0.0105267460434341,-0.001432549462511,-0.0130879557172627,-0.0060605245742226,-0.0044622258075917,0.0040535345602044,-0.0105142335755883,-0.0037078888532398,2,0,0
8,55,527.0,-0.0387127549853833,-0.0061760675365673,-0.0473433215527223,-0.0231825044986888,-0.0090191787641534,0.0129838543218643,-0.049766879663481,-0.0230855205030117,2,3,3
8,56,528.0,-0.0369107423453886,-0.005822635111191,-0.0452618023081226,-0.0220426679065996,-0.010035853580485,0.0130233283974929,-0.0469535065145129,-0.0206818850800063,2,3,3
8,57,529.0,-0.0284998874307623,-0.0069352299050478,-0.0136618694136947,-0.0085123201618943,0.0120322794787132,-0.0029277036858285,-0.0083404208421265,-0.0061514877985265,2,3,0
8,58,530.0,-0.0261280545147859,-0.0068125779447259,-0.0081072080467677,-0.0059703433444758,0.0152254673501311,-0.0056340219605966,-3.951888693398056e-05,-0.0028523915736369,2,3,0
9,0,531.0,0.0003899113632091,0.0146601037744877,-0.0018784204224924,0.0096592624805013,-0.0009222624053686,-0.0069597137009319,0.003161846187724,-0.0086913635445257,0,0,0
9,1,532.0,0.0006229879068577,0.018235660608265,-0.0019369257046166,0.0118994688008154,-0.0001639599152508,-0.0084621091233395,0.0019275370047636,-0.0104483982263893,0,0,0
9,2,533.0,0.0007573950825009,0.0150685731492088,-0.0008660759878859,0.0092368213978541,0.0015192262776146,-0.0059195896516267,-0.0019295975769009,-0.0063817818325819,0,0,0
9,3,534.0,0.0003235601063748,0.0099387486675378,-0.0010977347580784,0.0064664751453947,-0.0001987765582904,-0.0045692666420919,0.0012441034406244,-0.005577278290134,0,0,0
9,4,535.0,0.0003812350828068,0.0134622548801341,-0.0016555516845935,0.0088795456927128,-0.0006468234563807,-0.0064054770310423,0.0024654148072867,-0.0080105149617011,0,0,0
9,5,536.0,0.0008440192823975,0.0179891274390036,-0.0012148915034698,0.0111020958566145,0.0013588898005971,-0.0072114825202458,-0.0013180617682978,-0.0079464445618132,0,0,0
9,6,537.0,0.0001520649743598,0.0109768778578045,-0.0017958618501599,0.0073671149624316,-0.0015753301972378,-0.0054181683479306,0.0040339903826044,-0.0068483079732509,0,0,0
9,7,538.0,0.0001953488899557,0.0215410890509239,-0.0038473172152257,0.0146475884905005,-0.0039068130750063,-0.0109735402867914,0.0097364874540914,-0.0141230930422858,0,0,0
9,8,539.0,-3.1402783750570406e-05,0.0115433205307257,-0.0024118794648577,0.0078230149721169,-0.0028841108551431,-0.0057720296085809,0.006505803335641,-0.0071775510011572,0,0,0
9,9,540.0,0.0006205911112152,0.016189540877634,-0.0015103473646545,0.0103824097537092,0.0003347528503274,-0.0071818555005752,0.0006539344015744,-0.0085743451718149,0,0,0
9,10,541.0,0.0002291038776197,0.0147294387378723,-0.0023448041621867,0.0099300052383689,-0.0019422860182867,-0.0073718103633168,0.0051363274338554,-0.0094700820894406,0,0,0
9,11,542.0,0.0001521620740743,0.0120409254028586,-0.0020329590262642,0.0081826969605703,-0.0019002330326239,-0.0061397682648104,0.0049185660659071,-0.0079503952970181,0,0,0
9,12,543.0,-3.39265055265824e-05,0.0140393918140946,-0.0029507515093603,0.0096341078271695,-0.0035784684729942,-0.0072642830832038,0.0082656190569649,-0.0093150598141607,0,0,0
9,13,544.0,2.0009324278634548e-05,0.0095254931590626,-0.001883565535492,0.0064964576893238,-0.0021612090331395,-0.0048610734309111,0.0051036484620632,-0.0061833806829296,0,0,0
9,14,545.0,-7.989405588069641e-05,0.0211731843680253,-0.0045111544316509,0.0144059501837847,-0.0055575227262771,-0.0106839010494991,0.0126027206110487,-0.0133214385909528,0,0,0
9,15,546.0,0.0010213419297824,0.0203628125429913,-0.0011769736355472,0.0124612464270624,0.0020193366843932,-0.0079694514527586,-0.0025253714946878,-0.0085827864011241,0,0,0
9,16,547.0,0.0003730628390037,0.0108709229452633,-0.001140043158278,0.0069848111685678,-9.885235432092988e-05,-0.0048390503474484,0.0010987306346576,-0.0057652281731725,0,0,0
9,17,548.0,0.0008962996500384,0.0166393981861367,-0.0007740000700701,0.0099932528476266,0.0020497225192123,-0.0061703083332154,-0.0029091786866334,-0.0062896172721613,0,0,0
9,18,549.0,0.0010391296289518,0.0215417023135834,-0.0013773172339454,0.01331524849918,0.0018319252037547,-0.0086855213551847,-0.0019749875817727,-0.0096577428808892,0,0,0
9,19,550.0,0.0013275391088083,0.0122350125865313,0.0014032662367723,0.0043760650108858,0.0048213714843568,0.000358305779141,-0.0083766826768559,0.0044629773860626,0,0,0
9,20,551.0,0.001674625642816,0.0119156740472651,0.0024051909935472,0.0023129165124965,0.005921959547399,0.0031660685821058,-0.0097479857685009,0.0085801555108016,0,0,0
9,21,552.0,0.0014117936757908,0.0101170177242902,0.0020063737693364,0.0020217736555731,0.0049566305184684,0.0025650681631419,-0.0081223298001336,0.0069982389800259,0,0,0
9,22,553.0,0.002395651657081,0.010803927661237,0.0044216724433672,-0.0024267076508362,0.0074085858064855,0.0087792185556355,-0.0103235666256858,0.0151011032444349,0,1,1
9,23,554.0,0.0029519432098071,0.0109074589086201,0.0057566347667761,-0.0051371629192608,0.0084383922220519,0.0120603174952151,-0.0106540384986267,0.0184999601776551,0,1,1
9,24,555.0,0.0028505527985086,0.0131978246392073,0.0052538874737981,-0.0026077399866608,0.0090728576185467,0.0104701311346455,-0.0129899795830357,0.0186562653578908,0,1,1
9,25,556.0,0.0031149849929055,0.0076203649678281,0.0064164313851369,-0.0086645292385174,0.0072699854432621,0.0137596237724548,-0.0068533258152221,0.0168460942645185,0,1,1
9,26,557.0,0.0039900022189814,0.0090187050490624,0.0083093804417134,-0.0117728483754518,0.0090593683086865,0.0180049678466253,-0.0079917642331948,0.0214225569658388,0,1,1
9,27,558.0,0.0039374985492059,0.0061827904458811,0.0083264013436646,-0.0137367539760664,0.007379847996333,0.0177503467990516,-0.0038754562437747,0.0171176169441143,1,1,1
9,28,559.0,0.0030830800808808,0.0044104558884934,0.0063950986536122,-0.010796762075279,0.0051932834765685,0.0129470843931797,-0.002083617280411,0.0110612543749868,1,1,1
9,29,560.0,0.0023069029313721,0.0065681198721356,0.0046713318064353,-0.0056489720039639,0.0057687004542652,0.0099424365210244,-0.0061024748695348,0.0130806861682004,0,1,1
9,30,561.0,0.0026739197238545,0.0086705822152885,0.0053748679142753,-0.0057448449877715,0.0073082660800865,0.0115862411589976,-0.008621030849576,0.0167732062108815,0,1,1
9,31,562.0,0.0042517026494964,0.0071830413920116,0.0089752195401459,-0.0144524125300957,0.0082824542515359,0.0192262402435207,-0.0049646188030687,0.0193569111014683,1,1,1
9,32,563.0,0.0059837018759906,0.0081250170787029,0.0126101603127649,-0.021658653132948,0.0102510911000355,0.0263199181439128,-0.0037809426076267,0.0229677125991664,1,1,1
9,33,564.0,0.0054096781279737,0.0015083254397659,0.0104112333988984,-0.0214099581088428,0.0034420596968751,0.0160539290984669,0.0063164187360811,0.0008082770733817,1,1,1
9,34,565.0,0.0051965767948958,0.0018990027016342,0.0100664660179635,-0.0203936692032869,0.0037522828766814,0.0159496704782773,0.0052066928735994,0.0024356954545378,1,1,1
9,35,566.0,0.0068600715340943,-0.0014866127316753,0.0116097560734979,-0.0257032333091762,-2.7675449960894108e-05,0.0108046350050564,0.0109529710206554,-0.0115776893902461,1,1,1
9,36,567.0,0.0063541628167121,0.0008728818191293,0.0119413945083984,-0.0251076030410092,0.0029322228066102,0.0167893723845249,0.0086358705601546,-0.0027552390852224,1,1,1
9,37,568.0,0.0071955278427381,0.000684607090963,0.0134615076990778,-0.0284994249169906,0.0030744664626486,0.0187876828302292,0.0103512375257521,-0.0040501379756127,1,1,1
9,38,569.0,0.0075810424080593,-0.0005693000799944,0.0135581599104796,-0.0294334738729233,0.0015357092591311,0.0160594984779156,0.0120794639044736,-0.0093554250669914,1,1,1
9,39,570.0,0.0051696243822594,-0.0020731628579119,0.0073829127050335,-0.0164711719445496,-0.0007776180657777,0.0043306380453094,0.0053876826883296,-0.0057397560257653,1,1,1
9,40,571.0,0.0060407462071055,-0.0017763098936294,0.0099901636822254,-0.0224171565307399,-0.0007715575376407,0.0077778503148532,0.0100487143186276,-0.0124982265222634,1,1,1
9,41,572.0,0.009703209270752,-0.0056082513567823,0.0143429941611507,-0.0338329456337485,-0.0054504047646076,0.0018859925104043,0.0170933188812362,-0.0310828626952907,1,1,1
9,42,573.0,0.0063261562472098,-0.0053674904535863,0.0069628889024342,-0.0169953026932997,-0.0047577461192104,-0.0051329140380272,0.005753350500085,-0.0132074775708177,1,1,1
9,43,574.0,0.0064346520183528,-0.0043521471043922,0.0084823565396315,-0.0201275742407556,-0.0036044937905026,-0.0001108976960696,0.0091949662967646,-0.0169798417264754,1,1,1
9,44,575.0,0.005679728601805,-0.0040055607557444,0.0067948958569711,-0.0160023414272201,-0.0029194752656546,-0.0009456590424647,0.0055375647289754,-0.0099463877100793,1,1,1
9,45,576.0,0.0087036023394708,-0.0073672008909007,0.0105617917678877,-0.0261598463854112,-0.0081214093418703,-0.0090074116517394,0.0114520242252229,-0.02841141633469,1,1,1
9,46,577.0,0.0091158305376308,-0.011480606747843,0.0065596924291689,-0.0183800222305872,-0.0124198590016363,-0.0253858290886747,0.0014529736212868,-0.0177320690227953,1,2,2
9,47,578.0,0.0089083756888971,-0.0113443938091339,0.005004108726876,-0.0138840903714202,-0.0079019428623914,-0.0151176046045118,0.0011004066241635,-0.008464636759998,1,2,2
9,48,579.0,0.0092250940562162,-0.0118353598691678,0.0063654715896358,-0.0180463242954582,-0.0128382292331877,-0.0268345264283062,0.0005147830008198,-0.0163664670061338,1,2,2
9,49,580.0,0.0089262855633461,-0.0145427168605451,0.0008136299298171,-0.005048901049086,-0.0093949379501663,-0.024066235140631,-0.0078596731809616,0.0074517604887905,2,2,2
9,50,581.0,0.0108037583725215,-0.0152407652317741,0.0055041078593366,-0.0169462373013059,-0.0157552246855289,-0.0360640947340969,-0.0046409771232545,-0.0092702945533893,1,2,2
9,51,582.0,0.0078376163021804,-0.0125057024541692,0.0006159487577791,-0.0037710866378951,-0.0057721518041763,-0.0138245639545875,-0.003225877109548,0.0018882467910021,2,2,2
9,52,583.0,0.0119343759434457,-0.0202447362195837,2.8466937525789056e-05,-0.004606518236927,-0.0144122654115266,-0.0400224214171006,-0.0196515068916456,0.0338211902739776,2,2,2
9,53,584.0,0.0110023852545123,-0.019231633472403,-0.0011413842611208,-0.0013924601403873,-0.0119299067185011,-0.0345897178349638,-0.0199422166760184,0.0398113671943958,2,2,2
9,54,585.0,0.0115177108231376,-0.0218721336209175,-0.0052672068693614,0.0089364569843453,-0.0039696484647817,-0.0150835170658886,-0.0140615103220818,0.0360934321090418,2,2,2
9,55,586.0,0.0117333018050157,-0.0221980655353687,-0.00512951632655,0.0084664879076964,-0.0048698871450849,-0.0177845110888642,-0.0161664022352539,0.0416766174451534,2,2,2
9,56,587.0,0.0123761589519035,-0.0241660210041114,-0.0073060214111672,0.0138760266242187,-0.0001779556224608,-0.0053921532817095,-0.009712110354361,0.028205810696564,2,2,2
9,57,588.0,0.0089021816263939,-0.0181949917253239,-0.0074090343842989,0.0156707634379073,0.0060833072445588,0.0133140457016896,0.0036439501848954,-0.0050981275504624,2,2,2
9,58,589.0,0.008665824559156,-0.0177555120469094,-0.00732879836744,0.0155629489301877,0.0062621515936411,0.013905514209147,0.0041372726014905,-0.0063787278467577,2,2,2
10,0,590.0,0.0006301035579648,0.0091874204156091,-1.495260797246379e-05,0.0050407587294662,0.0019697224887081,-0.0025613907067974,-0.0033619288961599,-0.0017330099869386,0,0,0
10,1,591.0,0.0006606251776095,0.0124563339899611,-0.0006099557552071,0.007529802053346,0.001484861535007,-0.0047001351573206,-0.0020842237731063,-0.0048615592739266,0,0,0
10,2,592.0,0.000881929753496,0.017584101818303,-0.0010159075936785,0.0107540689804428,0.0017418981657294,-0.0068644116748985,-0.0021792400370277,-0.0073572359021927,0,0,0
10,3,593.0,0.0012428186124436,0.0149012741472072,0.000635131097284,0.0072052356592289,0.0043421914039232,-0.0025211545149641,-0.0076762084658972,0.0003136561397104,0,0,0
10,4,594.0,0.0015181735991715,0.0205887042838926,0.0002825791136131,0.0108705326737549,0.004990522208854,-0.0050261079289267,-0.0086684472694637,-0.0025224641922798,0,0,0
10,5,595.0,0.0009152379254962,0.0123544182777066,0.0001757831280511,0.0064598848127198,0.0029477836964497,-0.0029398819512816,-0.0050403735373535,-0.0014487620704054,0,0,0
10,6,596.0,0.0016908959492445,0.0174959556796944,0.0014301242608506,0.0073720165121739,0.0062108603138076,-0.0011653329298517,-0.0110849229543627,0.0037099617598025,0,0,0
10,7,597.0,0.00124041642913,0.010632975637071,0.0014685978085128,0.0034032059209556,0.0045739411112645,0.0009399435728324,-0.0079578138086765,0.0049760839499245,0,0,0
10,8,598.0,0.0013486455555695,0.0122328062561988,0.0014634903761822,0.0043128933680752,0.0049392147377436,0.0004482735070651,-0.0086175385699515,0.0046103062447178,0,0,0
10,9,599.0,0.001802544573437,0.0134593202953702,0.0024918372052903,0.0030849717421038,0.0065050141158436,0.0029669241778054,-0.0109230463543416,0.00895975082588,0,0,0
10,10,600.0,0.0013121841904253,0.0159763056755012,0.0006144476908296,0.0078120859777122,0.0045129888108059,-0.0028759529007498,-0.0079018879083443,-7.151963145171164e-05,0,0,0
10,11,601.0,0.0015164586136297,0.0165348203850634,0.0011084741882584,0.0073524743575619,0.0054653478246963,-0.0017467312830544,-0.0096971248937395,0.0022704016198494,0,0,0
10,12,602.0,0.0012064964365494,0.0110560211552473,0.0012958817575951,0.0039632491887037,0.0044624227844147,0.0003427289688368,-0.0078471062022659,0.0041590532129609,0,0,0
10,13,603.0,0.0016881834930549,0.0154090481998301,0.0018210151949232,0.0055027760127495,0.0062363813504595,0.0004893576544173,-0.0109630324776434,0.0057771618452436,0,0,0
10,14,604.0,0.0015743140133244,0.0122796225495659,0.0020916020431317,0.0031742160019988,0.0057580309542573,0.0022283325789078,-0.0098112332858797,0.0075615120948474,0,0,0
10,15,605.0,0.0014528986795903,0.0171710024370395,0.000786195045866,0.0081699825373799,0.0050365423206067,-0.0027173891632815,-0.0088271801458464,0.0006222475822271,0,0,0
10,16,606.0,0.0017243383986252,0.0160154147162024,0.0018117182651045,0.0058467943574748,0.0063690897673216,0.0003371071170435,-0.0112146214447194,0.0057681956583866,0,0,0
10,17,607.0,0.0017940991984827,0.0114996127007758,0.0028201379995251,0.0013022553317113,0.0063400623405179,0.0044682809529709,-0.0102697528241082,0.0105438930093952,0,0,0
10,18,608.0,0.0013940276165357,0.0088072501833702,0.0022029908865752,0.0008985991936257,0.0048655578576561,0.0035145944234009,-0.0078005020184576,0.0080920906211845,0,0,0
10,19,609.0,0.0017567483671858,0.0126487032858823,0.0025096017071133,0.0025730034168582,0.006294502711486,0.0032472358761923,-0.0104659385242844,0.0090740642792199,0,0,0
10,20,610.0,0.0026000814006627,0.0146767731839285,0.0043995378150805,4.344574717942393e-05,0.0088323515939107,0.0078538271770027,-0.0136646501180252,0.0161965854625182,0,0,0
10,21,611.0,0.0020250043250931,0.0101143379370619,0.0036057521776725,-0.0011557358441563,0.0065363580403199,0.0068600558939217,-0.0095830326893331,0.012713297266853,0,0,0
10,22,612.0,0.0036113539293186,0.0076309426058809,0.0075773975492275,-0.0111449487486294,0.0079451475933877,0.0164840136439027,-0.0064342775048272,0.0188436387419954,0,1,1
10,23,613.0,0.0031709385853001,0.0089581063786161,0.0065350430862689,-0.0080086825015603,0.0082167636974697,0.0143891599636453,-0.008843669805933,0.0195543953963035,0,1,1
10,24,614.0,0.0038681601817806,0.0095067772532195,0.0080492133568644,-0.0108939714841004,0.0092456570343729,0.0176153395197373,-0.0087743765295816,0.0219537179429514,0,1,1
10,25,615.0,0.0030157785581695,0.0069788212280701,0.0062838779494743,-0.0087979373602217,0.0069554641572782,0.0136723015237073,-0.0062626266914851,0.0164867176627518,0,1,1
10,26,616.0,0.0054339888019649,0.0082137912587524,0.0114403492246393,-0.0190673271117641,0.0098681642721702,0.0240935922616227,-0.0047980389168742,0.0225366213929003,1,1,1
10,27,617.0,0.0049754330169245,0.0074729913703772,0.0104073533841491,-0.0173291796123355,0.0089206795307116,0.0216975993428188,-0.004418540362725,0.0202947995741319,1,1,1
10,28,618.0,0.0048565872294895,0.004334732274292,0.0100170900859587,-0.0186505475910288,0.0064008446534906,0.0194639486414404,0.0006298161470912,0.0124766667148937,1,1,1
10,29,619.0,0.0029304631654365,0.0037488480012759,0.0060623962437763,-0.0105162598810266,0.0046649055527587,0.0121844411666356,-0.001416882622285,0.0099132566610985,1,1,1
10,30,620.0,0.0042038680029732,0.0060644997130197,0.0088469330729406,-0.0149489583666647,0.007407248168304,0.0185019979112233,-0.0031753317618912,0.0166556349481815,1,1,1
10,31,621.0,0.0052284575116067,0.0025342626524918,0.0103337317747401,-0.020559089874733,0.0045423994511882,0.0174535205167483,0.0043472966227086,0.0050354081791197,1,1,1
10,32,622.0,0.0054849226476694,0.0022441716902737,0.0106827695313811,-0.0214875995430524,0.0042422469367976,0.0172948621435853,0.0051022329095201,0.0035722726026904,1,1,1
10,33,623.0,0.0057825345920084,0.0028264596248543,0.0115235238100281,-0.0229551913855234,0.0051349936850171,0.0197801070432052,0.0049934625968371,0.0058086475230467,1,1,1
10,34,624.0,0.006511234974296,-0.0010792040584633,0.0110620160966327,-0.0242514675279127,0.0003055879650024,0.0106148285174099,0.0096646413862646,-0.0095603809138144,1,1,1
10,35,625.0,0.0066794079826754,-0.0004773666827486,0.0119355315647334,-0.0258829548947673,0.0014042077461324,0.0142054832683666,0.0105044522812293,-0.0079112428458145,1,1,1
10,36,626.0,0.0076553035154273,-0.0036058652815197,0.0115708875101956,-0.026606772464627,-0.0025113975809299,0.0054917676661996,0.0122572125265952,-0.0181724492903342,1,1,1
10,37,627.0,0.0090519343245908,-0.0043304248054164,0.0141017251732174,-0.032720911764775,-0.003779752183299,0.005516455903648,0.0164773536169427,-0.0269917473808768,1,1,1
10,38,628.0,0.0077653426045876,-0.0036943689988599,0.0120412201532405,-0.0278942621694655,-0.0031520633808341,0.0047624088686557,0.0137369355323163,-0.0221738352149953,1,1,1
10,39,629.0,0.0078821191899153,-0.006997045409152,0.0092976441533026,-0.0232623860120626,-0.0079258848162115,-0.0098699495656581,0.0099445162885004,-0.0262457286107705,1,1,1
10,40,630.0,0.010042966338435,-0.0080517850195065,0.0127080312064397,-0.0312099804458762,-0.0088339410634961,-0.0083350087622144,0.01439043974361,-0.0337481857108687,1,1,1
10,41,631.0,0.0081415890633809,-0.0071425433660761,0.0087815158282954,-0.0215045938184245,-0.0055508580566124,-0.0046295726676575,0.0087759784272979,-0.0185988894091386,1,1,1
10,42,632.0,0.0105616518172674,-0.0110227843033659,0.0104471297970181,-0.0270950620340676,-0.0121051321277152,-0.0195545228640243,0.0090460780908473,-0.0303715499777725,1,2,2
10,43,633.0,0.0083620946287693,-0.0117079853239104,0.0028086721216814,-0.0085199782610285,-0.0049128339955405,-0.0084750152498851,0.0027483263193993,-0.0102667680143724,1,2,2
10,44,634.0,0.0111104265288963,-0.0145946795940945,0.0071667010448158,-0.0206348417137426,-0.0153898475535127,-0.0326046931382772,0.0001821267166093,-0.0194141401835189,1,2,2
10,45,635.0,0.0119221396167396,-0.0172327576856161,0.0054141533869296,-0.0172242896413857,-0.0174244472018584,-0.0409022683492461,-0.0071286915806519,-0.0055054517467848,1,2,2
10,46,636.0,0.008949365938043,-0.0150761315286801,-0.0012540373755633,0.0006956451338517,-0.0029292938727209,-0.0074246966161627,-0.0026127015838367,0.0042967987648738,2,2,2
10,47,637.0,0.0109920637710009,-0.0185430777927366,0.0002360786759465,-0.0047597756295063,-0.0136010855413014,-0.0375974212240174,-0.018151784294523,0.0304934569378036,2,2,2
10,48,638.0,0.0087609941156105,-0.0144052154318637,0.000601681202155,-0.0045377794796539,-0.0095011231499975,-0.0249384054571999,-0.0095092845011726,0.012311784894493,2,2,2
10,49,639.0,0.0120391931397144,-0.0209136752418057,-0.0009016704327878,-0.002430775870694,-0.0138439664709882,-0.0397664661987698,-0.0221418936564508,0.0425873464551699,2,2,2
10,50,640.0,0.0118803039043553,-0.0221569956740849,-0.0043739933789924,0.0064233283439264,-0.0071540208371544,-0.0240467728834298,-0.0197332871298049,0.0493001606493908,2,2,2
10,51,641.0,0.0111459407845892,-0.0205793470436848,-0.0042748683177861,0.0069318009984006,-0.0026490105162295,-0.0090904202239347,-0.0058094215893109,0.0112359499153119,2,2,2
10,52,642.0,0.0117138672469926,-0.022931644946253,-0.0070951174171269,0.0136244651978145,0.0004739390897748,-0.0032460683357062,-0.0078796851796144,0.023363740533324,2,2,2
10,53,643.0,0.0109564904015275,-0.021575311244586,-0.0071690195355825,0.0142836313260697,0.0031363715900237,0.0052618668180464,-0.0002341661291983,0.0017259413652963,2,2,2
10,54,644.0,0.0106105360424779,-0.0214658158651568,-0.0083156645147491,0.0173644641107683,0.0061780752514304,0.0132017391238242,0.0034108080445324,-0.0049476117055277,2,2,2
10,55,645.0,0.0089562537087728,-0.0183459785369725,-0.0075656267195099,0.01606364944023,0.0064676301984811,0.0143751750971431,0.0043163880785667,-0.0067482808010668,2,2,2
10,56,646.0,0.0089426260249548,-0.0183334587189397,-0.0075921833841679,0.0161379010783399,0.0065510405890556,0.014599121320588,0.0044321110314784,-0.0069836702871225,2,2,2
10,57,647.0,0.0089185545106475,-0.0182879275341219,-0.007581066602291,0.0161185325057648,0.006555420696688,0.0146171265184135,0.0044468108692215,-0.0070146613725259,2,2,2
10,58,648.0,0.0086696598570199,-0.0177772639357458,-0.0073689162337762,0.0156672790348628,0.0063715497622666,0.0142069793986661,0.0043217374080436,-0.0068164434295386,2,2,2
11,0,649.0,0.0012842692685915,0.0160238962857013,0.0005063899395632,0.0079988639785163,0.0043016839351212,-0.0032274312923636,-0.0074380808978819,-0.0008721693563365,0,0,0
11,1,650.0,0.0025725067527127,0.0113678582582806,0.0047621961035729,-0.0028412357983989,0.0077814813997147,0.0095247626748362,-0.0105603260344422,0.0159929322798943,0,1,1
11,2,651.0,0.001057819356951,0.0139051255506877,0.0002566604374688,0.0071396749685986,0.0033235449299613,-0.0031963016765436,-0.0055329144280959,-0.0016792600507485,0,0,0
11,3,652.0,0.0013071865543465,0.0142978041453627,0.0009419039855886,0.0063911477833239,0.0046951920173891,-0.0015873847083254,-0.0083244783262972,0.0017778216729394,0,0,0
11,4,653.0,0.0013767765943067,0.0153565230892574,0.0009363040248661,0.0070115906463104,0.0049549953030162,-0.001925519348348,-0.0088276342430384,0.0015597306214726,0,0,0
11,5,654.0,0.0008209944134886,0.0113096389758781,0.000102173673394,0.0059344864426036,0.0025229121270214,-0.002765820347177,-0.0041779875379614,-0.0015798262447241,0,0,0
11,6,655.0,0.0013800771556848,0.0093869728382323,0.0020499210432066,0.0014729829106806,0.0047682931764824,0.0029591809524327,-0.0076323086053399,0.0073105198132575,0,0,0
11,7,656.0,0.0011114881081269,0.0131945438626713,0.0005898655578274,0.0063239906950352,0.0038665870905758,-0.0021634416714433,-0.0068011814657606,0.0003460890728868,0,0,0
11,8,657.0,0.0012412890504132,0.0112691226330378,0.0013527072016653,0.0039780971981448,0.0045868622741126,0.0004405063161779,-0.0080549111243087,0.0043861515750797,0,0,0
11,9,658.0,0.0009727377204733,0.0091032852568594,0.000986878188497,0.0033261940919806,0.0034459928824738,9.191060476282832e-05,-0.0058945244770162,0.0028558352026069,0,0,0
11,10,659.0,0.0008500342453282,0.0124034019225434,-5.024743835689756e-05,0.0066653424872319,0.0023919861832479,-0.003353379735819,-0.0037418164712609,-0.0024897335926623,0,0,0
11,11,660.0,0.0022229141145694,0.012750173610726,0.0036981573928735,0.0002052839565097,0.0074105145521926,0.0064703441236012,-0.0113050576279176,0.013263044120498,0,0,0
11,12,661.0,0.0016218236295594,0.0148200187349846,0.0017254434367674,0.0052561039714052,0.0058411258356431,0.0004383831169637,-0.0100779694172567,0.00525387925222,0,0,0
11,13,662.0,0.0017614224158759,0.0099842623257181,0.0029486563788461,7.51311231369309e-05,0.0058713200922875,0.0051729091012867,-0.0089633573001838,0.0105243117312786,0,0,0
11,14,663.0,0.002536432810887,0.011741738275066,0.0046923478769891,-0.002350208339974,0.0081304965932733,0.0094389726710622,-0.0116781941428585,0.0169333398590278,0,1,1
11,15,664.0,0.0019830014428859,0.0132694039258675,0.0030175002453489,0.0019799294389413,0.0070692546044915,0.0044623213839712,-0.011608571148926,0.0111447380642112,0,0,0
11,16,665.0,0.0028683009823484,0.0128588560183236,0.0053623662329833,-0.0030202451323298,0.0090978042130975,0.0108801338981089,-0.012930291005434,0.019154834875351,0,1,1
11,17,666.0,0.0020341268906649,0.013210371573259,0.0031610388618225,0.0016369325943396,0.0071716764346056,0.0049043085577896,-0.0116159704092328,0.0117072648076079,0,0,0
11,18,667.0,0.001755240852115,0.009130125662062,0.0030681035132083,-0.0006618921197204,0.0057309992345456,0.0056866519366526,-0.0085276242594453,0.0108261528735652,0,0,0
11,19,668.0,0.0037337123897526,0.0148198150488276,0.007238964314819,-0.005686193093378,0.0113066874601726,0.0152689616481079,-0.0151465889472722,0.0250442265084442,0,1,1
11,20,669.0,0.003385381670546,0.011481011586888,0.0067878755982543,-0.0068908808153948,0.0095607453790403,0.0147103720532841,-0.0116919801981809,0.02206683617623,0,1,1
11,21,670.0,0.0022906603190362,0.0076259063935553,0.0045714961428261,-0.0047252103070613,0.0063077986195049,0.0097772484710542,-0.0075657774141404,0.0143235911526492,0,1,1
11,22,671.0,0.0026467128698098,0.0101109107352833,0.0051576973293023,-0.0043590807795289,0.0078041951549548,0.0108856670052642,-0.0101623388834912,0.0173033082586741,0,1,1
11,23,672.0,0.0033684396277776,0.009449587073657,0.0069564782895277,-0.0085742475271324,0.0087348037101656,0.0153665734209124,-0.0093966561746267,0.0209191746928629,0,1,1
11,24,673.0,0.0040725461418088,0.0120996932384546,0.0083616990673263,-0.0098074820468379,0.0108951800228764,0.0184506082287095,-0.0122731636163147,0.0259683695402568,0,1,1
11,25,674.0,0.0031429235300804,0.0088152919606218,0.0064934696534974,-0.0080038576321544,0.0081574018053664,0.0143445695132333,-0.0087886875272502,0.0195342938314882,0,1,1
11,26,675.0,0.0028692192266357,0.0056962584480815,0.0059673265439874,-0.0089914056338914,0.0059558953945595,0.0126543172560819,-0.0044717795416848,0.0137055522275477,0,1,1
11,27,676.0,0.0040402959471608,0.0047802452681357,0.0083206100646912,-0.0146802327381428,0.0060875936863649,0.0164055690332831,-0.0013546394170879,0.0125349312015108,1,1,1
11,28,677.0,0.0040196287720895,0.0039648062094975,0.0082616940160142,-0.0151236052462065,0.005449893002253,0.0159413364712755,4.197787475383478e-05,0.0104674271461783,1,1,1
11,29,678.0,0.0073172204066738,0.0026871728399124,0.0145463835031595,-0.0296257401451683,0.0056542781512576,0.024280681332868,0.0082304461421382,0.0040253112058249,1,1,1
11,30,679.0,0.0053800892951066,0.0018485505674927,0.0104332199726646,-0.0212236529570198,0.0038209420641069,0.0165634994129445,0.0056328994221283,0.0023138478338084,1,1,1
11,31,680.0,0.004060314267538,0.0018089393967179,0.0076843850179295,-0.0152081872805355,0.0032642746199983,0.0122953660687911,0.0026220905116685,0.0041638319083104,1,1,1
11,32,681.0,0.0036583962147459,0.0036546245834242,0.0074072709653751,-0.0134427772237188,0.0049385356807878,0.0140719267834764,-0.0004671079169069,0.0099099406147263,1,1,1
11,33,682.0,0.0082450188853748,-0.001966694660674,0.0138806775995843,-0.0308529376213994,-0.0002979518977671,0.0124511719896102,0.0134570312222448,-0.014948808709806,1,1,1
11,34,683.0,0.0066662013973446,-0.0041067462896615,0.009500864879621,-0.0225075484435767,-0.0040428869849167,-2.9116448293831717e-05,0.0107801551120265,-0.0203492225684512,1,1,1
11,35,684.0,0.0066983353551908,-0.0028773032096247,0.0104819339112817,-0.0240288991907684,-0.0020451810292834,0.0056476685969401,0.0115363056003858,-0.0172401100631317,1,1,1
11,36,685.0,0.0083623817348629,-0.0047308885286799,0.0123493915142996,-0.0290292040591372,-0.00448106062235,0.0019402027842347,0.0142181406224142,-0.0252823839584991,1,1,1
11,37,686.0,0.0086098804707903,-0.0069000460361051,0.0106778198844884,-0.0261387985380186,-0.0072650245848946,-0.0069099032437043,0.0112627743064417,-0.0260025060640503,1,1,1
11,38,687.0,0.0045766560532907,-0.002636178092396,0.0057507694986346,-0.0131371196776516,-0.0015452506215081,0.0010195313235218,0.0039176777467294,-0.0054223453665646,1,1,1
11,39,688.0,0.0068730115217337,-0.0073132664535091,0.0048998730500394,-0.0122224506781904,-0.0035372614827649,-0.0043809548613908,0.0021913292475447,-0.0035687754149491,1,1,1
11,40,689.0,0.0077396860590462,-0.0104269542907764,0.0040936928894,-0.0119872171616352,-0.0090317642893931,-0.0193962513177013,-0.0012784207057493,-0.006295486784771,1,2,2
11,41,690.0,0.0108393753924374,-0.0138068819760502,0.007660702015826,-0.0216251860431147,-0.0151116369460822,-0.0312840232942061,0.0012839006771867,-0.0209963595330929,1,2,2
11,42,691.0,0.010456070776296,-0.0170862539973898,0.0012566169469539,-0.006972345489841,-0.013627535285456,-0.0362183286959264,-0.0148179835826586,0.0208873059136016,2,2,2
11,43,692.0,0.0100836890095286,-0.0131506744010694,0.0066220705746784,-0.0189640949882091,-0.0138442723941958,-0.0290963004436137,0.0004814902581245,-0.0178713752937604,1,2,2
11,44,693.0,0.0079302498658991,-0.0109220933348863,0.0029454673492434,-0.0087358856085689,-0.0050565718257171,-0.0090847740047886,0.0019238655537446,-0.0081927810817885,1,2,2
11,45,694.0,0.0102917155377617,-0.0171720177267293,0.000419847493578,-0.0047999189499168,-0.0119993665277286,-0.0325023142657602,-0.0144870191755419,0.022942105437849,2,2,2
11,46,695.0,0.0093059281772519,-0.0147816634281105,0.0008363165629183,-0.0047189727285546,-0.0070179886909109,-0.0169474640329162,-0.0046669885407534,0.0053265544046405,2,2,2
11,47,696.0,0.0095412396153351,-0.0156716806560744,0.0009851293509321,-0.0059750929620976,-0.012335568096233,-0.0330344946929201,-0.0139744666513662,0.020277644711159,2,2,2
11,48,697.0,0.0128096001548921,-0.0228476078029484,-0.0030811383740003,0.0033390378899474,-0.0064479433344283,-0.0185273328021298,-0.008841384272436,0.014818277082512,2,2,2
11,49,698.0,0.0120430930954056,-0.0209413883818408,-0.0009597540099774,-0.0022761252031611,-0.0136464211115133,-0.0391856167773266,-0.0216944165920044,0.0413994132563127,2,2,2
11,50,699.0,0.0114191035460646,-0.0214385700105363,-0.0047162064284636,0.0076321992410092,-0.0043345756198737,-0.0151704955247328,-0.0117213993590633,0.026463230089339,2,2,2
11,51,700.0,0.0089325116553109,-0.0182125792896609,-0.0073313943083899,0.0154628163537848,0.0059043097026785,0.0128839537524962,0.0035632223784144,-0.0052366794603837,2,2,2
11,52,701.0,0.008955192433823,-0.018339864836217,-0.0075536614782315,0.0160321876254602,0.0064336524495021,0.0142823353848879,0.0042664074270786,-0.0066514226979037,2,2,2
11,53,702.0,0.0089597934997541,-0.0183656784294465,-0.0075986549560319,0.0161473750432609,0.0065399798814289,0.0145622004040528,0.0044034159420009,-0.0069167491882633,2,2,2
11,54,703.0,0.0089604127642595,-0.0183692027927183,-0.0076052685509625,0.0161646535017578,0.0065587371407844,0.0146144946036223,0.0044371931739909,-0.0070009633106937,2,2,2
11,55,704.0,0.0089574486102472,-0.0183527982095926,-0.0075785087084208,0.0160973147762733,0.0065040155493177,0.014476464655187,0.0043821374474442,-0.0069149763333336,2,2,2
11,56,705.0,0.0089255613416691,-0.0182381414075388,-0.0074300699923679,0.0157258849476717,0.0061954212615924,0.0136890415012082,0.0040593011994448,-0.0064287422298081,2,2,2
11,57,706.0,0.0127821585384641,-0.0247294502979412,-0.0072267563994187,0.0136972995277629,0.0008947929834996,-0.0009242606764015,-0.0026695416165959,0.0033601584007572,2,2,2
11,58,707.0,0.0107251675277659,-0.0198096167608506,-0.0041521911664174,0.0067856928445049,-0.0023211706858499,-0.0080321591569987,-0.0049510695654841,0.0089974909227211,2,2,2
12,0,708.0,0.0004547149079269,0.0107961432407321,-0.000883631132479,0.0068252368515528,0.0005027951524401,-0.0046085535016954,-0.0001621434641312,-0.0053260724274989,0,0,0
12,1,709.0,0.0008672322767554,0.0170461980622132,-0.0009527844054223,0.0104681621235845,0.0017914725705086,-0.00673801101055,-0.0023093277445714,-0.0073296775515177,0,0,0
12,2,710.0,0.0006863148676263,0.0142570584483748,-0.0009131043364066,0.0088342511305774,0.0012327936196839,-0.0057745085953045,-0.0013796559458326,-0.006411664581859,0,0,0
12,3,711.0,0.0005949700449901,0.0094910333624699,-0.0001905895126794,0.0053788959375193,0.0016423059488288,-0.0029721741720173,-0.0026042152531871,-0.002522929723345,0,0,0
12,4,712.0,0.0008033360845094,0.0193526176986215,-0.0016309644143239,0.0123442295679671,0.0008043113712312,-0.0084759931142372,-5.0988706091640305e-06,-0.0100524143788233,0,0,0
12,5,713.0,0.0005370760131663,0.0149136087198398,-0.0014942114171011,0.0096056408671723,5.361756505516575e-05,-0.0066853997601119,0.0011387884653834,-0.0080256901706962,0,0,0
12,6,714.0,0.0011140025154276,0.0214865633226308,-0.0011372447557763,0.0130981336850439,0.0023716515769931,-0.0083231347049211,-0.0031422383935922,-0.0088917463463959,0,0,0
12,7,715.0,0.0013125925951923,0.0187060981348878,5.622489837445712e-05,0.0101404694553924,0.0041595750687649,-0.0050179111314966,-0.0071264234111756,-0.0031759395864828,0,0,0
12,8,716.0,0.0010606915743912,0.0155646086200163,-4.884948816335908e-05,0.0086105412708712,0.0033121024164844,-0.0044728069485112,-0.0056430654903444,-0.0032314983642109,0,0,0
12,9,717.0,0.0011462753782042,0.0113078531045451,0.0010635829561777,0.0044916110798111,0.0041508381546935,-0.0003869475628936,-0.0072754529640751,0.0028601461223477,0,0,0
12,10,718.0,0.002140021338104,0.0198585248716111,0.002258029532582,0.0072780493552713,0.0079693040974234,0.0003985133352085,-0.0141154686602835,0.0071979741111144,0,0,0
12,11,719.0,0.0012903326626157,0.0149661783321918,0.0007590335801126,0.0070264754209045,0.0045352283226426,-0.0022006357295133,-0.0079991822409621,0.0008878331389609,0,0,0
12,12,720.0,0.0019858041456584,0.0165731485186247,0.0024109503370861,0.0049982336442713,0.0071513661082061,0.0018208523115633,-0.0121689894582604,0.0080210316336423,0,0,0
12,13,721.0,0.0009890595428757,0.0130047561228601,0.000265811583447,0.0067210168401963,0.0032845776837322,-0.0029431398636673,-0.0057060836307883,-0.0011859955909838,0,0,0
12,14,722.0,0.001014050621296,0.0194184478181234,-0.001006003404334,0.0118101619308553,0.0021849220398709,-0.0074766736747728,-0.0029228349592444,-0.0079515197775954,0,0,0
12,15,723.0,0.0011636950012802,0.019344710441683,-0.0005306789470461,0.0112849051888934,0.0031941204631473,-0.0065791430960828,-0.0051049096528787,-0.0060791792557922,0,0,0
12,16,724.0,0.0011400453712959,0.0129471333264103,0.0007273746066033,0.0059381356698062,0.0040195207985881,-0.0016687281261253,-0.0070851125165632,0.0012150697241506,0,0,0
12,17,725.0,0.0006307395085678,0.0148824740932827,-0.0012098559641966,0.009362768750221,0.0006699154598162,-0.0062871489770736,-0.000123769774965,-0.0072517701924109,0,0,0
12,18,726.0,0.0006993121085654,0.012262237146832,-0.0004511593845682,0.0072057946184652,0.0017419052051501,-0.004275808682696,-0.002628011768205,-0.0041054731279806,0,0,0
12,19,727.0,0.0013093145007354,0.0142715525837736,0.0009379221621042,0.006287196917686,0.0045669573509286,-0.0015013136859379,-0.0079212599641846,0.0017397436314435,0,0,0
12,20,728.0,0.0008449170103139,0.0139991470617496,-0.0003778326192904,0.0081658872700696,0.0023208464620422,-0.0047681483967858,-0.0036965766606884,-0.0044382544591877,0,0,0
12,21,729.0,0.0008037610464313,0.0131922954732934,-0.0003296762911088,0.0076020840036741,0.0022070680872868,-0.004323600035,-0.0035271996359003,-0.003819274345521,0,0,0
12,22,730.0,0.0004756179950774,0.0103048863485012,-0.0007198672489026,0.0064185737790258,0.0007523496990369,-0.0042300097306647,-0.0007139748115756,-0.0047414536689492,0,0,0
12,23,731.0,0.0006138346588136,0.0136585600138207,-0.0010049211418218,0.008521173488763,0.0008605425361841,-0.0056341008206261,-0.0006390006292638,-0.0063488754218957,0,0,0
12,24,732.0,0.0011713979523422,0.0212129142749505,-0.0008976934313069,0.0126285939913091,0.0027934385553863,-0.0076677521909374,-0.0040972974763283,-0.0076073250178071,0,0,0
12,25,733.0,9.441248241575044e-05,0.0162471322964755,-0.0030410022990344,0.0110029729967977,-0.0032946153241176,-0.0081620101771958,0.0079416322456804,-0.0103043963264023,0,0,0
12,26,734.0,0.0006960680368789,0.0167202802437868,-0.0013882509019963,0.0105285777015368,0.0007095357635417,-0.0070615832629517,-0.0001183702165672,-0.008089521347605,0,0,0
12,27,735.0,0.000749142842449,0.0117395634477753,-0.0001879539080707,0.0066564261605052,0.0021948805275427,-0.0036466917143287,-0.0036451680328112,-0.0029617057916763,0,0,0
12,28,736.0,0.001855270354013,0.025620992814309,0.0002548896957358,0.0137075740599877,0.0060842080963851,-0.0065374735667157,-0.010599975982192,-0.0036223556295711,0,0,0
12,29,737.0,0.0007661012502066,0.0152075506253602,-0.0008720631515521,0.0093424448352195,0.0015412531350213,-0.006016339362937,-0.0019404592343001,-0.0065474111785511,0,0,0
12,30,738.0,0.0008789226473578,0.0137443220298514,-0.0002206654396398,0.0077389007396667,0.0025084556060444,-0.0042025972541548,-0.0040687540933954,-0.0034105773806979,0,0,0
12,31,739.0,0.0016691978037028,0.0180323138597141,0.0012560701833115,0.0079590708436007,0.0060553251617156,-0.0018009787324086,-0.0107828019199576,0.0026924801616116,0,0,0
12,32,740.0,0.000794282526888,0.0107420873038841,0.0001479236397501,0.0056137270983594,0.0025440245301935,-0.002552017142439,-0.0043288249479898,-0.0012606841482805,0,0,0
12,33,741.0,0.0008670766553849,0.0137027545324679,-0.000247423873447,0.0078008515970947,0.0024852760118862,-0.0043308693055647,-0.0040490567922451,-0.0036614369145466,0,0,0
12,34,742.0,0.0009286804729833,0.0160620083074696,-0.0005555995878049,0.0094502435384768,0.0023785571076137,-0.0056130982383922,-0.0036373297442879,-0.0053809678233316,0,0,0
12,35,743.0,0.0011623228492318,0.0152930917950719,0.0003133814001528,0.0079430483296415,0.0039028006735315,-0.0035124275473735,-0.0068328375440585,-0.001450346789274,0,0,0
12,36,744.0,0.0018796343296353,0.0168000532637914,0.0020956705527672,0.0057776133893076,0.0069253636865301,0.000877710168422,-0.012102692277117,0.0068606596060836,0,0,0
12,37,745.0,0.0012875759906863,0.0150788408652997,0.0007242123209973,0.0071311868480773,0.0044834799634618,-0.0023183272804256,-0.0078672555906955,0.000664979597418,0,0,0
12,38,746.0,0.0008800814853265,0.0117134649756587,0.0001866174730902,0.006029701326574,0.0027325237016146,-0.0027036866654401,-0.0045124549680251,-0.0014175371110615,0,0,0
12,39,747.0,0.0023122074018996,0.0148214791245238,0.0036138685333234,0.0016728768870105,0.0080624307424461,0.0056810314260705,-0.0129357309965566,0.0132670292437963,0,0,0
12,40,748.0,0.0016958205984962,0.0086540264421837,0.0029747901814664,-0.0007909432425444,0.0054326479242421,0.0055392036662738,-0.0079396620358625,0.0102846994472265,0,0,0
12,41,749.0,0.0031936071606881,0.0108945383281121,0.0063530921130426,-0.006393681528435,0.0088751960395104,0.0135769089514011,-0.0107045928171979,0.020020647531107,0,1,1
12,42,750.0,0.0032526819105285,0.0055313398837588,0.006811637881909,-0.0109343076403707,0.0062046418496634,0.0143589769234563,-0.0035959660350259,0.0140419192424059,1,1,1
12,43,751.0,0.0040834222974271,0.0054076627067177,0.0084934517202689,-0.0146401277057032,0.0066694133858093,0.0172467491175356,-0.0021736259852198,0.0142788745645359,1,1,1
12,44,752.0,0.0058747905430621,0.006283783152508,0.0122323004754253,-0.0221076518948098,0.0086297616717935,0.024477497167652,-0.0008714793337831,0.0178932808874248,1,1,1
12,45,753.0,0.0040623013128216,0.0048191765019559,0.0085141450012683,-0.0150783034757337,0.0064131473114541,0.0174263583389262,-0.0014490728726048,0.0139331994684432,1,1,1
12,46,754.0,0.0054139739353757,0.0044286124171926,0.0110625314630653,-0.0208543271701246,0.0065927665851577,0.0208002496429859,0.0015443958654804,0.0117220887884004,1,1,1
12,47,755.0,0.0037268105972616,0.0041797934225332,0.0076186948532068,-0.0135758440628579,0.0053485611417607,0.0147117750015199,-0.0008525329648641,0.0106141305535247,1,1,1
12,48,756.0,0.0080468958651375,-0.0008116419500475,0.0142808282185282,-0.0311376110617272,0.0012510518368613,0.0161662865073844,0.0131001662140017,-0.0113605375356258,1,1,1
12,49,757.0,0.0068789407272964,-0.0027170664407069,0.0109316815899861,-0.0249334085031112,-0.0018899423246331,0.0062893472687796,0.0116444556166826,-0.0168304926662197,1,1,1
12,50,758.0,0.0080392849907001,0.0011137876435879,0.0152799430408837,-0.0321893651245071,0.0038713226740508,0.0220862193779947,0.0114122895339816,-0.0033183367421181,1,1,1
12,51,759.0,0.0083301546016598,-0.0041502265103823,0.0128408390827528,-0.0298931943222557,-0.0037599323727681,0.0042527237120015,0.0150359973897657,-0.0253226211747824,1,1,1
12,52,760.0,0.0058677259420051,-0.0018403225332011,0.0092616938538047,-0.0207141318546253,-0.0010228787363463,0.0058252301763253,0.0082210527181822,-0.0107410118683219,1,1,1
12,53,761.0,0.0082569180903646,-0.0046461235361344,0.0122744362387952,-0.0288647421380835,-0.0044220457600291,0.002146946652397,0.014525698296165,-0.0259900876025518,1,1,1
12,54,762.0,0.0059661237267224,-0.0054320137558553,0.0060328978608186,-0.0148432933545442,-0.0043284060581119,-0.0049668518683017,0.0046535795308342,-0.0106173626333037,1,1,1
12,55,763.0,0.0090247936808959,-0.0102483452842957,0.0079172116486768,-0.0211282329334973,-0.0113491399458708,-0.0207845343355384,0.0048981153316516,-0.0224757948327487,1,2,2
12,56,764.0,0.0072679655792459,-0.009813873016185,0.0035409465499212,-0.0103580586684236,-0.0073029851244241,-0.0151373317112141,-0.0001425015752027,-0.0068964182060339,1,2,2
12,57,765.0,0.0086020763057539,-0.0123109787268328,0.0036844042020115,-0.0115911872952109,-0.0108985813695444,-0.0250993616347227,-0.0042690397249918,-0.0021318973250499,1,2,2
12,58,766.0,0.0111611116343508,-0.0162407761547093,0.0050533461237605,-0.016240281027594,-0.0172925024978893,-0.041406054116347,-0.0087456137238967,-0.0015205919528955,1,2,2
13,0,767.0,0.0013190794503634,0.0149064637304439,0.0008454599115183,0.0068400050663176,0.0046199898062162,-0.0019786510951643,-0.0080811824431088,0.0011535696121128,0,0,0
13,1,768.0,0.0014628153770696,0.0107554127983047,0.002039076692365,0.0023442501207513,0.0051951984397361,0.0024867162838198,-0.0086033338149368,0.0071726810439087,0,0,0
13,2,769.0,0.0025823467287115,0.0145592029560161,0.0043593026533833,2.9243161248901677e-05,0.0087091006361388,0.007755505968541,-0.0134106649634492,0.0159005519785965,0,0,0
13,3,770.0,0.0014408119660884,0.0141297714736476,0.0013515295293918,0.005554004642103,0.0051992611170031,-0.0003973586665909,-0.0090824078488982,0.0037051171733676,0,0,0
13,4,771.0,0.0019030075169477,0.0119409138249175,0.0029920092670045,0.0011764864888362,0.0065114261982418,0.0046917972713218,-0.0103105084906875,0.0105719550303001,0,0,0
13,5,772.0,0.0017744189192822,0.0104540657553499,0.0029345117002185,0.000442746059585,0.006117375914988,0.0050484054316157,-0.009632135870692,0.0108519122675565,0,0,0
13,6,773.0,0.0017484727350373,0.0113638318352615,0.0027032509892177,0.0014390638036732,0.0061275790912019,0.0041167673243651,-0.0099138752100304,0.0098126569607429,0,0,0
13,7,774.0,0.002520843094916,0.0173371293160287,0.0037072740524779,0.0029714593682449,0.008814075128776,0.0050807562383018,-0.0143660138133597,0.0130108100930985,0,0,0
13,8,775.0,0.0027339678400176,0.0067109021073859,0.0056384849192938,-0.0076312332323663,0.0063602409890506,0.0121276121466704,-0.0058424806619074,0.0146635254681349,0,1,1
13,9,776.0,0.004215378722407,0.0070919774031251,0.0088571357518782,-0.0142677251264379,0.0080981690457215,0.0188126780864447,-0.0047574136141167,0.0186704459409522,1,1,1
13,10,777.0,0.0057309036172349,0.0045884061262615,0.0116614318635201,-0.0220198657983619,0.006924359495628,0.0219550312262287,0.0017308067368644,0.0123364348138136,1,1,1
13,11,778.0,0.0041555859063029,0.0064945898333555,0.0087409108206042,-0.0144254208238264,0.0076562455987506,0.018426078003416,-0.0039094127231587,0.0174182957617869,1,1,1
13,12,779.0,0.0041443065049873,0.0050808422441565,0.0085658635600748,-0.0149948387763098,0.0064558027563716,0.0171151314047779,-0.0017771051831813,0.0136805586085884,1,1,1
13,13,780.0,0.0054868039737614,0.0105885727467945,0.0115642149618872,-0.0176974982919035,0.0115746443230824,0.0251127673846116,-0.0085721763489454,0.0276253308784715,1,1,1
13,14,781.0,0.0036492686921264,0.0104418394588732,0.0074901012343934,-0.0090611340530471,0.0094832333166603,0.0164120906045803,-0.0103428616829729,0.0224623751766307,0,1,1
13,15,782.0,0.0043966603554998,0.0082121830831786,0.0093005039947975,-0.014446225678625,0.0091427162490674,0.0202364056547991,-0.0064186705565805,0.0217987297421601,1,1,1
13,16,783.0,0.0036500312395886,0.0069190935540526,0.0076151355657496,-0.0117122413697009,0.0074223811644827,0.0162088963508682,-0.0051939704418531,0.0170802922082235,1,1,1
13,17,784.0,0.0036522196781828,0.0034546532524029,0.0074002775223885,-0.0135461908428504,0.0050053716451075,0.0146426230197592,5.5892992017264815e-05,0.0097089168202169,1,1,1
13,18,785.0,0.0060671889070879,0.0076902624965057,0.0127227210110122,-0.0221908468498846,0.0099362558320093,0.0262135362711777,-0.0029843404899366,0.0218524545530598,1,1,1
13,19,786.0,0.005380228415343,0.0025748805293271,0.0106842550736777,-0.0213071255539538,0.0046873383181366,0.0181793091149278,0.0047082544891678,0.0050283298350586,1,1,1
13,20,787.0,0.0069219683843108,0.001630878626791,0.0133257518164392,-0.0276274980087844,0.0041292632714368,0.0203309397972358,0.0087447440063503,-0.0001385316519936,1,1,1
13,21,788.0,0.0079897850955445,0.0002685390207861,0.0148374108813508,-0.0317602827464726,0.0027448644729526,0.019723735020286,0.0124396344465189,-0.0071047097467516,1,1,1
13,22,789.0,0.0071089335552672,0.0023528383701285,0.0140084317871884,-0.0286647472635882,0.0051587460033421,0.0228541047029624,0.0082167606258727,0.0029294860525065,1,1,1
13,23,790.0,0.0067879941373104,-0.0022408145867446,0.0109935189740536,-0.0247665935590218,-0.0011031929857801,0.0079905388797357,0.0111515283576694,-0.0144332199321616,1,1,1
13,24,791.0,0.0067486564745897,-0.0035670929852539,0.0098793958888374,-0.022939607414126,-0.0028243413213817,0.0031209346515887,0.0107970291769327,-0.0178275356133297,1,1,1
13,25,792.0,0.0094985277231146,-0.0081493545266662,0.0114800641751781,-0.0285302514046116,-0.0091385051003292,-0.0105295239694301,0.0125062224034028,-0.0316455741916529,1,1,1
13,26,793.0,0.0099640704710353,-0.0106622671599885,0.0096020855634432,-0.0251238379430591,-0.0120293893835461,-0.0204923848082332,0.0074479466875764,-0.0276272197127668,1,2,2
13,27,794.0,0.007799569101349,-0.00840229628169,0.0071281512208306,-0.0185735284306282,-0.0084533748231147,-0.0140044711079073,0.005376984092747,-0.0187030807106027,1,2,2
13,28,795.0,0.0103602418848855,-0.010389708440007,0.0107578391332358,-0.0276090462718059,-0.0115228785181446,-0.017689833473032,0.0098190562841919,-0.030738840305515,1,1,1
13,29,796.0,0.0081157596593968,-0.0094289910528717,0.0068191399160111,-0.0183587816479549,-0.0103751645900606,-0.0196153595249826,0.0034100170268516,-0.0183682648314992,1,2,2
13,30,797.0,0.0081349632949461,-0.0111651452090318,0.003065232809285,-0.0090386956919892,-0.0050238926108531,-0.0087145816068617,0.0025353526865553,-0.0096657719110789,1,2,2
13,31,798.0,0.0077797965328242,-0.0107232836443998,0.0039352661680746,-0.0118009937393352,-0.0097474311211445,-0.0215640924665363,-0.0021789772013875,-0.0057318107836525,1,2,2
13,32,799.0,0.0104145856835691,-0.0163200585920305,0.0026175900892426,-0.0102389814508987,-0.0149502486956286,-0.0382174117349509,-0.0127490694358226,0.0125284320730864,2,2,2
13,33,800.0,0.008222699336374,-0.0119978241060598,0.0031727311236559,-0.0103007657638488,-0.0103365518498913,-0.0241528566269944,-0.0045972084776514,-0.0008927349228966,1,2,2
13,34,801.0,0.0111693312518386,-0.0147422606040221,0.0072067083209638,-0.0208425287266098,-0.0159744742948371,-0.034271270530945,-0.0006061390524273,-0.0182953692369868,1,2,2
13,35,802.0,0.0120495733991883,-0.0198606429883513,0.0012610834154336,-0.0076973433706796,-0.0162703352857312,-0.043843634232292,-0.0190061480686945,0.028250592227028,2,2,2
13,36,803.0,0.0110276432082107,-0.0192343518187438,-0.0010660914509923,-0.0015831304143889,-0.0120591021174577,-0.0348981665376047,-0.0200800265764015,0.0401637909526524,2,2,2
13,37,804.0,0.010041142435876,-0.0163712579062879,0.0001575159141911,-0.0033388843397867,-0.006927744966369,-0.0172671731436293,-0.0056365733786994,0.0081518360948535,2,2,2
13,38,805.0,0.0126733477819835,-0.0233875619543924,-0.0039895108850083,0.0050581995373976,-0.009571108672938,-0.0309274646035363,-0.0238263469445723,0.0577851322051597,2,2,2
13,39,806.0,0.0119351502695783,-0.0225576109550381,-0.005202933384649,0.0086048878499054,-0.0046956284275649,-0.0171350552130214,-0.0152456592518982,0.0385751736566732,2,2,2
13,40,807.0,0.0106081803529552,-0.0212999361647479,-0.0078499343610862,0.0161092547365454,0.0045987776975074,0.0086406095066544,0.0001015291759498,0.003786851013142,2,2,2
13,41,808.0,0.0119456834965103,-0.0224153769582649,-0.0054288278995077,0.0096099168105102,-0.0008044616536724,-0.0043673891409622,-0.0036331523884928,0.0075430567288694,2,2,2
13,42,809.0,0.0129443847413469,-0.0244462802500779,-0.0064026874863667,0.0118574049423724,0.0012065686874999,0.0013758177191533,0.0003823577045367,-0.0021222289350999,2,2,2
13,43,810.0,0.0089126785345153,-0.0181087476869507,-0.0072111163056053,0.0151934473391399,0.0058930106041612,0.0130326562799854,0.0039490769200291,-0.0063226431159946,2,2,2
13,44,811.0,0.0065086281486661,-0.0123018398333093,-0.0032985646279261,0.0061956623544063,0.0009422704631306,0.0016125273978354,0.0006357236931528,-0.0018688764631845,2,2,2
13,45,812.0,0.0089059188541184,-0.0180740316440204,-0.0071724030102045,0.0151053362685964,0.0058530980202936,0.012937066618914,0.003882398299272,-0.0061304300211359,2,2,2
13,46,813.0,0.0090013410556899,-0.0166088067105588,-0.0038543001404559,0.0068790357041443,0.0001946401617593,-0.0006868539192442,-0.0011959058828555,0.002972654727237,2,2,2
13,47,814.0,0.0119463134700343,-0.0223772621265259,-0.0053593608504608,0.0094460622715288,-0.0008659846009682,-0.0044660800357724,-0.0035720566891536,0.007266463775075,2,2,2
13,48,815.0,0.0140820317870861,-0.026957999271812,-0.0078164853633834,0.0150662781536978,0.0030277147142563,0.0057136485727755,0.0019875057038168,-0.0052926913044949,2,2,2
13,49,816.0,0.0089237370422936,-0.0181670940582916,-0.0072831965171454,0.0153595993814873,0.0059397989892767,0.0130842264202745,0.0038842785116054,-0.0062221472418512,2,2,2
13,50,817.0,0.0128257890427846,-0.0248689285869214,-0.0073793005818216,0.0140703231760539,0.0011726167720419,-0.0002296960001228,-0.0023866028930939,0.0028721449703386,2,2,2
13,51,818.0,0.0089435986077154,-0.0182755418007908,-0.0074480845359893,0.0157665401295215,0.0062234609943788,0.0137630447483764,0.00409977655585,-0.0065147226012742,2,2,2
13,52,819.0,0.0089559292451491,-0.0183447165283209,-0.0075679848542061,0.0160726007168526,0.0064945464819562,0.0144612491154917,0.004391261052029,-0.00695064246061,2,2,2
13,53,820.0,0.0089389277569753,-0.0182526881261438,-0.0074342191943167,0.0157465786378473,0.006290077732877,0.0139916485231459,0.0042746980036296,-0.0068380779615141,2,2,2
13,54,821.0,0.010216802345437,-0.0193616191760186,-0.0053476799719675,0.0101879552745713,0.0020002261552128,0.0039271249508541,0.0017124755889188,-0.0045752395736238,2,2,2
13,55,822.0,0.0089402414530159,-0.0182600485942269,-0.0074469077227181,0.0157789277747588,0.0063185257417684,0.0140647908953045,0.0043050615364412,-0.0068833124042122,2,2,2
13,56,823.0,0.0089405614118323,-0.0183224780494074,-0.0075778311727989,0.0161041140004016,0.0065372704615671,0.0145753480285993,0.0044414849874226,-0.0070242262608396,2,2,2
13,57,824.0,0.0089170273282059,-0.0182796987771751,-0.007569421527502,0.0160903871802784,0.006539274450447,0.0145816739906193,0.0044413084531904,-0.0070165320781394,2,2,2
13,58,825.0,0.0086694949594334,-0.0177763763819528,-0.0073676704590288,0.0156642774864772,0.006369901738883,0.0142034596921989,0.0043214216624191,-0.0068173858050753,2,2,2
14,0,826.0,0.0006867921589962,0.0124292069573168,-0.0005276698378279,0.0074328657743552,0.0016450601431361,-0.0045569955779411,-0.0024035494158341,-0.0046046368866935,0,0,0
14,1,827.0,0.0005709493141457,0.0106698455696452,-0.0005092040591631,0.0064248145986909,0.001284482200287,-0.0039886658774033,-0.0017905689094138,-0.0041064283809502,0,0,0
14,2,828.0,0.000685228537125,0.0143064346403907,-0.0009261022619813,0.0088327546967547,0.0011883820754123,-0.005739597117812,-0.0012710876977976,-0.0063245260258852,0,0,0
14,3,829.0,0.0011372845143991,0.0137646707268075,0.0005489950603674,0.0066895410883076,0.003916165041381,-0.0024113512072233,-0.0068726416082461,7.580827346041638e-05,0,0,0
14,4,830.0,0.0008229362653368,0.0107747434242731,0.0002336446949204,0.0055393654670282,0.0027475032458639,-0.0023770810844433,-0.0047962877605629,-0.0008308503456449,0,0,0
14,5,831.0,0.0009073693894261,0.0091436824472017,0.0008093033629834,0.0037153964582132,0.0032931693121101,-0.0004183174700963,-0.0057963161273477,0.002189694210923,0,0,0
14,6,832.0,0.0021963953795959,0.0209221093352474,0.0022209049630474,0.0079629368544218,0.0082103403667247,-4.77849210755422e-06,-0.0146370997377802,0.0069543308117761,0,0,0
14,7,833.0,0.001623840468273,0.0154763905563523,0.0016329663532586,0.0058993649939852,0.0060328748205482,-5.260377467540405e-05,-0.0107089609558056,0.0049674338445481,0,0,0
14,8,834.0,0.0009264423309516,0.0089475299582577,0.0008954828461169,0.003445323954385,0.0033449038719546,-0.0001409001281002,-0.0058303786440639,0.0025319833616262,0,0,0
14,9,835.0,0.001542030981704,0.009201661482043,0.0025169438535269,0.0004966913268329,0.0052697460376539,0.0042436022869081,-0.0082710755591746,0.0091705120229181,0,0,0
14,10,836.0,0.002375468919828,0.0126134801459737,0.0041438911600411,-0.0006995242704842,0.007922305570341,0.0077274593925087,-0.0119809583936677,0.0151585365856157,0,0,0
14,11,837.0,0.0025696189827116,0.0132818725137011,0.0045462661078298,-0.0010895416006974,0.008544186816915,0.0086365032910134,-0.0128555417447463,0.0166919643830889,0,1,0
14,12,838.0,0.0024284215295621,0.0093622117812942,0.0047163049179762,-0.0039175356810261,0.0071633308803508,0.0099089121077962,-0.0093384121227214,0.0157579937431317,0,1,1
14,13,839.0,0.0031882821904741,0.0065816312654285,0.0065821171050806,-0.0097273755363766,0.006661411122307,0.0138243978518483,-0.0051834796318524,0.0150833821665836,0,1,1
14,14,840.0,0.0030795085841534,0.0086773635374303,0.0062769550282051,-0.0076620154178878,0.007787281780009,0.0135332660258275,-0.0083043931381037,0.0180585993177829,0,1,1
14,15,841.0,0.0051660084575073,0.0087789989889317,0.0109331933294502,-0.0175733776248909,0.0101813182265357,0.0235601437912165,-0.0062605374669116,0.0240670864516078,1,1,1
14,16,842.0,0.0066704535220061,0.0025211349411093,0.013133006333138,-0.0266297212234608,0.0051584499778041,0.0217298376030166,0.0070212919015069,0.0039633323181916,1,1,1
14,17,843.0,0.0062765619484047,0.0054774441425735,0.012880311920381,-0.0240327632766017,0.0081131985556911,0.0248046044896085,0.0009270781546351,0.0156614300515698,1,1,1
14,18,844.0,0.0085429101615789,0.0020422000860301,0.0165467340446484,-0.0343283548507721,0.0052070534017508,0.0255961729339133,0.0110559811859791,-7.652474298056657e-05,1,1,1
14,19,845.0,0.0062509388173468,0.0007027836115068,0.0116967451873162,-0.0246886663392026,0.0027137627456507,0.0162247901780211,0.0087225891635658,-0.0032995315847629,1,1,1
14,20,846.0,0.0048180737839034,0.0019821842586077,0.0095748078734784,-0.0193473888896329,0.0038805822933987,0.0160516808532793,0.0050252829489986,0.003149490932553,1,1,1
14,21,847.0,0.0055078680304314,0.0017704648501681,0.010885022399487,-0.0223299891655028,0.0039570626116297,0.0177727518966009,0.0065886479370689,0.0019947251486647,1,1,1
14,22,848.0,0.0084297726696139,0.0006717890057169,0.0158227664155506,-0.0336348919765203,0.0033997624536267,0.0218381844397059,0.0126471207565414,-0.0058238321141427,1,1,1
14,23,849.0,0.0066104721119858,0.0012144753036433,0.012699616609491,-0.0265806880321235,0.0035615590806382,0.0189293941507589,0.0090053728813146,-0.0014452404835285,1,1,1
14,24,850.0,0.0081281751797007,-0.0048698144289376,0.011820207876286,-0.0279725172011528,-0.0048691840547971,0.0005138159316664,0.0138525152431414,-0.026048330487192,1,1,1
14,25,851.0,0.0060815950612705,-0.0011816107215474,0.010531042330018,-0.0233140762460011,0.0001055139537959,0.0103174504588664,0.0103559774598374,-0.0109853672214462,1,1,1
14,26,852.0,0.007703460190378,-0.0044281013211377,0.0112858030706909,-0.026543506857891,-0.0040612903752827,0.0019296708876171,0.0131144224033111,-0.0231296250389302,1,1,1
14,27,853.0,0.007671038872554,-0.0092613376079742,0.0049040911249875,-0.013149230899832,-0.0063733386714428,-0.0112238585973273,0.00199873999265,-0.0077070744823902,1,2,2
14,28,854.0,0.0095703051327694,-0.0095840630368814,0.0100045576927452,-0.025683886436486,-0.0107371938628214,-0.0164534379082835,0.0092929012791108,-0.0290357570033996,1,1,1
14,29,855.0,0.0066720257563556,-0.0055362367385655,0.0080028276682555,-0.0196566546855967,-0.0055819606053071,-0.0055225381354097,0.0082530050378358,-0.0189696659382566,1,1,1
14,30,856.0,0.0099131631838066,-0.0106596025978756,0.0095156688865634,-0.0249418085828563,-0.0120646309735025,-0.0206615592982302,0.0073729056442325,-0.0276723663653868,1,2,2
14,31,857.0,0.0114503754141638,-0.0162239435331626,0.0058584214365984,-0.0181538201659219,-0.0176503974351838,-0.0412347073390192,-0.0069545082599836,-0.0062041043017983,1,2,2
14,32,858.0,0.0103769861780206,-0.0145382405011307,0.005540134823584,-0.0169436900118954,-0.0158686019081705,-0.0366752825504903,-0.0055595046995332,-0.0070322812234428,1,2,2
14,33,859.0,0.0109969606677886,-0.0159907765550868,0.0050164069914327,-0.0160987307430117,-0.0170772685327914,-0.0408157561719992,-0.0084074722039252,-0.0022203589186131,1,2,2
14,34,860.0,0.0103841873059846,-0.0161184692935453,0.0028026145081898,-0.0106028711519871,-0.0147740873698015,-0.0375272900504815,-0.0123486874877402,0.0122370102936809,2,2,2
14,35,861.0,0.0088815028611812,-0.0142115772266755,0.001231715551164,-0.0060016830340703,-0.0097522047177063,-0.0248008164003791,-0.0082262828144563,0.0088347237950664,2,2,2
14,36,862.0,0.011118448263404,-0.0190544118439975,-0.0003060273612151,-0.003528186921521,-0.013383121791652,-0.03773487059033,-0.0196434679456084,0.0355278000698317,2,2,2
14,37,863.0,0.010088459649662,-0.0165344064439031,0.0009898888097682,-0.0060829446183138,-0.0121135624356119,-0.0319140170135329,-0.0124070853490453,0.0165549927496965,2,2,2
14,38,864.0,0.009031577621034,-0.0170003493411956,-0.0040432928205486,0.0069774049028301,-0.001750233999302,-0.0070086198085252,-0.0058722285618678,0.0133133609580943,2,2,2
14,39,865.0,0.0123621579350243,-0.0240453867715093,-0.0070851267824167,0.013321329793318,-0.0006019445945425,-0.0064318206802536,-0.0100682877388728,0.0286810913522941,2,2,2
14,40,866.0,0.0086462541201732,-0.0166510986466474,-0.0049732196243207,0.0096564275052121,0.0019600936609243,0.0035604946052962,0.0008441861889823,-0.0019595473871832,2,2,2
14,41,867.0,0.0101220247596667,-0.0205524784707817,-0.0080900295032098,0.0169514280805996,0.006083172267627,0.0129128822921333,0.0029296983357151,-0.0030768199311337,2,2,2
14,42,868.0,0.0089519887468808,-0.0183230610058517,-0.0075330756659882,0.0159844279960894,0.006413583614973,0.0142412367776926,0.0042499553256748,-0.0065817442843184,2,2,2
14,43,869.0,0.0089318118783976,-0.0182151515623225,-0.0073847443171858,0.0156277240616469,0.0062058377947586,0.01376927130992,0.0041242222978576,-0.0064301980362209,2,2,2
14,44,870.0,0.0118296057197545,-0.0218615578093885,-0.0051430315404215,0.0092373024958488,0.0004074620582487,-0.0005355964947786,-0.0014638965476743,0.0037893610799929,2,2,2
14,45,871.0,0.0089312864202124,-0.0182120166037231,-0.0073777276677057,0.015608755609859,0.0061818981480914,0.013701144343033,0.0040808962593662,-0.0063326131526612,2,2,2
14,46,872.0,0.0089424778311802,-0.0182694746601915,-0.0074377751674165,0.0157392020278518,0.0061788306086492,0.0136160932935315,0.0039275210691256,-0.0059291020469776,2,2,2
14,47,873.0,0.0122170736971382,-0.0236962519691607,-0.0069866826383707,0.0132359482789016,0.000361763945695,-0.0029417452504668,-0.0059088028715123,0.0154443177692822,2,2,2
14,48,874.0,0.0089425550177877,-0.0182693274285985,-0.0074335175874798,0.0157262425125463,0.0061587311977622,0.0135609033186433,0.0039034030631469,-0.0058952177569451,2,2,2
14,49,875.0,0.0089317598938834,-0.018210930707809,-0.0073501102042143,0.015524858349282,0.0060527067697512,0.0133469186002611,0.0039268299953015,-0.0061167163728953,2,2,2
14,50,876.0,0.007040910289655,-0.0129806054160844,-0.0026415912859421,0.0042315746861585,-0.0016703007217934,-0.0055440272159887,-0.0031175438130232,0.0053881386940232,2,2,2
14,51,877.0,0.0089340467024383,-0.0182237807616415,-0.0073727157003906,0.0155828968569805,0.0061078164773769,0.013493760584688,0.0040041957721114,-0.0062796084037343,2,2,2
14,52,878.0,0.0089573348283396,-0.018352336965415,-0.0075792057094202,0.0161000724264635,0.0065123044549307,0.0145019294121575,0.0043970461907305,-0.0069316885000692,2,2,2
14,53,879.0,0.0089576161528803,-0.0183539276703092,-0.007582024592921,0.0161072815014734,0.0065185368861115,0.0145176678269715,0.0044027213620223,-0.0069382658323533,2,2,2
14,54,880.0,0.0089568570576084,-0.0183497962034693,-0.0075757918784256,0.0160918914481622,0.0065072966091246,0.014489818548612,0.0043909363322749,-0.0069147026492928,2,2,2
14,55,881.0,0.0089369360993496,-0.0182401274806926,-0.0074016730175862,0.0156568874466256,0.0061707306564056,0.0136510826926344,0.0040559893464893,-0.0063243557682937,2,2,2
14,56,882.0,0.0119546062076027,-0.0224646895051986,-0.0055104673628209,0.0098162546812686,-0.0006290732399534,-0.0039142901866562,-0.0034102797635984,0.0070486641739547,2,2,2
14,57,883.0,0.0131651315812326,-0.0254365336354226,-0.0077094574200291,0.0150045925086099,0.0028259515170076,0.0045799847844175,-4.227177912005284e-05,0.000797883729305,2,2,2
14,58,884.0,0.0086502559790817,-0.0176707594494113,-0.0072021031295877,0.0152518794109108,0.0060564950892031,0.0134258707641377,0.0040163169319976,-0.0062953658781788,2,2,2
15,0,885.0,0.0012653349018925,0.018891349234017,-0.0001261932464987,0.0105386325553525,0.0038928548039501,-0.0055800225801005,-0.006590668631858,-0.0042197398814458,0,0,0
15,1,886.0,0.000774438455134,0.0152382972208678,-0.0008525253387743,0.0093520446686666,0.0016014858662261,-0.0060098664036429,-0.0020787736065181,-0.0065147758276734,0,0,0
15,2,887.0,0.0007253753485159,0.0159070519844482,-0.0011431893350434,0.009997916270314,0.0011159775531987,-0.006698947704686,-0.0009812025252479,-0.0076992370032133,0,0,0
15,3,888.0,0.0004508198456311,0.0128763505361825,-0.0013265136166097,0.0083230534389836,-2.6397681332913883e-05,-0.0058251489421484,0.0011181752048032,-0.0070422010539983,0,0,0
15,4,889.0,0.0006767088594476,0.016272794378918,-0.001368463482889,0.0103874332340728,0.0006876603474424,-0.007141041268923,-2.681169837230557e-05,-0.0084816636204337,0,0,0
15,5,890.0,0.0007030626398854,0.0148441524358573,-0.0009862307000719,0.0092555492454798,0.0012212513564498,-0.0061132641743599,-0.0013066125403691,-0.0068819432230966,0,0,0
15,6,891.0,0.0004869565553621,0.0126600711930362,-0.0011831227495767,0.0081710366129447,0.0002677604692903,-0.005715083988441,0.0005396272493291,-0.0069268876759544,0,0,0
15,7,892.0,0.0005444248988544,0.0136912129914906,-0.0012274624623527,0.0088217581757236,0.0004196944153113,-0.0061553016268069,0.0003127016241713,-0.0074430625990927,0,0,0
15,8,893.0,0.0005018321522362,0.015130358456365,-0.0016446100399586,0.0098475241907923,-0.0002307885025353,-0.006962677758247,0.001747030251644,-0.0085082773141225,0,0,0
15,9,894.0,0.0002526933538509,0.0126261494211088,-0.0018517270160996,0.0084101421309911,-0.0013267097418481,-0.0061322794498171,0.0037323589338094,-0.0077001708623401,0,0,0
15,10,895.0,0.0001218232754589,0.0113619593659498,-0.0019692316181833,0.0076903048038435,-0.001905077670666,-0.0057205907797214,0.0047774280230418,-0.0073020983732175,0,0,0
15,11,896.0,0.0006330932584083,0.0182274339498615,-0.0018943073891167,0.0117869129443724,-8.448302160521623e-05,-0.0082511102797254,0.0016912882299356,-0.0099650609500933,0,0,0
15,12,897.0,-6.668780510877294e-05,0.0101136417989072,-0.0022181770016114,0.0068399649464798,-0.0027822943475947,-0.0050087062836934,0.006142938146573,-0.0061152694986478,0,0,0
15,13,898.0,-0.0002019737701849,0.0173729546406997,-0.0040529262275896,0.0118346551166571,-0.0053325507603488,-0.0087477106572636,0.0116216141594104,-0.0107896439601555,0,0,0
15,14,899.0,-0.0004894763384485,0.0115408961882748,-0.0036528932441687,0.0078740896937046,-0.0058270490823571,-0.0056796389371913,0.0118003544158586,-0.0064320950685837,0,0,0
15,15,900.0,0.0001853799467472,0.0149063292334694,-0.0025098103284605,0.0100504009319527,-0.0023296132651421,-0.0074336887593431,0.0059177989192952,-0.0094222978066345,0,0,0
15,16,901.0,0.0001993150593949,0.012751265209323,-0.0020171977945334,0.008478246372507,-0.001688075319231,-0.0061390808151479,0.0043708224611256,-0.0075868790460743,0,0,0
15,17,902.0,0.0004367097869229,0.0120128514311077,-0.0011929154202169,0.0077572258563765,8.163271039252879e-05,-0.0054214243470789,0.0008390250824931,-0.0065427128877354,0,0,0
15,18,903.0,0.0003356645750012,0.015174631792576,-0.0021417935903497,0.0101194346532365,-0.0013972641345296,-0.0074038650779253,0.0041532789752675,-0.009360697622345,0,0,0
15,19,904.0,0.0002456832999961,0.0115387582124693,-0.0016510783252078,0.0076901208076004,-0.0011062885513718,-0.0056166057965992,0.0032073668076866,-0.007079367369066,0,0,0
15,20,905.0,0.0009361085148184,0.0203988594833166,-0.0014458704615422,0.0127889263033007,0.0014735386048475,-0.0085301173553994,-0.0013635699788676,-0.0097388883088653,0,0,0
15,21,906.0,0.0002688332286215,0.0132218685472796,-0.0019350271828374,0.0088360232099618,-0.0013893291195488,-0.0064911132042715,0.0039777775079989,-0.0082597749390477,0,0,0
15,22,907.0,-0.0001898575470903,0.0124809724201605,-0.0030053644549838,0.0084097358289083,-0.0040136890431601,-0.0060800446381654,0.0084613258783731,-0.0072284744431649,0,0,0
15,23,908.0,0.0001029381149381,0.0192466968316173,-0.0036255027128054,0.0130752767225633,-0.0039274586622835,-0.0097466841257365,0.0094385560134772,-0.0123918781343611,0,0,0
15,24,909.0,-0.0003745824783553,0.0149689789222191,-0.0040340463424185,0.0102149828832321,-0.0058766419198209,-0.0074887732326054,0.012307497030953,-0.008958541601227,0,0,0
15,25,910.0,-0.0004069415763527,0.0143329591989715,-0.0040059717675657,0.0098173090951947,-0.0059919167306039,-0.0072191770509827,0.012530342449658,-0.0086160317000503,0,0,0
15,26,911.0,6.697511064043995e-05,0.0207970036351036,-0.0040405096718559,0.0141383566954904,-0.0045416863369647,-0.0105274728323264,0.0107460918083767,-0.0133086393580895,0,0,0
15,27,912.0,0.0002032408236522,0.0171593104707546,-0.0029157325736239,0.0115735369849205,-0.0027413354769342,-0.0085648099503152,0.006923872635319,-0.0108657135302653,0,0,0
15,28,913.0,-0.0003771171368602,0.0173655571532621,-0.0045233307519733,0.0118182200001794,-0.0064547478085468,-0.00863858891871,0.0135901262499768,-0.0103079175064101,0,0,0
15,29,914.0,-0.000665486086456,0.0126203052812668,-0.0042921683417207,0.0085037110119491,-0.0069547729059763,-0.0059536493433453,0.0135416482238822,-0.0063641189806334,0,0,0
15,30,915.0,0.0001992182661689,0.0133821934718478,-0.0021558059206769,0.0089794270512931,-0.0018538570252938,-0.0066021169287476,0.0048164517216231,-0.0083324472703271,0,0,0
15,31,916.0,0.000231987880668,0.0138222262203611,-0.0021557332577466,0.0092621631449472,-0.0017531924577195,-0.0068031505709633,0.0046849383682467,-0.0085890391021666,0,0,0
15,32,917.0,0.000704091475162,0.0163402607377185,-0.0012951043739563,0.0103282563250869,0.0008578782473495,-0.0069789749991935,-0.000409661266592,-0.0080914878813719,0,0,0
15,33,918.0,0.0006554479215451,0.0162594235399139,-0.0014304022303382,0.0104389506400471,0.0005499233528268,-0.0072428445479701,0.0002656241353697,-0.0086998358114873,0,0,0
15,34,919.0,0.0004338565097924,0.011817315523937,-0.0011653226092077,0.0076589692965588,0.0001062154513618,-0.0053907677509137,0.0008005763514393,-0.0065795445806075,0,0,0
15,35,920.0,0.0002449837250068,0.0196278249310672,-0.0032992636884118,0.0131904670538509,-0.0030742475834581,-0.0097160867843336,0.007807619812258,-0.0122752674223001,0,0,0
15,36,921.0,0.0008592958684793,0.0118250874699846,0.0001248680696228,0.0061636296935106,0.002708024784096,-0.0027613022945463,-0.0046157225347043,-0.0012308762214294,0,0,0
15,37,922.0,0.0013843345033353,0.0151188915665152,0.0010128286554835,0.0067449928038488,0.0050318905908923,-0.0016091334701258,-0.0089988312365923,0.0021303418236812,0,0,0
15,38,923.0,0.0013759608132725,0.0158833996924284,0.0008280612276341,0.0074614098182095,0.0048890457224774,-0.0023295363165327,-0.0086807647132275,0.0009925902782493,0,0,0
15,39,924.0,0.000916335612641,0.0144664722791109,-0.000257836365654,0.0082622997395435,0.0026544468538125,-0.0046149976346253,-0.0043555497524191,-0.0039422132303798,0,0,0
15,40,925.0,0.0008891176450057,0.0105891491891724,0.000475023196356,0.0051404138632954,0.0031871569429995,-0.001799589607655,-0.0057361510184723,0.0002897676266322,0,0,0
15,41,926.0,0.0021692440622484,0.024359531343395,0.0014513292447852,0.0112070776590816,0.007856337918944,-0.0031523402535327,-0.0140845920707718,0.0024101554133285,0,0,0
15,42,927.0,0.0013135512864083,0.0146378737494629,0.0009016507532433,0.0066854879963942,0.0047657584907176,-0.0018136586191917,-0.008537567065165,0.0015919124791329,0,0,0
15,43,928.0,0.0011845141390141,0.0167649887594282,7.34403849295521e-05,0.0091152772607273,0.003808635848953,-0.0045471958636538,-0.0065690208464397,-0.0029524817911845,0,0,0
15,44,929.0,0.0006789748872006,0.011893453186541,-0.0004369668250249,0.007007150277907,0.0016994712462043,-0.0041765506680458,-0.0025689550310658,-0.0040330176013291,0,0,0
15,45,930.0,0.0011863481260393,0.0185213623805997,-0.0002912606180419,0.0104763751111039,0.0034313106127751,-0.0057391569622643,-0.0056070071456386,-0.0047323102140985,0,0,0
15,46,931.0,0.0015116294613423,0.0157742710392097,0.0012523438512664,0.0067038651866898,0.0055393734069781,-0.0011402549203555,-0.0098777881631267,0.0031837888751803,0,0,0
15,47,932.0,0.0011336453156356,0.0146861204241228,0.0003571650622831,0.0075345336298925,0.0038506901836794,-0.0031978627475708,-0.0067844626369618,-0.0010070874450657,0,0,0
15,48,933.0,0.0007111523356082,0.012076402611211,-0.0003789193375927,0.0070743008785772,0.0018749656302958,-0.0041655816344622,-0.002915699209189,-0.0039355126325496,0,0,0
15,49,934.0,0.0007437383353556,0.0122965230296188,-0.000322630953357,0.0070848170465394,0.0020175550222129,-0.0040256694445609,-0.0032114875884915,-0.0035407518679164,0,0,0
15,50,935.0,0.0008630119278799,0.0145273254555265,-0.0004294799461757,0.0085011518726975,0.0023361316354967,-0.0049800783765169,-0.0037142658573441,-0.0046262376916301,0,0,0
15,51,936.0,0.0011928326829352,0.0165888399628248,0.000137115951682,0.0089323215549057,0.0038929457351755,-0.0043412362911459,-0.0067581236323709,-0.0025901895678068,0,0,0
15,52,937.0,0.0016360364610221,0.0165206140643909,0.001458520721822,0.0067709434271671,0.0060017887500298,-0.0008245223625838,-0.0106506816159152,0.0039088185830426,0,0,0
15,53,938.0,0.0017864137609203,0.0187748376068186,0.0014499187679555,0.0080471376509872,0.0065219140564841,-0.0014834958974648,-0.0116125486348489,0.0035207648230622,0,0,0
15,54,939.0,0.0012553201850806,0.0123669877368776,0.0011668990092098,0.0048675707658564,0.0045099649609023,-0.0003531346130341,-0.0078496341504752,0.0032314595311277,0,0,0
15,55,940.0,0.0011858620567358,0.0115997868063427,0.0011205894240212,0.0044881127503438,0.0042504367633667,-0.0001982838345426,-0.0073890800082627,0.0032924252037876,0,0,0
15,56,941.0,0.0006186743327007,0.0144053678740298,-0.001144634170079,0.0089500486762684,0.0006506939790906,-0.005893376753427,-0.000113843677012,-0.006639899718469,0,0,0
15,57,942.0,0.0008307471905378,0.0122586249456509,-5.776577997273953e-05,0.0066964075061075,0.0024764504126121,-0.0034057880753325,-0.0040884604109383,-0.0023964802317395,0,0,0
15,58,943.0,0.0007547843303016,0.0102134835352006,0.0001446753913112,0.005370000305691,0.0024702051232468,-0.0024575369951446,-0.0042757317429353,-0.0011906533848805,0,0,0
16,0,944.0,0.0004672550361906,0.0109355318855488,-0.000878894673136,0.0069122533056312,0.0005394340370643,-0.0046732904323259,-0.0001967478679794,-0.0054263444898478,0,0,0
16,1,945.0,0.0001987329357026,0.0139147910755251,-0.0022661921957145,0.0093141024079577,-0.0020095904181342,-0.0068165182480381,0.0051811970055377,-0.0085327839959366,0,0,0
16,2,946.0,0.0006193499354036,0.0116266876169407,-0.0005610453991159,0.0069963288797782,0.0013887712778266,-0.004337057519555,-0.001951760017732,-0.0044493624338982,0,0,0
16,3,947.0,0.0009910528482987,0.0156952114565724,-0.000287476787085,0.0089780460371617,0.0028733768250993,-0.005024232765336,-0.0047269144696809,-0.0042920087738699,0,0,0
16,4,948.0,0.0011708055337324,0.0227187608519782,-0.0012231661570154,0.013906411796453,0.0024928313010216,-0.0088981564423658,-0.0033127448282065,-0.0095947891883588,0,0,0
16,5,949.0,0.0011697868693038,0.0148431638898307,0.0004350464992903,0.0075073935551797,0.0040295787279761,-0.0030414411612498,-0.0071447256300436,-0.0006252542182824,0,0,0
16,6,950.0,0.0006921160518925,0.016224442848593,-0.0013031311620799,0.0102187112275264,0.0007910685204712,-0.0068650376993183,-0.0002913108265595,-0.0079011004025049,0,0,0
16,7,951.0,0.0005050316330232,0.0143969408750658,-0.0014812358593499,0.0092855566787222,-4.3384788815907115e-05,-0.0064801567998086,0.0013008997034239,-0.0078165902615338,0,0,0
16,8,952.0,0.0007125817109332,0.01119594862147,-0.0001860820554278,0.0063205042143017,0.002050145726242,-0.0034370229696827,-0.003362954562971,-0.002762976085116,0,0,0
16,9,953.0,0.000673295937877,0.0149547107221193,-0.0010970523825484,0.0093563369766614,0.0009688579501617,-0.0062171276947597,-0.0007620933697924,-0.0070571721594748,0,0,0
16,10,954.0,0.0005976558946062,0.0168979099967815,-0.0017298963052623,0.0109571093914149,-5.707150783491649e-06,-0.0077120926674011,0.0014526045722873,-0.00939858326423,0,0,0
16,11,955.0,-2.657191471064209e-05,0.019322821387454,-0.0039897955414179,0.0131244949624982,-0.0047756318400733,-0.0097249437532964,0.010956215244642,-0.0121488094059553,0,0,0
16,12,956.0,9.820339765546703e-05,0.0159275746379666,-0.0029720271550969,0.0108354944179109,-0.0031985742192302,-0.0081015850754713,0.0077736764441523,-0.0103489783729717,0,0,0
16,13,957.0,0.0004320251764551,0.0102479533660266,-0.0008379175138227,0.0064503081983304,0.0004579243286431,-0.0043265049108884,-9.948950239778968e-05,-0.0049622159285098,0,0,0
16,14,958.0,0.0005241885903848,0.0106673575912583,-0.0006497171496642,0.006545714221708,0.0009754491469175,-0.004206897899206,-0.0011416290609331,-0.0045627756260428,0,0,0
16,15,959.0,0.0005315780893753,0.0159206813043629,-0.0017249853751852,0.010373827402285,-0.0002382196413168,-0.0073577866917113,0.0018724804306966,-0.0090486783847111,0,0,0
16,16,960.0,6.152165682805287e-05,0.0137614676236893,-0.0026258154234455,0.009340399457054,-0.0028966681174944,-0.0069448774914081,0.0069113435725205,-0.0087792792061324,0,0,0
16,17,961.0,0.0004347563316668,0.0169587063962632,-0.0022254524735968,0.0112832278074956,-0.0011493424027021,-0.0082451151796526,0.0038389221109484,-0.0104564872838317,0,0,0
16,18,962.0,0.0005669949617604,0.016591356250615,-0.0017547846569196,0.0107348413958709,-0.0001684336726353,-0.0075251541896628,0.0017633177963594,-0.0091101914882213,0,0,0
16,19,963.0,0.0015995551390826,0.021978857589891,0.0002496125649804,0.0117274546439856,0.0053078487792086,-0.0055257730355258,-0.0093383661241576,-0.0028568678615009,0,0,0
16,20,964.0,0.0005203052352009,0.0114782496876497,-0.0008323119479095,0.0071438555153681,0.0007412452777905,-0.0047117686826633,-0.0005621468660021,-0.0053092428051246,0,0,0
16,21,965.0,0.0005537241321685,0.0182782389252164,-0.0021484383294128,0.0120171662801184,-0.0006597325978442,-0.0086343907721662,0.0029452910176671,-0.0107601224132317,0,0,0
16,22,966.0,0.0005059477452776,0.0128541063516444,-0.0011637447923615,0.0082421973224627,0.000349213752352,-0.0057024761793435,0.0003674433687157,-0.006813290338566,0,0,0
16,23,967.0,0.0002207459029557,0.0149040296559862,-0.0024110609835252,0.0100405205121956,-0.0020893664539841,-0.0074306910728318,0.0054636314202516,-0.0094584284799517,0,0,0
16,24,968.0,0.0005847594595077,0.0160970013285581,-0.0016079111563917,0.0104609507033806,0.0001001152058447,-0.0073961816864562,0.0011975074231905,-0.0090810418883582,0,0,0
16,25,969.0,0.0006008587177274,0.011334239188095,-0.0005598980253711,0.0068624897001441,0.0013313523430261,-0.0043105421091286,-0.0018247750662007,-0.0045344749839178,0,0,0
16,26,970.0,0.0007101550131956,0.0162085088183219,-0.001250835396962,0.0102293298580167,0.0009295051854953,-0.0068992989595176,-0.0005623803589245,-0.007991684328602,0,0,0
16,27,971.0,0.0005060838321807,0.0102349801527656,-0.0006140800240286,0.0062994971140438,0.0009749324389184,-0.0040670026002222,-0.001185272980496,-0.0044330175543076,0,0,0
16,28,972.0,0.0004178074717233,0.009722540217328,-0.000772780267758,0.0061456186024327,0.0005091767752458,-0.0041512108370187,-0.0002524750835064,-0.0048067332601011,0,0,0
16,29,973.0,0.0005548448040891,0.0200154231237666,-0.0024847394760253,0.0131416957493168,-0.0010231139649171,-0.0093996295063341,0.0037087598134378,-0.0116038531842857,0,0,0
16,30,974.0,0.0005295272883537,0.0117360440047767,-0.0008548223743581,0.0072582134528233,0.0007292426433171,-0.0047364920010725,-0.0005364954883927,-0.0052583298905392,0,0,0
16,31,975.0,0.0003517184467857,0.0133880050173517,-0.0017259322770812,0.0088402566379196,-0.0008484434401732,-0.006383370565533,0.0028733459518666,-0.0079775508823491,0,0,0
16,32,976.0,0.0005982437490543,0.0147730149419779,-0.0012881057573723,0.0094355246348967,0.0005092624845296,-0.0064885978880477,0.0002052939228622,-0.0076988921202393,0,0,0
16,33,977.0,0.0009001340103005,0.0141831839789684,-0.0002473114745063,0.0080752395724621,0.0026012065321086,-0.0044826347957883,-0.004264221028905,-0.003784480644434,0,0,0
16,34,978.0,0.0008322378106124,0.0191946617692332,-0.0015111081972979,0.0121840593741276,0.0010544064128308,-0.008298705032882,-0.0005550410401464,-0.0097408760218546,0,0,0
16,35,979.0,0.0005205273226342,0.0134547915597802,-0.0012464185447297,0.0086454756430972,0.0002947234881898,-0.006003862564315,0.0005472220315254,-0.0072123419233265,0,0,0
16,36,980.0,0.0005736557113396,0.0106560678434885,-0.0004984752552218,0.0064522974742106,0.0013361078713174,-0.0040446381352678,-0.0019161545721921,-0.0042216413465519,0,0,0
16,37,981.0,0.0007345427056317,0.0128620673495099,-0.0004704278529668,0.0076043935614907,0.0018657441075274,-0.0045502792947738,-0.0028524232955461,-0.0043947139583444,0,0,0
16,38,982.0,0.0010830697014831,0.0152649788848273,8.347851979059322e-05,0.0082825617317021,0.0035103710955227,-0.0040967365470648,-0.0060840220096315,-0.0025673034303063,0,0,0
16,39,983.0,0.0010266759555836,0.0129016101426221,0.0003982186913965,0.0064626251132713,0.0034832514885314,-0.0025794140202841,-0.0060813308303925,-0.0005398943250695,0,0,0
16,40,984.0,0.0009691910303984,0.0140566941402046,-7.925739563412025e-06,0.0076743203222433,0.0030276572609184,-0.0038578066940055,-0.0051629324794732,-0.0025410493249145,0,0,0
16,41,985.0,0.0005497776547095,0.0127112025639649,-0.0009986041691808,0.0079903411211421,0.0006705820674776,-0.0053475595067616,-0.00033620775834,-0.0061158573437299,0,0,0
16,42,986.0,0.0006526664084699,0.0117353116543895,-0.0004850926835621,0.0070097444196681,0.0015852771440705,-0.0042857615206309,-0.0023390777577521,-0.0043078242197991,0,0,0
16,43,987.0,0.0007515697312818,0.0111895414448946,-7.159445099544827e-05,0.0061601063344444,0.0022448634483657,-0.0031825040446953,-0.0037166167224612,-0.0023130005314291,0,0,0
16,44,988.0,0.0010425158712527,0.0189206030769245,-0.0008089589155976,0.0113424720983479,0.0025182725871464,-0.0069742045489758,-0.003718968151662,-0.0070564131637108,0,0,0
16,45,989.0,0.0009327514276309,0.0138207783428909,-7.009249824906063e-05,0.0076415488285576,0.0028648784328427,-0.0039625416035857,-0.0048457817484797,-0.0028441525654376,0,0,0
16,46,990.0,0.0007880386919718,0.0118389340508922,-9.43399153805604e-05,0.0066074476738543,0.0023973599667618,-0.0035046393926266,-0.0040343998984559,-0.002666443850924,0,0,0
16,47,991.0,0.0007796901158183,0.0130971628597216,-0.0003843265189446,0.0076889672593519,0.002124593300536,-0.0045373266329726,-0.0033796621876278,-0.0042803904348983,0,0,0
16,48,992.0,0.0010330335095239,0.0162980499373965,-0.0002854056682609,0.0092796422822455,0.00299431883024,-0.0051406694499827,-0.0049289771060479,-0.0042993056805808,0,0,0
16,49,993.0,0.0009024717259233,0.0131815185995187,-2.9938454192035504e-05,0.0072321223974461,0.0027912374178181,-0.0036922788942715,-0.0047261983492778,-0.0025651357503589,0,0,0
16,50,994.0,0.0017586854589669,0.0153113495911798,0.0020301143517133,0.0050145892195705,0.0064188002130689,0.0011484636871875,-0.0110869132984783,0.0067146502486469,0,0,0
16,51,995.0,0.0012294425729027,0.0110669562417491,0.0013493629683942,0.0038486751036049,0.0044934531843617,0.0004834484374838,-0.0078181856679411,0.0042874214562903,0,0,0
16,52,996.0,0.0016529292539036,0.0128675278356236,0.0021792862903476,0.0033167978557871,0.0059391818475453,0.00225035155849,-0.0099989575093244,0.0075439875122511,0,0,0
16,53,997.0,0.001517705073594,0.0063934444076043,0.0028641794213059,-0.0019463418351375,0.0045831071879308,0.0058267378519082,-0.0061972825078246,0.0096430101991571,0,0,0
16,54,998.0,0.0035764755621419,0.0137598960777278,0.0070137305751401,-0.0058941821346255,0.0107541468242023,0.015030682582059,-0.0141634963790221,0.0243229094044129,0,1,1
16,55,999.0,0.0017307263809163,0.0092071639710479,0.0030292340682925,-0.0005073342707249,0.0058263151164935,0.0056968665794198,-0.0088646245360334,0.0112810572134669,0,0,0
16,56,1000.0,0.0016182460129224,0.0109356598536146,0.0024468168845642,0.0016928025686303,0.0057720959877875,0.0036093090878057,-0.009470796484522,0.0091078705018859,0,0,0
16,57,1001.0,0.0021360887531731,0.0114065373541212,0.00372205498342,-0.0005858335092612,0.0071486579391661,0.0069569228961186,-0.0108301454197934,0.013731232194161,0,0,0
16,58,1002.0,0.0010602628402505,0.0097942864205662,0.0011054041803716,0.0035233458701103,0.0037968357867214,0.0002041429570793,-0.0065323612022055,0.0033015516706341,0,0,0
17,0,1003.0,0.0010886972948404,0.0134722573205959,0.000469728438488,0.0066586089629284,0.0037379240794172,-0.0025245177747345,-0.0065770157973007,-0.0001864093163292,0,0,0
17,1,1004.0,0.0004466021049187,0.0114704691831994,-0.0010494483505679,0.0072981489508453,0.0002533145103419,-0.0049880163848231,0.0004453932258385,-0.0058730254046212,0,0,0
17,2,1005.0,0.0006667630385094,0.0133423411076785,-0.0007800019544557,0.0082141178478502,0.0013283794811025,-0.0053083178804381,-0.0016693395146228,-0.0058011205937051,0,0,0
17,3,1006.0,0.0005874052626815,0.0109302044641791,-0.0005140264306013,0.0066327787036119,0.0013737859539233,-0.0041715004046993,-0.0019774720147906,-0.0043703952720983,0,0,0
17,4,1007.0,0.0007040538674248,0.0122068221532724,-0.0004251148354531,0.0072248016537286,0.0018381456367589,-0.0043266468428099,-0.0028641203732319,-0.0041706783383823,0,0,0
17,5,1008.0,0.0012706576499069,0.0190004659804488,-0.0001344963406141,0.0105587886523696,0.0038602201178717,-0.0055542698681263,-0.0064845628654167,-0.0041637156624703,0,0,0
17,6,1009.0,0.000639308269179,0.0140730958829269,-0.00101517100703,0.0087610120081842,0.0009291103324196,-0.0057772498573735,-0.0007429089225695,-0.0065019899049145,0,0,0
17,7,1010.0,0.0004374808430316,0.0129553302151418,-0.0013905614189425,0.0084479307835414,-0.0001585907417248,-0.0060008860174002,0.0014587998739431,-0.0073990805021384,0,0,0
17,8,1011.0,0.0004189564098705,0.013769997115231,-0.0016198884806994,0.0090991828803611,-0.0004934821267139,-0.0065964288775691,0.0022589441817233,-0.0083257540478021,0,0,0
17,9,1012.0,0.0001489687362775,0.0157431113492544,-0.0027890347990961,0.0106835555477286,-0.002791366146987,-0.0079736337011821,0.0069437988018978,-0.0102029078994301,0,0,0
17,10,1013.0,0.0004318080663518,0.0155400921726735,-0.0019371449570273,0.0102503954681124,-0.0008233057881098,-0.0073942186513889,0.0030191821395496,-0.0092402393896009,0,0,0
17,11,1014.0,0.000812354152573,0.0171351576182728,-0.0011368764551372,0.0106875302540582,0.0014138376924397,-0.0070653655357567,-0.0015115911269931,-0.0079695509129729,0,0,0
17,12,1015.0,0.0009340464540146,0.0134012383013489,2.2418400917192377e-05,0.0072831499433728,0.002946397924543,-0.0036216488619622,-0.0050443325304702,-0.0023135385593742,0,0,0
17,13,1016.0,0.0010498690731939,0.0130680280491662,0.0004308675059493,0.0064420997505376,0.0035250449268547,-0.0024508950774783,-0.006111301849764,-0.0002699519099255,0,0,0
17,14,1017.0,0.0005611854921073,0.0150236170501076,-0.0014404723305503,0.009560886739183,0.0001687719449215,-0.0065289545982166,0.0008923607361882,-0.0076579212737224,0,0,0
17,15,1018.0,0.0009744992517259,0.0181146028549788,-0.0008473446863652,0.010889902956434,0.0022214530304962,-0.0067382891249794,-0.0031348029668045,-0.0069008436301595,0,0,0
17,16,1019.0,0.0011934967319796,0.0180565410338288,-0.0001687347767829,0.0100847487882569,0.0035921072872813,-0.0053559128175062,-0.0060113908682074,-0.004085475287908,0,0,0
17,17,1020.0,0.0012688095252457,0.0177037318606895,0.0001334721821226,0.0094977944515971,0.0040920558723688,-0.0045749225396425,-0.0070590578116202,-0.0026536775777504,0,0,0
17,18,1021.0,0.0006785965604036,0.0132723883105631,-0.0007308256974145,0.0081212363873909,0.0014084403169549,-0.005194619801055,-0.0018283759392962,-0.0056009639930282,0,0,0
17,19,1022.0,0.0006879477749415,0.0209613380878068,-0.0023118267131139,0.0137438379477227,-0.000383413609943,-0.0098442162007097,0.0026295854889877,-0.0122507257274343,0,0,0
17,20,1023.0,0.0007195350651594,0.0148042402774556,-0.0009236808133854,0.0091214037198119,0.0013249174979488,-0.0059004629063957,-0.0015442798220312,-0.0064511915697081,0,0,0
17,21,1024.0,0.0007441100147096,0.0131344724372891,-0.0005015696357149,0.0078344209426574,0.0018843751982672,-0.0047753516096148,-0.0028631254260796,-0.0047730356842743,0,0,0
17,22,1025.0,0.0008863709532046,0.0151114403164549,-0.0004869045783419,0.0088107105935714,0.0022739550665502,-0.005155050173809,-0.0034618135647553,-0.0048485130542513,0,0,0
17,23,1026.0,0.0010574587741642,0.0182037145747988,-0.0006152174189363,0.0106812518481551,0.0027143748548089,-0.0063144744530822,-0.0041523002999666,-0.0060139125517112,0,0,0
17,24,1027.0,0.0013500917000453,0.0134439683143528,0.00124482793405,0.005402441433513,0.0049737459345603,-0.0004808631445518,-0.0088377209239033,0.0035659833266689,0,0,0
17,25,1028.0,0.0016104591999549,0.0114947260647835,0.0023198868988023,0.0022469619607313,0.0057522126780976,0.0030924921699061,-0.0095149652581355,0.0084627923921709,0,0,0
17,26,1029.0,0.0015437711600745,0.0112894306237521,0.0021783158011525,0.0024122142456144,0.0055537229999542,0.0027514127981338,-0.0092669212790853,0.0079173695678889,0,0,0
17,27,1030.0,0.0016848693625432,0.0132343424065591,0.0022168057943085,0.0034975501035024,0.0061559152439184,0.0022647599146336,-0.0105037759941067,0.007891128927476,0,0,0
17,28,1031.0,0.0023207646321165,0.0123039890475446,0.0040437190741114,-0.0006922312048633,0.0077038133664073,0.0075102467935472,-0.0116073556659547,0.0146391339054378,0,0,0
17,29,1032.0,0.0019659164716968,0.0102507409012222,0.0034486027049189,-0.0007504125610792,0.0064713005429749,0.0064735730942755,-0.0096551987992664,0.0124286132428927,0,0,0
17,30,1033.0,0.0019159563450811,0.0146917820582604,0.0025709479922754,0.0036573233748025,0.0069168804984315,0.0027767911557811,-0.0116851471152047,0.0090087500101195,0,0,0
17,31,1034.0,0.0035568760958241,0.0118080634638665,0.0071672074368384,-0.0074892245615479,0.0099551227549878,0.015621152890384,-0.0119679372544323,0.0231503309838009,0,1,1
17,32,1035.0,0.0028551956024287,0.0091688061216507,0.0057554013737688,-0.0062249048269705,0.0077932862821038,0.0124632456039261,-0.0091561450681189,0.0180330431510709,0,1,1
17,33,1036.0,0.0028928738920314,0.0087472360695628,0.0058646292172866,-0.0067280866104293,0.0076378035747744,0.0126772573979935,-0.0086463426093611,0.017744433247308,0,1,1
17,34,1037.0,0.0045691134280019,0.0046683466949847,0.009285425918501,-0.0168562535280579,0.0060740723338478,0.0174689721988889,-8.731985764098835e-05,0.0111599159113785,1,1,1
17,35,1038.0,0.0038721080964435,0.0043384141295287,0.0080331617455305,-0.0143517039027841,0.0058428355956691,0.0161333579811925,-0.001085243802299,0.0124999284190407,1,1,1
17,36,1039.0,0.0045368988282732,0.0045155314823126,0.0091888841002642,-0.0167249984594817,0.0059891604055489,0.0172778600190536,-0.0001382544725319,0.011237094427891,1,1,1
17,37,1040.0,0.0059309317786167,0.0068467269520272,0.0123477274174324,-0.0219596265750015,0.0090675468372885,0.024827465452561,-0.00179556356867,0.0191669968228666,1,1,1
17,38,1041.0,0.006286248223032,0.0018541404104351,0.0121271866534785,-0.0248644898921639,0.0041697991259192,0.018969601834664,0.0071229959518396,0.0015697332501124,1,1,1
17,39,1042.0,0.0081927542535163,-0.0008378727583579,0.0146475261556794,-0.0319887900992922,0.0012907178537184,0.0167781132428098,0.0136647125787412,-0.0117540160482393,1,1,1
17,40,1043.0,0.006804610797234,0.0006438439054134,0.0127657913591489,-0.0270469751706844,0.0028955001994879,0.017812027836861,0.0098609292170424,-0.0038626839672072,1,1,1
17,41,1044.0,0.0079214435706815,-0.0019923549355142,0.0135345327276699,-0.0302727088929304,-0.0005819933719065,0.0118905994357929,0.0140591021677458,-0.0167452278804641,1,1,1
17,42,1045.0,0.0090658798097009,-0.0048018243615377,0.0137560724633441,-0.0321905905196689,-0.0045003999360075,0.00347461762857,0.0162321429680871,-0.0282537494514161,1,1,1
17,43,1046.0,0.0083501606147915,-0.0065052475444581,0.0106282764918237,-0.0259256963501257,-0.0067996516474581,-0.0055748742304041,0.0118645992306329,-0.0265158423844779,1,1,1
17,44,1047.0,0.0094566974020885,-0.0071239108528611,0.0124877029515136,-0.030412264945382,-0.0078322591203451,-0.0059855005366463,0.0145717497166577,-0.0325552045892891,1,1,1
17,45,1048.0,0.0102884796834336,-0.0060640108059227,0.0150739158798069,-0.0356107365018023,-0.0059060293966389,0.0015234962459785,0.0178964806339354,-0.0328633965117344,1,1,1
17,46,1049.0,0.0088074477945094,-0.0065589692645032,0.0115823223939007,-0.0280982175611448,-0.0068671138629279,-0.0046053609550529,0.0133391345159975,-0.0286978602158713,1,1,1
17,47,1050.0,0.0052873314444159,-0.0041540342541553,0.0061237703995568,-0.0147430590667303,-0.0035855658031683,-0.0030760630834985,0.0050751070961498,-0.0105834035577719,1,1,1
17,48,1051.0,0.0063011409862072,-0.0034736934836385,0.0084901994713209,-0.0194588227319162,-0.0017174701585606,0.0039131701208865,0.007882795593651,-0.0107241851384594,1,1,1
17,49,1052.0,0.0078252563482518,-0.0086411319614648,0.0065279793820126,-0.0170037564923944,-0.007339935706561,-0.0117461539349348,0.0046172375967587,-0.0142729787002405,1,2,2
17,50,1053.0,0.0074091945151311,-0.0102673154615837,0.0039362497095701,-0.0118865501860337,-0.0104337055676993,-0.0235848630278408,-0.0028801918793253,-0.005797892355254,1,2,2
17,51,1054.0,0.0110850377290011,-0.0175135624978857,0.0024597952486623,-0.0100735071288404,-0.0153206551741931,-0.0393156967854937,-0.013416216409954,0.0140261391981121,2,2,2
17,52,1055.0,0.0092339417278676,-0.013569982669363,0.0028586069287151,-0.009497570270789,-0.0087435326488757,-0.0195041720121715,-0.0027323712546119,-0.0014522757904374,1,2,2
17,53,1056.0,0.010478079154888,-0.0170743215302442,0.0014568463147027,-0.007539341226659,-0.0142996987103683,-0.0379443578977407,-0.015189266767329,0.0201133540289465,2,2,2
17,54,1057.0,0.0064568169929318,-0.0119900030975641,-0.0027526919005462,0.0048067481970672,-0.0002589679270446,-0.001459466241803,-0.0005902861948609,-0.000214231868805,2,2,2
17,55,1058.0,0.0122135111336465,-0.0226177045452028,-0.0049266280924401,0.0082805433346849,-0.0018503290305818,-0.0068652047558348,-0.0043523398028603,0.0082629192193517,2,2,2
17,56,1059.0,0.0112919125911211,-0.019079405151228,0.0001804611906073,-0.0047238051666882,-0.0136495892963897,-0.0375314731467592,-0.0174658600684672,0.0280214028962785,2,2,2
17,57,1060.0,0.0095685311473064,-0.0180197639974044,-0.0043036031916451,0.0074596296571533,-0.0014737809028446,-0.0059390555059294,-0.0038174412044434,0.0051434851747662,2,2,2
17,58,1061.0,0.0123255768084379,-0.0237135348785267,-0.0066104846723648,0.0122426454675558,-0.0005218670518351,-0.0051772943952875,-0.0068047350561391,0.0169000200105743,2,2,2
18,0,1062.0,0.0006211553086837,0.0105294414153521,-0.0003258430576642,0.0061519947947308,0.0016405741101312,-0.0035993914610921,-0.0025620984656606,-0.0033499961585491,0,0,0
18,1,1063.0,0.0009286664746228,0.0146204840181172,-0.0002505474613212,0.008286171986367,0.0026728047827535,-0.004547865105534,-0.0043784291546926,-0.0037352576277607,0,0,0
18,2,1064.0,0.0012253108555929,0.013094473190336,0.0009516206621891,0.0056489381165085,0.0044145178701835,-0.0010906151672902,-0.0078280064784068,0.0023631185482702,0,0,0
18,3,1065.0,0.0003994875423035,0.0099816124015004,-0.0008658486434553,0.0061242752973067,0.0002463469361392,-0.0039241119792412,0.0002673004279438,-0.0042037930585896,0,0,0
18,4,1066.0,0.0011311196436574,0.0179476308100257,-0.0003322595453407,0.0102057281173541,0.0032433468836973,-0.0056350693980326,-0.0053201437217819,-0.0046694859560886,0,0,0
18,5,1067.0,0.0012893388072492,0.0187658951595994,-2.949216805416083e-05,0.0102808631847005,0.0039973770745036,-0.005231382359689,-0.006768482211177,-0.0036075021314086,0,0,0
18,6,1068.0,0.0013776320294414,0.0161411617382122,0.0007796188883153,0.0077014200254806,0.0048833579475385,-0.0025682436905682,-0.0086866506178599,0.0006359249642792,0,0,0
18,7,1069.0,0.0012313430038428,0.0172189665930832,0.000126526292436,0.0093018697625173,0.0040332712542522,-0.0045358323470899,-0.0070422376408606,-0.0026797838423915,0,0,0
18,8,1070.0,0.000869689943313,0.012385453914282,4.200578225546706e-05,0.0067508551605716,0.0028047137492787,-0.0033707285272671,-0.0048701242614715,-0.0021499537216717,0,0,0
18,9,1071.0,0.0011209105989099,0.0135148338813785,0.000562297131585,0.0066130860810164,0.003975190049512,-0.0023969160631239,-0.0071200503825217,0.0001476568945041,0,0,0
18,10,1072.0,0.000800136013477,0.0136702911830314,-0.000444293206844,0.0080398208050163,0.0021000584972496,-0.0047723934653467,-0.0032573111665067,-0.0045730370374564,0,0,0
18,11,1073.0,0.0005654328130794,0.0137885729772182,-0.0011791202255562,0.0087575446446048,0.000512374208116,-0.0059683550430073,0.0001075725996598,-0.0070020637402436,0,0,0
18,12,1074.0,0.0003434607168031,0.0140053614690339,-0.0018789435904976,0.0093089204307643,-0.0010501553669007,-0.0067883715103671,0.0033501755583283,-0.0085824703534664,0,0,0
18,13,1075.0,0.0006429804976354,0.0140932978263861,-0.0010119096002921,0.0088669899919197,0.0009974323689421,-0.0059486460885132,-0.000889933710618,-0.0068426834943033,0,0,0
18,14,1076.0,0.0008167398190119,0.0172404618827488,-0.0011439118487096,0.0107044637004909,0.0013938123319328,-0.0070209295410594,-0.0014577028214143,-0.0078308690793884,0,0,0
18,15,1077.0,0.001038348370381,0.0169474531525889,-0.0004100018948372,0.0098130561364836,0.0028940430633277,-0.0056449960349395,-0.0046476193514486,-0.005113121079383,0,0,0
18,16,1078.0,0.000668009288257,0.0104089637593212,-0.000157357090411,0.0058692477249905,0.0019418078896733,-0.0031842901909034,-0.0031970170535493,-0.002548003305056,0,0,0
18,17,1079.0,0.0011041228570473,0.0211171461968036,-0.001087229946758,0.0127486055825392,0.002337279415925,-0.0079660551698395,-0.0030875693787305,-0.0083133440328258,0,0,0
18,18,1080.0,0.000659317114213,0.0119728126276744,-0.0005152394270191,0.0071137159351261,0.0015313795621644,-0.0043141631107038,-0.0021811434334027,-0.0042976147197447,0,0,0
18,19,1081.0,0.0011774469295475,0.0131351277331141,0.000794083918598,0.0059325336373993,0.0041523796488674,-0.0015665392548059,-0.0072949345460506,0.0014046515778451,0,0,0
18,20,1082.0,0.0009697279215289,0.0126872120536009,0.0002782449693786,0.0065367956203174,0.0032577134789926,-0.0028170469154164,-0.0057119834035047,-0.0009921162824328,0,0,0
18,21,1083.0,0.0008689006266858,0.0091996122296117,0.000681183910305,0.0039553175648628,0.0030951296180458,-0.0007935379715446,-0.0054240636170386,0.0014833513812242,0,0,0
18,22,1084.0,0.0009774507109942,0.0119317576622336,0.0004586484285886,0.0058802829439705,0.0034266743871331,-0.0021920955417,-0.0060938338440485,-4.0641515696389e-05,0,0,0
18,23,1085.0,0.0007048332925878,0.0098074732774432,8.076808314228487e-05,0.0052719410674408,0.0022974384027288,-0.0025475031339541,-0.0039918526258343,-0.0014802419982735,0,0,0
18,24,1086.0,0.0009604569466787,0.0137690507755919,2.1249720343718583e-05,0.0074813051418149,0.0030075538210495,-0.0037349729594586,-0.0051086520832927,-0.0024530009341546,0,0,0
18,25,1087.0,0.00102653958465,0.0107802048421752,0.0008194208895679,0.0045903567936498,0.0036441644331392,-0.0008708792870466,-0.0063617007995691,0.0018126940534483,0,0,0
18,26,1088.0,0.0010123990806437,0.01646214931544,-0.0003902040935401,0.0094462442814129,0.0027631360063674,-0.0053552962115314,-0.0043650935923638,-0.0047632250908634,0,0,0
18,27,1089.0,0.0012095804353719,0.0157768387909868,0.000346861160511,0.0081403183419372,0.0040338404091213,-0.0035686856066065,-0.0070197358314427,-0.001474265350926,0,0,0
18,28,1090.0,0.001461279466072,0.0087325817437596,0.0023639230151712,0.0004663051596192,0.0048769020717012,0.0039461935520519,-0.0074862633133683,0.0083206686416957,0,0,0
18,29,1091.0,0.0016483492314055,0.0154055288443397,0.0017094658060935,0.0056929019376576,0.0060788544109583,0.0001979900732466,-0.0107047013187249,0.0052916179993495,0,0,0
18,30,1092.0,0.0017207864186225,0.0178911356825084,0.0014289052405647,0.0075762219421699,0.0062593462556823,-0.0012955313541378,-0.011097406921336,0.0034882057844568,0,0,0
18,31,1093.0,0.0020359520267801,0.015028714390702,0.0028438411475059,0.0033103163228669,0.007313674209279,0.0035019365819684,-0.0122100095068423,0.0102582313734735,0,0,0
18,32,1094.0,0.0010187915677226,0.0144182077918329,5.760513242431997e-05,0.0077864874918374,0.0032028030974136,-0.0038468861224719,-0.0054284259601912,-0.0024904640009983,0,0,0
18,33,1095.0,0.0009344182425719,0.0179020589508182,-0.0009295965862997,0.010861389645254,0.001987266891156,-0.0068549315311524,-0.0026228196758342,-0.007276472693269,0,0,0
18,34,1096.0,0.0012483166090989,0.0146475422716087,0.0007000767817285,0.0069175376114112,0.0043508423682141,-0.0022193657384,-0.0076555059307881,0.0007553136016327,0,0,0
18,35,1097.0,0.0012840921482957,0.0091985640699853,0.0018310139339359,0.0018182177815052,0.0045204503343025,0.0023897510075535,-0.0074087779241599,0.006508186567959,0,0,0
18,36,1098.0,0.0012896091489755,0.0096685184014519,0.0017568573743296,0.0022306706961056,0.004546044564016,0.0020256994763501,-0.0075042624578604,0.0060463260153828,0,0,0
18,37,1099.0,0.0016777662183499,0.0198811880978787,0.0009059570310629,0.0095790168348874,0.0059387920268493,-0.0033080897020388,-0.0105824706815658,0.000543303648041,0,0,0
18,38,1100.0,0.0015381292222435,0.0130120960292426,0.0018280445687842,0.0040329964027318,0.0055104034274356,0.0012386005388205,-0.0093706062419897,0.0059348091551948,0,0,0
18,39,1101.0,0.0031548083097182,0.0162584555726067,0.0055935802959344,-0.0013984692517069,0.0104856180040881,0.0106804230525341,-0.0157400574329801,0.020598566763946,0,1,1
18,40,1102.0,0.0021154836083814,0.0081778814196653,0.0041033930188304,-0.0033828453838435,0.006251193867551,0.0086041109181821,-0.0081949034227714,0.0137452061693195,0,1,1
18,41,1103.0,0.003348534713085,0.0113045841207911,0.0067062949024878,-0.0068342245651567,0.0094036115859191,0.014479553767394,-0.0114647208338998,0.0216108079754951,0,1,1
18,42,1104.0,0.0022079053069371,0.0090528947454274,0.0041966927376783,-0.0030528834765574,0.006579988584274,0.008583195688885,-0.0087420609499837,0.0138941854592576,0,1,1
18,43,1105.0,0.0038242237690447,0.0118066868941911,0.0077606300649363,-0.0087463294728632,0.0102710895770556,0.0168721988615806,-0.0117902469256722,0.0239410649118411,0,1,1
18,44,1106.0,0.0022965410197649,0.0084876328654125,0.0044888401356698,-0.0040146865629327,0.0065918028928021,0.0094476423418295,-0.0083216814704171,0.0145177507377262,0,1,1
18,45,1107.0,0.0032606893034277,0.0088902263945323,0.0067213059705044,-0.0084588026691089,0.0082322385958596,0.0147072901491286,-0.0085828348353987,0.0194668310706085,0,1,1
18,46,1108.0,0.0050255029766367,0.0084317760608503,0.0105484301923469,-0.0169990350266659,0.0096166945261326,0.0223318570821157,-0.0056547743611552,0.0221058234857849,1,1,1
18,47,1109.0,0.0034261323121546,0.0068199541915261,0.0071312753810606,-0.0107322144321865,0.0071513752990034,0.0151741248731014,-0.0054236883687298,0.0165755358414562,0,1,1
18,48,1110.0,0.0030487711632595,0.0044033630618942,0.00639425593811,-0.0107874271654391,0.0053478206750838,0.0133169200929788,-0.00231839994154,0.0119826413762723,1,1,1
18,49,1111.0,0.0050234091665198,0.0041274975906568,0.010165339348003,-0.0190813070163271,0.0060952142543316,0.0189649090158024,0.0010826817502335,0.0111167246051532,1,1,1
18,50,1112.0,0.0044683695800161,0.0038469103647195,0.00920255938626,-0.0172409045406725,0.0057246813674291,0.0177485627104756,0.0010242628616948,0.0105843886918877,1,1,1
18,51,1113.0,0.0044307550885776,0.003602117019486,0.0091394155090094,-0.0172934005410551,0.0054727578168768,0.0174609544240589,0.0015095566085251,0.0097241220669527,1,1,1
18,52,1114.0,0.0060868897463181,0.0037328932314093,0.0121580792175636,-0.0236417693224519,0.0062757914686935,0.0218444794782232,0.0035282283831083,0.0096717047918102,1,1,1
18,53,1115.0,0.0056249061351802,0.0023577107077558,0.0110799901591377,-0.0223011887825829,0.004530612915296,0.0184110688766353,0.0054429696817046,0.0040127527033673,1,1,1
18,54,1116.0,0.0053700957894068,0.0036743418242915,0.0108738385828387,-0.020973373190552,0.0058167115044454,0.0197439677028674,0.0028684620559601,0.0089709566526386,1,1,1
18,55,1117.0,0.0058062368875664,0.0030355422346598,0.0117584528794939,-0.0233667121442004,0.0055059023989709,0.0208745112958601,0.0050465250766598,0.0067705317830333,1,1,1
18,56,1118.0,0.0079505277089663,-0.0003448984935221,0.0141884500888072,-0.0305880438279139,0.001885788807458,0.0170097050120796,0.011879796171887,-0.0084436294807748,1,1,1
18,57,1119.0,0.0077097684272879,0.0024382595257741,0.0149672115928815,-0.03060672757999,0.0053289436039104,0.0237544210567871,0.0085922977498879,0.0025814513542539,1,1,1
18,58,1120.0,0.0066303891612117,-0.0008843213260856,0.0117101020870996,-0.0256792063247736,0.0007512543768464,0.0128057559911891,0.0110850062182555,-0.0102324982209244,1,1,1
19,0,1121.0,0.0010688553080179,0.0188226450768458,-0.0007131889654408,0.0111608253629653,0.0026627332958243,-0.0067396061337957,-0.0039872409074846,-0.0066618766735785,0,0,0
19,1,1122.0,0.0008586190085319,0.0116660378656866,0.0001468808655361,0.0061289341714205,0.0027431114126836,-0.0028341451184528,-0.0046623178173524,-0.0015059570560347,0,0,0
19,2,1123.0,0.0017547957488946,0.0167289056612979,0.0017685588603745,0.0063767140009563,0.0065451432207437,-3.353526403546005e-05,-0.0116577389670913,0.0054795427060127,0,0,0
19,3,1124.0,0.001587001625599,0.0139448171174639,0.0018148550815829,0.0046694024738925,0.0058556775910788,0.0009190854153645,-0.0102202731921654,0.0060041807785946,0,0,0
19,4,1125.0,0.001100037615851,0.0130439953730787,0.0005880404515324,0.0062595303221787,0.0038453653009455,-0.0021460341028746,-0.0067841353862296,0.0003435620918485,0,0,0
19,5,1126.0,0.0014206825065535,0.0109115546246001,0.0018968053237589,0.0027119699477529,0.0050794829324595,0.002041079707683,-0.0085075998855397,0.0065637871658513,0,0,0
19,6,1127.0,0.0014020400274621,0.0144042516175008,0.001197465515032,0.0060207163530955,0.0051089841766611,-0.0009202289441233,-0.0090574746163852,0.0030274277195734,0,0,0
19,7,1128.0,0.0014195453835867,0.0151507908093804,0.0011077479631988,0.0066011138329271,0.0051773012711717,-0.0013618390363635,-0.0092419413755066,0.0025731766696838,0,0,0
19,8,1129.0,0.0011890054213095,0.0133354305548452,0.0008019981261374,0.0061020323721349,0.0043041790770484,-0.0016548134179681,-0.0077106841323915,0.0014847979494544,0,0,0
19,9,1130.0,0.0020444176505455,0.0245476293854686,0.0010555035281309,0.0120020786053278,0.0073345094057845,-0.0042966405056184,-0.0132295495212881,0.0004835966523867,0,0,0
19,10,1131.0,0.0014181069230744,0.0143846145643368,0.0012587087702752,0.0059496802077166,0.0052582664095161,-0.0007734059217711,-0.0094172126758471,0.0034006700976399,0,0,0
19,11,1132.0,0.0011612290839781,0.0138525075831221,0.0006054229485928,0.0066750920125184,0.0040541749460861,-0.0023169608482524,-0.0071521157019533,0.0003095704721875,0,0,0
19,12,1133.0,0.0015743602935001,0.0127191174025113,0.0019999523233743,0.003577003286111,0.0057144634900319,0.00182956605445,-0.0097303853837531,0.0069544932812315,0,0,0
19,13,1134.0,0.0011146764241029,0.0106433034521453,0.0011052568030266,0.0040409137225924,0.0040559701883508,-6.206305056276702e-05,-0.0070996337753704,0.0032357785666743,0,0,0
19,14,1135.0,0.0011140916755074,0.0105393379310227,0.0011030595524235,0.0039294144828548,0.0039299069143042,-3.985696014962414e-05,-0.0067181842920445,0.0030072452868015,0,0,0
19,15,1136.0,0.0035918115352473,0.0145991737317688,0.0069078711270803,-0.0051741195003402,0.0109004507082077,0.0144698692502019,-0.0146365437588931,0.0238754548527145,0,1,1
19,16,1137.0,0.0016300303147103,0.0101480831332272,0.0025684817212009,0.0009332312250128,0.0055292999115253,0.0040482726266786,-0.0086913709147889,0.0089956678423377,0,0,0
19,17,1138.0,0.0027700693573676,0.0093414537807687,0.005569089876796,-0.005703688406719,0.0078285776479121,0.0121262558339908,-0.0095487906019125,0.0181956613711639,0,1,1
19,18,1139.0,0.0037499843329163,0.0096503687493421,0.0077999991568086,-0.0102459613063593,0.0092783903141548,0.017206122480008,-0.0092908142635947,0.0222927995554528,0,1,1
19,19,1140.0,0.0027445872887013,0.0088651430058012,0.0055158680526656,-0.0059143158904609,0.0074828020366648,0.0118755354446569,-0.008823415246021,0.0171703686891162,0,1,1
19,20,1141.0,0.0030623485229113,0.0064700763222289,0.0063233450359387,-0.009247307460959,0.0064904439882133,0.0133152062918014,-0.0051753134427298,0.0147002712441511,0,1,1
19,21,1142.0,0.0043120164210262,0.0078283899717054,0.0090677995225887,-0.0141975749702798,0.0087463972564842,0.0195224173699227,-0.0059692484642416,0.0206694254564535,1,1,1
19,22,1143.0,0.0043314290856759,0.0095183555657403,0.0090945749680067,-0.0131067722581049,0.0098440057612746,0.0199494255757565,-0.0085074142102876,0.0237056833985414,0,1,1
19,23,1144.0,0.0039877227697644,0.0052494651001276,0.0083120716315671,-0.0143303211247081,0.0065958575568886,0.0169932120754537,-0.0023802811869491,0.0145828110413544,1,1,1
19,24,1145.0,0.0057783634712188,0.0058177633319674,0.0120012915285085,-0.0219318784128807,0.0081664250212407,0.0237573026045645,-0.0001974730424688,0.0164079176368045,1,1,1
19,25,1146.0,0.0045722643001997,0.0060769874136277,0.0095420845738894,-0.0164326218269258,0.007574836394486,0.0195177371032621,-0.0026401718788928,0.0165203895006399,1,1,1
19,26,1147.0,0.0043891343639619,0.0052550980304294,0.0091001436699197,-0.0160354743964912,0.0067833946789749,0.0182313528204102,-0.0016342613167946,0.0143309669609041,1,1,1
19,27,1148.0,0.0044343266732917,0.0047721183369729,0.0091512873395433,-0.0164807383580678,0.0063932985215665,0.0179883531656505,-0.0007173327531972,0.0129173016517251,1,1,1
19,28,1149.0,0.0051808143304995,0.003475015190176,0.0103265632517872,-0.0198757283451001,0.0054266222751856,0.0182989900943867,0.0024871315865211,0.0083674813651322,1,1,1
19,29,1150.0,0.0072941050485807,0.0010347988109056,0.0138560245489684,-0.0291677159059115,0.0035511681318085,0.0201084101514009,0.0103585574610684,-0.0030249312162594,1,1,1
19,30,1151.0,0.0060828141494042,-0.0012199793683152,0.0101772708173222,-0.0223779338712415,0.0002985589705351,0.0099920241905735,0.0090580214326345,-0.0085593555478515,1,1,1
19,31,1152.0,0.0058157867869907,0.0008842501552372,0.0108422708042156,-0.022694606243637,0.0027152762479464,0.0150917001189425,0.0074530967102145,-0.0020907097901338,1,1,1
19,32,1153.0,0.0085306725755826,-0.0008527384564345,0.0152393629347988,-0.0332553077270225,0.0014095947225117,0.017591859452811,0.0141686126486369,-0.0120267687065596,1,1,1
19,33,1154.0,0.0063018068695094,-0.0003421989382643,0.0112095153784462,-0.0241968738264659,0.0014583597114186,0.0134167967706727,0.0094209846893135,-0.0066217699322783,1,1,1
19,34,1155.0,0.0069980344423286,-0.0044634683207644,0.0099029718985479,-0.0235763172460219,-0.0045347350551076,-0.0007216009718421,0.0114526405916508,-0.0222946110436229,1,1,1
19,35,1156.0,0.007831282387936,-0.0046746448057487,0.0113160239096354,-0.0267225789648919,-0.0045077552355965,0.000751238814189,0.0128751402746365,-0.0235821930263012,1,1,1
19,36,1157.0,0.0092032203337953,-0.008429938798367,0.0104477044628903,-0.0262528157831261,-0.0092786585753809,-0.0121574349759393,0.0106272382838356,-0.0287335747053517,1,1,1
19,37,1158.0,0.009429490695284,-0.0082545196773078,0.0111545348487473,-0.0277923449949302,-0.0091026989517169,-0.0108629806729565,0.0117983911700965,-0.0300964679721275,1,1,1
19,38,1159.0,0.0099935580297265,-0.0126213268624626,0.007225550587597,-0.0203170140381094,-0.0142366432834985,-0.0297572150115428,0.0003740211287037,-0.0174334646222124,1,2,2
19,39,1160.0,0.0116159133144679,-0.0167088589362512,0.005435062891398,-0.0171702207975998,-0.017180508647174,-0.0402708336586368,-0.0069655190396115,-0.005486121290131,1,2,2
19,40,1161.0,0.0120625959572586,-0.0174735037497956,0.0055306041353748,-0.0176479570565726,-0.0182568923244944,-0.0432387177476135,-0.0081876899115623,-0.0042411114399136,1,2,2
19,41,1162.0,0.0110180041917846,-0.0177526412403361,0.0018312871584106,-0.008587733254506,-0.0150482428476341,-0.0395803308688687,-0.0154325199970768,0.0200611120252959,2,2,2
19,42,1163.0,0.0087278302317606,-0.0144058053596836,-0.0004896060843219,-0.0011785908092049,-0.0039621076565574,-0.0093863029739458,-0.0018412590943907,0.0003624108582686,2,2,2
19,43,1164.0,0.0080853479625319,-0.0120108114163274,0.0018756649531304,-0.006565148589725,-0.005804927362497,-0.0124555797472172,-0.0009825359214292,-0.002962669313184,1,2,2
19,44,1165.0,0.011662788522529,-0.0171412386074377,0.0048072387386265,-0.0157178621968302,-0.0168273062960307,-0.0400592519271488,-0.008003088954692,-0.0024984814356534,1,2,2
19,45,1166.0,0.0122652351298632,-0.0227104281801009,-0.0043471957832697,0.006378286351071,-0.0060817067854931,-0.0198115028454901,-0.0138558231243989,0.030322707541307,2,2,2
19,46,1167.0,0.0115557635808802,-0.0187605726824525,0.0016463667451904,-0.0083317790605731,-0.0152530503147279,-0.0401028601257519,-0.0153512583461435,0.0193324924645432,2,2,2
19,47,1168.0,0.0118087134289966,-0.0226150622315986,-0.0058874709569363,0.0104374049838473,-0.0027777160934918,-0.0119869802705452,-0.0125772448200824,0.033307634097845,2,2,2
19,48,1169.0,0.008936625338836,-0.0182353756676857,-0.0073680818898196,0.0155542351969491,0.0059654863323556,0.0130182677219197,0.0035487771036209,-0.0050185391387331,2,2,2
19,49,1170.0,0.0089549502254936,-0.0183387128772741,-0.0075533437690693,0.0160324417964918,0.0064401781484653,0.0143037320061509,0.0042815371622996,-0.0066753196270868,2,2,2
19,50,1171.0,0.0089603479715305,-0.0183687651771999,-0.0076037629704501,0.0161602206052771,0.0065496179047374,0.014584961442385,0.00440664024686,-0.0069041290393559,2,2,2
19,51,1172.0,0.0089619609435005,-0.0183778624316377,-0.0076200843021866,0.0162023576920276,0.0065915021477597,0.0146984378640237,0.0044714860500264,-0.0070511159817286,2,2,2
19,52,1173.0,0.0089621549778974,-0.0183789561117277,-0.0076220392346849,0.0162073991125472,0.0065964640421198,0.0147118317762342,0.0044790113662185,-0.0070679544693811,2,2,2
19,53,1174.0,0.0089621965956715,-0.0183791896028423,-0.0076224466928042,0.0162084429713871,0.0065974394282298,0.0147144179657391,0.0044803527827828,-0.0070707774892708,2,2,2
19,54,1175.0,0.0089622058094175,-0.0183792416500924,-0.0076225406706697,0.0162086859248423,0.0065976825136246,0.0147150772508264,0.0044807297989846,-0.0070716306358368,2,2,2
19,55,1176.0,0.0089622032237866,-0.0183792274912369,-0.0076225187707849,0.0162086315939608,0.0065976429040807,0.0147149809510925,0.0044806975339137,-0.0070715885045962,2,2,2
19,56,1177.0,0.0089441845373878,-0.0183421512916057,-0.0076069015387213,0.0161752964179518,0.0065837294886537,0.0146837269166741,0.0044709277579035,-0.0070559160701335,2,2,2
19,57,1178.0,0.0089189590884145,-0.0182901847584876,-0.0075848930438772,0.0161282567050496,0.0065639243686251,0.0146391280256377,0.0044568590673796,-0.0070332182852255,2,2,2
19,58,1179.0,0.0086697164911304,-0.0177775805971464,-0.0073694588875331,0.015668662085166,0.0063727866569173,0.0142102048277155,0.0043232687754137,-0.0068193828335231,2,2,2
20,0,1180.0,0.001257689914232,0.0108305182102542,0.0014537385089049,0.003451638033162,0.0044589451101425,0.0008674266775187,-0.0075248870989632,0.0045956768258891,0,0,0
20,1,1181.0,0.0022159329072593,0.0152898047490699,0.003281851638673,0.0026326656081821,0.0078869825494307,0.0046051558597763,-0.0129891474649535,0.0119723938080361,0,0,0
20,2,1182.0,0.0021624695713527,0.0126185403010291,0.003588937307998,0.0004159529592277,0.0073905143222222,0.0062268383923085,-0.0115362434427763,0.0131952902517378,0,0,0
20,3,1183.0,0.0020706983910663,0.0092463221653826,0.0038652068941282,-0.0022176532200868,0.0064932590085632,0.0078267510963623,-0.0091045410821279,0.0135878904023581,0,1,1
20,4,1184.0,0.0018485952383707,0.0107688467286642,0.0030686812500032,0.0003351579310377,0.0062986182402581,0.0053316873665558,-0.009797424674051,0.0112499303132204,0,0,0
20,5,1185.0,0.0023754844133313,0.0093436690993808,0.0046167236062796,-0.0037014404286452,0.007163304862109,0.0097760820189446,-0.0095357966873257,0.0159603740362616,0,1,1
20,6,1186.0,0.001498248207691,0.0079665596975803,0.0025936378326471,-0.0004265793630061,0.0049081975082541,0.004775872257952,-0.0073116675373496,0.0092062716461915,0,0,0
20,7,1187.0,0.0039568438027376,0.0139404635605842,0.0078941703260115,-0.0076236194739713,0.0114253457966259,0.0170984196815054,-0.0143423665553082,0.0263172059096679,0,1,1
20,8,1188.0,0.0022415770854653,0.0104825404546364,0.0041309633300334,-0.0019737375768756,0.0072148906738949,0.0082646100111651,-0.0104285993162094,0.0149420889417493,0,1,1
20,9,1189.0,0.003164139028999,0.0134048057420116,0.0059995234805173,-0.0040299973703067,0.0097239216270467,0.0123305004780206,-0.013329887341692,0.0207547855109372,0,1,1
20,10,1190.0,0.0021675581371682,0.0053777742891244,0.0044565219150533,-0.0059641461006789,0.0050864038251924,0.0095505156574273,-0.004842358004051,0.0117627344446434,0,1,1
20,11,1191.0,0.0037996863277391,0.0072013792746033,0.0078693077912095,-0.0120509871951538,0.0076418892273798,0.0165040135694949,-0.0055336223154775,0.0175066359745881,1,1,1
20,12,1192.0,0.0026945632389524,0.0074103211835359,0.0055039346376597,-0.0068337442712106,0.0067566452481461,0.0118714639738253,-0.007179524261305,0.0158045126067389,0,1,1
20,13,1193.0,0.0022281483195889,0.0068453519271149,0.0044475370550509,-0.0050041983196746,0.0057295634380855,0.0093628688237874,-0.006368597735334,0.0127606170645226,0,1,1
20,14,1194.0,0.0039983331586354,0.0056667689183648,0.0081839595227236,-0.0137686496690312,0.0066092898216798,0.0163075175814506,-0.0028659742391301,0.0141650357216736,1,1,1
20,15,1195.0,0.004098466510128,0.0139629316044483,0.0082248898586159,-0.0083066128444249,0.0116569808060631,0.017896662705056,-0.0143659172344521,0.0271107430722081,0,1,1
20,16,1196.0,0.0027478974164723,0.0105206667234304,0.0053714396736245,-0.0045353162894598,0.0081738184523723,0.0114190553454254,-0.0107001404561358,0.0183004213112263,0,1,1
20,17,1197.0,0.0033119997075849,0.0082373115820334,0.0069110636919502,-0.0092806952117909,0.0080725952683872,0.0152617558856243,-0.0078951292306114,0.0195072625461177,0,1,1
20,18,1198.0,0.0032495724184263,0.0075409194860118,0.0067878212833798,-0.0094919535333446,0.0075669691849064,0.0148587749494992,-0.0068971760486846,0.0181296306591063,0,1,1
20,19,1199.0,0.0053174616380157,0.0055725192348195,0.0110936582238425,-0.020138728037563,0.0077693758862484,0.0222491211164657,-0.000600841774782,0.0161076403719466,1,1,1
20,20,1200.0,0.0055932482584106,0.0037681026373377,0.0114583539416185,-0.0222007446271746,0.0062071432179077,0.0213200000048492,0.0033013117262111,0.009810942736349,1,1,1
20,21,1201.0,0.0057720495034929,0.0041238841107143,0.0113701000893599,-0.0215616679886845,0.0064507773885793,0.0205474955211018,0.001318577116539,0.012155793979609,1,1,1
20,22,1202.0,0.004456292415977,0.0025133338231834,0.0090160629886665,-0.0177785575422559,0.0043756196550507,0.0160924100319612,0.003486001972255,0.0057590834380197,1,1,1
20,23,1203.0,0.0060727291290193,0.0049130316597692,0.0124663030694024,-0.023541227846542,0.0075443686307289,0.0238354341132016,0.0016505955150028,0.0140616814531837,1,1,1
20,24,1204.0,0.005880630410005,0.0050350396029412,0.0119467932649561,-0.0222759353492521,0.0074767045351579,0.022769776099787,0.0006551947567898,0.01470277445187,1,1,1
20,25,1205.0,0.0071789794350031,0.0013018478336036,0.0137923194544239,-0.0288834113838435,0.0038542493017714,0.0205825752858299,0.0099045706308438,-0.0017868296146431,1,1,1
20,26,1206.0,0.0056486922000217,0.0018516417867577,0.0110824064392865,-0.0226691620684776,0.0040378259054696,0.0179104027291074,0.0064325014670028,0.0022270161454776,1,1,1
20,27,1207.0,0.0072219706224403,0.0037415353134321,0.0145291870129425,-0.0288468131783887,0.0067365926513553,0.0254716957776189,0.0060087035366349,0.0084089311423283,1,1,1
20,28,1208.0,0.0101801804306627,-0.0075516477808179,0.0134815610231399,-0.0327437192507796,-0.0082760027660399,-0.0061591880231174,0.0154817943666894,-0.0344393440010521,1,1,1
20,29,1209.0,0.0080181339820031,-0.0040268769622996,0.0122518005893915,-0.0284960099429068,-0.0035412767635536,0.0040555077152169,0.0139945746036516,-0.0231772655801711,1,1,1
20,30,1210.0,0.0081547653232599,-0.0058421080676197,0.0109278700990486,-0.026362729343551,-0.006002486061014,-0.003162417186285,0.0126678836694887,-0.0263664975359232,1,1,1
20,31,1211.0,0.006381847703866,-0.0041754475873891,0.0085508845786274,-0.0202159234520131,-0.0034163126775294,0.00041227642661,0.0092863197596264,-0.0167900421787884,1,1,1
20,32,1212.0,0.0097291936698444,-0.0103849515226774,0.0093870844224546,-0.0245314648478919,-0.0116120710863672,-0.0196063711531953,0.0074541887873013,-0.027139869073116,1,2,2
20,33,1213.0,0.0093305347269266,-0.0123135703586507,0.0045713672291468,-0.0130226790342713,-0.0078958977805298,-0.0153927542742176,0.0007125556414157,-0.0076451660337207,1,2,2
20,34,1214.0,0.0108821394607351,-0.0133187946984044,0.0084330553021654,-0.0232824028082348,-0.0148153811942834,-0.0294511058320622,0.0031932969471532,-0.0242574228857021,1,2,2
20,35,1215.0,0.0095845858620608,-0.0132709093160064,0.0053136929180802,-0.0160363614626948,-0.0142751942522026,-0.0323580474829219,-0.0037039603057102,-0.0094350631757015,1,2,2
20,36,1216.0,0.0104096236886003,-0.0144827918898376,0.005651555738787,-0.017145746808115,-0.015522755658028,-0.0354080875306428,-0.0044816614428139,-0.009196686848925,1,2,2
20,37,1217.0,0.0079581612924467,-0.0116610402659967,0.0024130814172205,-0.0080313446376428,-0.00764588562857,-0.017483498102742,-0.0032476302175638,0.0002468061659895,1,2,2
20,38,1218.0,0.0107187612236791,-0.0180118953539364,0.000154567969102,-0.0042798006066123,-0.0118424176751198,-0.0321010990102157,-0.0141619997097489,0.0221675214996013,2,2,2
20,39,1219.0,0.0112167857616888,-0.0182018928546311,0.0017126260486789,-0.0084431210832682,-0.0154825441345492,-0.0409266621516165,-0.0161091884083061,0.0208916275033795,2,2,2
20,40,1220.0,0.0081022484420168,-0.0135046042704406,0.0002557281699867,-0.0035106403183764,-0.0086911171477178,-0.0231867936820361,-0.0093998065187947,0.0128928058237788,2,2,2
20,41,1221.0,0.0096005197111808,-0.017250819421342,-0.0032328002932997,0.0052462883918106,-0.0004490151365599,-0.0013323805431494,0.0007227262847063,-0.0038095757401526,2,2,2
20,42,1222.0,0.0094890628887233,-0.0168562417939483,-0.0026587952489772,0.0037803703793009,-0.0016766754847074,-0.0043646304550733,-0.0003243456059978,-0.002055474187939,2,2,2
20,43,1223.0,0.0104497941566553,-0.0195390803268229,-0.0046088616235014,0.0080546798109811,-0.0010360935087253,-0.0047487903313157,-0.0037937130968916,0.008030262641627,2,2,2
20,44,1224.0,0.0089310439887755,-0.0182084901940305,-0.0073570487500276,0.0155486612247238,0.0061021375420434,0.0134895963557769,0.0040030632410764,-0.0062395115397252,2,2,2
20,45,1225.0,0.0089551461995936,-0.0183406628994198,-0.007563458175756,0.0160624591340148,0.0064921073931805,0.0144578444826582,0.004387481730379,-0.0069180676079568,2,2,2
20,46,1226.0,0.0089598079949966,-0.0183660649478948,-0.0076017570883428,0.0161568203146977,0.0065576225490306,0.0146150912002842,0.0044402385193145,-0.0069993295484116,2,2,2
20,47,1227.0,0.0089617682258047,-0.0183768227150502,-0.0076186152487278,0.0161988190070634,0.0065896794743678,0.014694829295205,0.0044722379781547,-0.0070567516519439,2,2,2
20,48,1228.0,0.008960948318803,-0.0183722122337474,-0.0076105212809882,0.0161780807190245,0.0065706634453425,0.0146451248956891,0.0044493786225245,-0.0070169065556989,2,2,2
20,49,1229.0,0.0089589628068482,-0.0183610817933308,-0.0075912651105024,0.0161289270917624,0.006526837774545,0.0145316885493606,0.0043998869559324,-0.0069362701827562,2,2,2
20,50,1230.0,0.0089477376268165,-0.0182983092860385,-0.0074837496336093,0.015855045392415,0.0062843967416174,0.0139035325960155,0.0041175858401384,-0.0064427398671777,2,2,2
20,51,1231.0,0.0128315409391529,-0.0251022081498852,-0.0079474477400374,0.0155424459629729,0.0024448297758942,0.0028911354311223,-0.001762679856154,0.0041775918725613,2,2,2
20,52,1232.0,0.0126626180636117,-0.0245910932120755,-0.0073630695417862,0.0140810360033044,0.0012617398174189,-1.07548637779181e-05,-0.0023528993428561,0.0029350497175841,2,2,2
20,53,1233.0,0.008946123986291,-0.0182890652694913,-0.0074664725215981,0.0158103759995538,0.0062445304238759,0.0138044172418316,0.0040964213290087,-0.0064851535037736,2,2,2
20,54,1234.0,0.0089588276079096,-0.0183603033623847,-0.0075897816459447,0.0161250765586115,0.0065233380054643,0.0145229684505843,0.0043981125172737,-0.0069406854484262,2,2,2
20,55,1235.0,0.0089608514701623,-0.018371644104749,-0.0076093663438626,0.0161750480777951,0.0065677837339332,0.0146379402138711,0.0044481846831165,-0.0070222233010357,2,2,2
20,56,1236.0,0.0089440253717842,-0.0183412572651679,-0.0076053418767396,0.0161713080811592,0.0065801464319919,0.0146744519659241,0.0044669560775264,-0.0070497935523187,2,2,2
20,57,1237.0,0.0089189286536846,-0.0182900137516476,-0.0075845941951423,0.0161274921161708,0.006563234520427,0.0146373392656068,0.0044560849893589,-0.007032005126292,2,2,2
20,58,1238.0,0.0086697082372713,-0.0177775342017695,-0.0073693776775412,0.0156684542472285,0.0063725989531639,0.014209718246694,0.0043230594467063,-0.0068190597575159,2,2,2
21,0,1239.0,0.0007277791780502,0.0104409963474275,1.7847050395411196e-05,0.0056925268747435,0.0023100736855604,-0.0028502516776514,-0.0039681968471468,-0.0018520676704266,0,0,0
21,1,1240.0,0.0008128247265266,0.0130299966324673,-0.00026682323649,0.0074945619881993,0.0023411688032967,-0.0042338463174833,-0.0038507276074202,-0.0036641643688663,0,0,0
21,2,1241.0,0.000839340171802,0.0141474589493389,-0.0004222192206677,0.0082677707613878,0.0022538596697832,-0.0048343564020239,-0.0035623053687445,-0.0044834832258049,0,0,0
21,3,1242.0,0.0012960374028702,0.0150252386898609,0.00076652467363,0.0070890908160959,0.0046029399238071,-0.0022561909045207,-0.0081886849709945,0.0008512641030068,0,0,0
21,4,1243.0,0.001274492889343,0.0183752424101476,1.0055306663024878e-05,0.0100404553654611,0.0040133195763351,-0.0050639129679921,-0.0068558539042719,-0.0033833816760192,0,0,0
21,5,1244.0,0.0009819307089175,0.017535849274512,-0.0007068449139505,0.0104391647608001,0.0023880992591241,-0.0063538057942039,-0.003514239078514,-0.0063667476294271,0,0,0
21,6,1245.0,0.0006133778953611,0.0106832045804543,-0.00038383438403,0.0062968465215246,0.0015455817469702,-0.0037585896510006,-0.0023325327653713,-0.0036454084124498,0,0,0
21,7,1246.0,0.0011420431515088,0.0156980967890925,0.0001714650115191,0.0083459637881351,0.0037320773649138,-0.0039200021152144,-0.0064892019185319,-0.0020597349975675,0,0,0
21,8,1247.0,0.0012788230599541,0.0115786782303622,0.001398910853534,0.0040611467618356,0.0047159776440234,0.000491158950254,-0.0082688960406293,0.004566855179563,0,0,0
21,9,1248.0,0.0011946303848966,0.0106587722713589,0.0013279984596882,0.0036448202727412,0.0043522178766011,0.0005557857078084,-0.0075393167126577,0.0042580686642108,0,0,0
21,10,1249.0,0.0017298165140439,0.0182149233295587,0.0013974683246453,0.007804310178776,0.0062995407770632,-0.0014298075243832,-0.0111968488037561,0.0034388184862966,0,0,0
21,11,1250.0,0.0011551244308994,0.0171849537865697,-0.0001116378192819,0.0094684975923923,0.0034355790424702,-0.0049184777162238,-0.0056573744502369,-0.0036590726147416,0,0,0
21,12,1251.0,0.0014300595362702,0.011302141561657,0.0018502490402149,0.0030084232947443,0.0051108345325307,0.001824017385546,-0.0085910953339062,0.0063625690617791,0,0,0
21,13,1252.0,0.0012479770741338,0.0181953310418426,-3.667663789177165e-05,0.0099996247367427,0.0038706625972919,-0.0051325689036649,-0.0065501174702556,-0.0036356892943157,0,0,0
21,14,1253.0,0.0012519712034405,0.0119292744502873,0.0012549671209947,0.0045141953146858,0.0046001748155499,-4.992628857481212e-06,-0.0080961532247477,0.0038357606088423,0,0,0
21,15,1254.0,0.0017990903833216,0.0156461286844892,0.0020900528773598,0.0051145437557599,0.0066209718344237,0.0012350956709728,-0.011502352412727,0.0070868345191339,0,0,0
21,16,1255.0,0.0017987354310898,0.0147927677182038,0.0022457129687951,0.0043399787398944,0.0065963076120561,0.0018991655026184,-0.0113484262547655,0.007840286075467,0,0,0
21,17,1256.0,0.001374743653689,0.0079987285310977,0.0022758922192373,0.0002566879884008,0.004660667922964,0.0039118828968753,-0.0072424262433204,0.0082177018465646,0,0,0
21,18,1257.0,0.0019429546421865,0.0140199269723493,0.0027655198468081,0.0028782839326727,0.0069440849269147,0.0035390340132497,-0.0115341838124443,0.0099162101513387,0,0,0
21,19,1258.0,0.0015597903728389,0.0174014045968395,0.0010593192112203,0.0079269695791961,0.00559610454278,-0.0021548131634565,-0.0099578731244085,0.0018149361642745,0,0,0
21,20,1259.0,0.0012132256337871,0.011068660243517,0.0013047561583507,0.0039161603440077,0.0044256183386072,0.0003901469539616,-0.0076968991842863,0.0041462403451148,0,0,0
21,21,1260.0,0.0014562813270585,0.0126797914690368,0.0016721878425452,0.0041453537546746,0.0052642380357353,0.0009239729376215,-0.0090375861233557,0.0054222313514718,0,0,0
21,22,1261.0,0.0032624561263742,0.0175496373097356,0.0056673569336275,-0.0007530057264381,0.0109788376751452,0.0105105641157302,-0.0167526662260807,0.0209205959362793,0,1,1
21,23,1262.0,0.0017059524533804,0.0149839959631847,0.0019486192045152,0.0050015054936488,0.0062654144958723,0.0009990299103127,-0.0108939825499554,0.0064312138341291,0,0,0
21,24,1263.0,0.0024712847523527,0.0213530733865782,0.00290861424264,0.006939576035125,0.009194033244028,0.0017926865262308,-0.0161062319883325,0.0100015830897883,0,0,0
21,25,1264.0,0.0017210260518339,0.0179060313767931,0.0014279018017935,0.0076167692590391,0.0062920187692721,-0.0013471212500402,-0.0112088773451141,0.0034337982538068,0,0,0
21,26,1265.0,0.0015614602482203,0.0139123090594647,0.0017446648005442,0.0047814821930589,0.0057505767854563,0.0007087593346692,-0.0100607637716963,0.0056182549456921,0,0,0
21,27,1266.0,0.002132023856025,0.0167950025311034,0.0027674545399178,0.0044933076506542,0.0076677088935524,0.0026641621215205,-0.0129820634906446,0.0094020248043211,0,0,0
21,28,1267.0,0.0032950287060261,0.0089579829598727,0.0067327693873293,-0.0084621708650896,0.008147014860779,0.0145163398467741,-0.0083887863561987,0.0189291944067476,0,1,1
21,29,1268.0,0.0028527441973691,0.0060851295431781,0.005960489127968,-0.0087069892887454,0.0062808263567859,0.0129134744381955,-0.0051869042224485,0.0148860076723418,0,1,1
21,30,1269.0,0.0033881785441344,0.0102808080090115,0.0068872330026071,-0.0079040397624546,0.0089950209019513,0.0149825117838486,-0.0101487377547725,0.0209971953273375,0,1,1
21,31,1270.0,0.0048790582290527,0.00533706302585,0.0100936417408978,-0.0181495287366772,0.0070696986265309,0.0198731773975384,-0.000727229829037,0.0141175632276506,1,1,1
21,32,1271.0,0.0072108013215146,0.0062018233373701,0.0148285031977728,-0.0277817381537451,0.0091474290389807,0.0283593519296897,0.0016230818957842,0.016814501044506,1,1,1
21,33,1272.0,0.0048008485594984,0.0047187852139284,0.0099382444208643,-0.0182134153597616,0.0067087224342234,0.0196188263026633,-0.0001294260202621,0.0136256946910154,1,1,1
21,34,1273.0,0.0056033394871731,0.0047274172330504,0.0114521281997656,-0.0214843977607541,0.0069485248222253,0.0216209352260309,0.0013177029417011,0.0125563563841112,1,1,1
21,35,1274.0,0.0065540654790074,0.0042022979184929,0.0133307891043805,-0.0259384264296623,0.0069729412831643,0.0243359754995849,0.0041094838900438,0.0105066730811938,1,1,1
21,36,1275.0,0.0044072707503973,0.0024484372882979,0.0089849559151256,-0.0177759027740626,0.0043683687854131,0.0162296442549099,0.0036560877291213,0.0057542376487775,1,1,1
21,37,1276.0,0.0058512310964691,0.0024714125993337,0.0116542727419408,-0.0235095916083421,0.004812255305144,0.0196942208500834,0.0059916676006532,0.0042036801683327,1,1,1
21,38,1277.0,0.0071556626295746,0.0035200832715888,0.0144327073925254,-0.0288140310811483,0.0065465982204027,0.0253323582248699,0.0065221670510213,0.0076004658939485,1,1,1
21,39,1278.0,0.0055576921449967,0.0010551199864966,0.0106175061125699,-0.0221733350813851,0.0029879442187996,0.0157147678402038,0.0073778662836557,-0.0011587452876113,1,1,1
21,40,1279.0,0.0050681638317201,0.0017173934087615,0.0096898122797813,-0.0196655453670209,0.0034641543432998,0.0149623884436338,0.0049946055781273,0.001994492439414,1,1,1
21,41,1280.0,0.0072129999329697,-0.0018975071112517,0.0121671230894508,-0.0272097103332183,-0.0005784689770093,0.0104324317122466,0.0123568024611916,-0.0146073646012024,1,1,1
21,42,1281.0,0.0089927115095699,-0.004980013623836,0.0133927766471153,-0.0314332636608448,-0.0047214216505441,0.0024446595191471,0.0154681437496645,-0.027319758498724,1,1,1
21,43,1282.0,0.0047074496139759,-0.001434671827295,0.0073329615328461,-0.0163020544441789,-0.0006006597852412,0.0049021451324984,0.0059465455931465,-0.0068917518774888,1,1,1
21,44,1283.0,0.0088478474929374,-0.0099334970187093,0.0078571043427845,-0.0208869438951675,-0.011160657303567,-0.0205786318620592,0.004344887900891,-0.0208411901114394,1,2,2
21,45,1284.0,0.0083774899845367,-0.0080534643521644,0.0091609708925007,-0.0232972378568641,-0.0091201038289801,-0.0132174019506024,0.0089078563764718,-0.0262654184781832,1,1,1
21,46,1285.0,0.0107075112998082,-0.012212262123867,0.0094179959963859,-0.0252021794105444,-0.0137881411429348,-0.0254718478378551,0.0057355253816999,-0.027118432573331,1,2,2
21,47,1286.0,0.0087288949812069,-0.0097711237692444,0.0065012572544634,-0.0168602893059925,-0.0070814267171247,-0.0116354442849918,0.0031385837661929,-0.0104083505276097,1,2,2
21,48,1287.0,0.0092857235278564,-0.0138162244965776,0.002242836466415,-0.0078548051154888,-0.0074456201871266,-0.0166992005834558,-0.0030365009183449,0.0018025173273142,2,2,2
21,49,1288.0,0.0107550896012627,-0.0185714903392315,-0.0007826702807522,-0.0020876701196562,-0.011588516070671,-0.0331331576801025,-0.0184555125562996,0.0363216935248481,2,2,2
21,50,1289.0,0.0086414026464065,-0.0129123204322807,0.0019196064328759,-0.0068607799401797,-0.0064561955799071,-0.0142685790380847,-0.0020137379150576,-0.0007873981736224,2,2,2
21,51,1290.0,0.0085122205235142,-0.0117553763618477,0.0041343521666096,-0.0124101931315263,-0.0100000990014293,-0.0218520053617362,-0.0018746895218339,-0.006265214676042,1,2,2
21,52,1291.0,0.0083105029696125,-0.0112247851882883,0.0039921189255502,-0.0116268000080442,-0.007562390374716,-0.0148253061918677,0.0012673631456075,-0.0095664782969634,1,2,2
21,53,1292.0,0.011119474819879,-0.0184818121471266,0.000696048509154,-0.0058454664663035,-0.0136631658577928,-0.036902528125721,-0.0161607627212306,0.0247442102572603,2,2,2
21,54,1293.0,0.010954669836305,-0.0187915064271859,-0.0003315131362,-0.0034068010508516,-0.0131645970578835,-0.0371462687822139,-0.019348049404989,0.0349199047116584,2,2,2
21,55,1294.0,0.0112214034952208,-0.0204710359802084,-0.0032660475403433,0.0040248089701547,-0.0070238444784778,-0.0217336546169478,-0.0138721013141864,0.0289936335159571,2,2,2
21,56,1295.0,0.008903471564275,-0.0181147505727441,-0.0072190333628622,0.0151878647694117,0.0057078646440729,0.0124063753364023,0.0034070321010976,-0.0050506161835763,2,2,2
21,57,1296.0,0.0088924978759421,-0.0181444707518672,-0.007353576585956,0.0155506416183866,0.0061222096107737,0.0135469113622031,0.0040505625066519,-0.0063987723135796,2,2,2
21,58,1297.0,0.0135693357201136,-0.0260594141172947,-0.0076935826146337,0.0149113579301564,0.003150592697467,0.0060346315528813,0.0020628424768966,-0.005324051412044,2,2,2
22,0,1298.0,0.0010510834169264,0.0161596403577256,-0.0002047271214271,0.0091636147341227,0.0031556612752654,-0.0050390200861439,-0.005278251231369,-0.0041621465488739,0,0,0
22,1,1299.0,0.000957078040019,0.0113701287009579,0.0005118283069234,0.0054794333587216,0.0033805656685694,-0.0018884213424686,-0.0060134392422592,0.0003245931250562,0,0,0
22,2,1300.0,0.0009017641928993,0.0133318059880053,-6.308395060113636e-05,0.007398842488797,0.0027922432335979,-0.0038746453866324,-0.0047411368390332,-0.0028562984015224,0,0,0
22,3,1301.0,0.0008207226556727,0.0123950075034912,-0.0001155947336754,0.0069117123917681,0.0024469013886909,-0.003677317887061,-0.0040590036704423,-0.0028571690954187,0,0,0
22,4,1302.0,0.0011829416433342,0.0222633012844714,-0.0010917913060488,0.0134836142396838,0.0026412438473589,-0.0084738190164666,-0.003648624104069,-0.0089144431234049,0,0,0
22,5,1303.0,0.001121573649574,0.0158377928909296,5.263689286186164e-05,0.0085351271057553,0.0034284974707714,-0.0042793602923725,-0.0056838733813426,-0.003040495496795,0,0,0
22,6,1304.0,0.0020329532402512,0.0092597544629364,0.0037353558445582,-0.0020202414338973,0.006241641740296,0.0074457519613857,-0.0085871875177398,0.0127727850293237,0,1,1
22,7,1305.0,0.0018267848517693,0.0120543981878611,0.0028063917307262,0.0016485519605347,0.006464001868711,0.0042581727808918,-0.0105218571331874,0.0103790589775508,0,0,0
22,8,1306.0,0.0014366635937061,0.0086077211027322,0.002335836236859,0.0004827629465808,0.0048804712480261,0.0039254793749639,-0.0076054380692468,0.0084313607315036,0,0,0
22,9,1307.0,0.0022853468837778,0.0100392159627267,0.0043120016916135,-0.0026174541694662,0.0072275496651849,0.0088773781660797,-0.0101906100148234,0.0155121275114849,0,1,1
22,10,1308.0,0.0027896079253467,0.0141752326765295,0.0049886087985396,-0.0014255477325244,0.0092894204995795,0.0096361953442904,-0.0139415032778438,0.0185064629215714,0,1,1
22,11,1309.0,0.0030155819126914,0.0107367807603583,0.0059594219198843,-0.0056604924650718,0.0085787910482661,0.012714708242687,-0.0106535579332164,0.0193058247453385,0,1,1
22,12,1310.0,0.0014647816421111,0.0092724554689257,0.0022623056230302,0.0009820948960525,0.0048846654236837,0.0034290765349867,-0.0075931477284502,0.0076031591461947,0,0,0
22,13,1311.0,0.0017462611678331,0.0065322206952171,0.0033653206404638,-0.0029259431517088,0.0049148150030249,0.006913079827838,-0.0061624586308617,0.0104802344956622,0,1,1
22,14,1312.0,0.0036329078498478,0.0075123258351964,0.00755374088517,-0.0111646762923592,0.0077742001892537,0.0161405395747539,-0.0062456476324649,0.0181775805955952,0,1,1
22,15,1313.0,0.002294839685824,0.0063364218110617,0.0046624215134583,-0.0057594949769748,0.0056997980979115,0.0099599659552619,-0.0060323094486382,0.0131517892833938,0,1,1
22,16,1314.0,0.0040064177534012,0.0046735171616255,0.0081484204291081,-0.0143577402381862,0.0058775727385053,0.0157585996357776,-0.0013900443951631,0.0120069988550406,1,1,1
22,17,1315.0,0.0044941244535477,0.0078569011650751,0.0094532921148658,-0.015025748685149,0.0088598196789156,0.0201874496242847,-0.0056070355607632,0.0206379837621636,1,1,1
22,18,1316.0,0.005717557232293,0.0063980349691662,0.0119326263832405,-0.0213777508783543,0.0086603313036127,0.0240994364135539,-0.0013494937465148,0.0182837741353686,1,1,1
22,19,1317.0,0.0041123787168841,0.0048504286434047,0.0085806826087066,-0.0152063022869685,0.0063708004700663,0.0173479524772018,-0.0013158654892628,0.013473230782153,1,1,1
22,20,1318.0,0.005670872937965,0.0037198392843985,0.0115449677634573,-0.0224047198940989,0.0061374352374861,0.0212153810724154,0.0033963125737243,0.0094917384708839,1,1,1
22,21,1319.0,0.0057104151288583,0.001857951059801,0.0111893933253986,-0.0228953751993451,0.0040477851125245,0.0180259306493725,0.0065536359017709,0.0020496400653594,1,1,1
22,22,1320.0,0.0069384031199329,0.0027436342006985,0.0136512362069988,-0.027587401652677,0.0054312485583046,0.0225118726563704,0.006958855329821,0.0044651728731167,1,1,1
22,23,1321.0,0.0068702646011498,0.0029328178836268,0.0137521222086689,-0.0277375461299598,0.0057947943546316,0.0235679372562908,0.0070065470391137,0.0055442528857046,1,1,1
22,24,1322.0,0.0073739136269768,0.0018531188088594,0.0143845990636714,-0.029821290298963,0.0046463003795111,0.0225842683003916,0.0096224266441013,0.0003052835597147,1,1,1
22,25,1323.0,0.007378378755636,-0.0001362887803895,0.0133135617297767,-0.028619314144644,0.0020142812390094,0.0165261959127666,0.0110669936123511,-0.007256401321732,1,1,1
22,26,1324.0,0.0079546791678538,0.0009176581522532,0.014997409115544,-0.0316777809308759,0.0036155655857048,0.0213309162010152,0.0113951356580192,-0.0039021159426516,1,1,1
22,27,1325.0,0.0044600826699388,-0.0001193632873169,0.0075907744143487,-0.0161390746126645,0.0010474847278417,0.0083816785422349,0.0049889857306765,-0.0026997681107495,1,1,1
22,28,1326.0,0.0079874479916301,-0.0052493492619871,0.0110209198172843,-0.0262723594989928,-0.005268041236355,-0.001555327689238,0.0122400638144954,-0.0242666960032815,1,1,1
22,29,1327.0,0.006747557837527,-0.0013569134601426,0.0115054043767732,-0.02540934782195,0.0002253626284194,0.0113589662055686,0.0108750740019426,-0.0109090547018048,1,1,1
22,30,1328.0,0.0074086928094619,-0.0029396050529475,0.0119087207069901,-0.0272346900867868,-0.0021436181830787,0.0068734241667871,0.0131577237627883,-0.0192859294040303,1,1,1
22,31,1329.0,0.0083194340593518,-0.0047412102724321,0.0122985766850935,-0.0289532907815432,-0.0045917166299751,0.0016683052143766,0.0143427526451719,-0.0259787201737242,1,1,1
22,32,1330.0,0.0092378262501908,-0.0073614047305388,0.0116877592391769,-0.0286510825296411,-0.0079226232320396,-0.0071711608193792,0.0131578844677188,-0.0302244899278488,1,1,1
22,33,1331.0,0.0108609519582053,-0.0118775459553259,0.0101992646892143,-0.026888714450559,-0.0135079494326915,-0.0237173070881863,0.0074273070628139,-0.0296340054928577,1,2,2
22,34,1332.0,0.0097195112852732,-0.0113205870015513,0.0082569454798407,-0.0222764477526091,-0.0126599636974458,-0.0238020146418822,0.0047848820274036,-0.0243894393930796,1,2,2
22,35,1333.0,0.0093535235846859,-0.012511748903565,0.0058501202844526,-0.0171064405850394,-0.0137209731278805,-0.029949162932811,-0.0013229561152174,-0.0143257164667117,1,2,2
22,36,1334.0,0.0110228961372694,-0.014688169233856,0.0068374057409438,-0.0199048786794591,-0.015445572711741,-0.033194713800072,-0.0005625947936576,-0.0180757183411667,1,2,2
22,37,1335.0,0.008306620850586,-0.0124771708440651,0.0014833977344498,-0.005520167305969,-0.0043147636734252,-0.0081063215432657,0.0017086766196995,-0.0082473325701485,1,2,2
22,38,1336.0,0.0089443795890637,-0.0118336977170199,0.0055515251056596,-0.01605068784552,-0.0120019045652991,-0.0254494651734648,-0.0001074922887686,-0.013992508865324,1,2,2
22,39,1337.0,0.0106750377170299,-0.0159804603192479,0.0040371655791742,-0.0136717618506768,-0.0160899162698122,-0.0394215424315886,-0.0100329393201589,0.0036439703893789,1,2,2
22,40,1338.0,0.0120720453922112,-0.0224341757032177,-0.0043347014848874,0.006303374264314,-0.0070495683846895,-0.0234878247736098,-0.0188362142204046,0.0466889492968917,2,2,2
22,41,1339.0,0.0115718066324958,-0.0189635726232677,0.001486037632524,-0.0080995333603553,-0.0161644211011411,-0.0433330735075004,-0.0182702544197274,0.0259833849205978,2,2,2
22,42,1340.0,0.0110243881604781,-0.0186100292555773,0.0001951931924333,-0.0046488858214169,-0.0133213908405442,-0.0366400649270175,-0.0171938355339144,0.0281319569923074,2,2,2
22,43,1341.0,0.0120572678660107,-0.0231631716696855,-0.0061775404727716,0.011080068886607,-0.0024867670366682,-0.0113588030097848,-0.0124919937482458,0.0334633644777763,2,2,2
22,44,1342.0,0.0124138696169839,-0.0229735697699284,-0.0043217317703107,0.0062207017767064,-0.0065950895426149,-0.0213884975284131,-0.0150376232311204,0.0331778797986294,2,2,2
22,45,1343.0,0.0124676504592552,-0.0239312769948412,-0.0065743434844545,0.0121069337678482,-0.000717539859858,-0.0057007768988468,-0.0070933105094207,0.0175887547247869,2,2,2
22,46,1344.0,0.0115140286939464,-0.0212076468391583,-0.0048306385433857,0.0085377766732816,-1.3917221505118412e-05,-0.0015827880534533,-0.0019105232584317,0.0046297678835425,2,2,2
22,47,1345.0,0.013246865332899,-0.0248822473247579,-0.0063007540123585,0.0115322817924003,0.0009457238094717,0.0008258921414703,0.000361080088524,-0.0023177597812215,2,2,2
22,48,1346.0,0.0089320357158612,-0.0182145370020562,-0.0073722774469033,0.0155910850477318,0.0061662564860665,0.0136800544479699,0.0041397000159857,-0.0065633107336659,2,2,2
22,49,1347.0,0.008952172860792,-0.0183248041348638,-0.0075419759871024,0.0160110056731302,0.0064628190723258,0.0143913316462716,0.0043677716831667,-0.0068865346670128,2,2,2
22,50,1348.0,0.008936592164399,-0.0182409164659248,-0.0074219763352654,0.0157187663991724,0.0062691430932728,0.0139249951927829,0.004189967198039,-0.006559370000283,2,2,2
22,51,1349.0,0.00660628555619,-0.0124590850029976,-0.0033774680797506,0.0064023498143259,0.0010500044045859,0.0016574513769089,-0.0001272574359962,0.0009327752410167,2,2,2
22,52,1350.0,0.0089386034455214,-0.0182518899124109,-0.0074385514760548,0.0157595703244922,0.0062967398643327,0.0139900827887452,0.0042088613451771,-0.0065830026944841,2,2,2
22,53,1351.0,0.0089566815672191,-0.0183491771904232,-0.0075771771801231,0.0160966641845459,0.006516079773463,0.0145135786129684,0.0043990560066614,-0.0069206146526594,2,2,2
22,54,1352.0,0.0089570203234616,-0.0183507870424078,-0.007577850638412,0.0160971919065941,0.0065107018329506,0.0144962693268222,0.004387107758025,-0.0068953711117606,2,2,2
22,55,1353.0,0.0089428828379629,-0.0182721507615761,-0.0074465058334711,0.0157646695049768,0.0062272799743926,0.013767918162718,0.0040576790843215,-0.006265746550336,2,2,2
22,56,1354.0,0.0133936370284062,-0.0256007153439824,-0.0070017668751849,0.0129878140362589,0.0001719760898877,-0.0028366757250309,-0.0043900928617824,0.0104768419784934,2,2,2
22,57,1355.0,0.0088997683756044,-0.0181837964291508,-0.0074097880718891,0.0156864518705394,0.0061947011911762,0.0136945787689314,0.0040344994120976,-0.0062283857681075,2,2,2
22,58,1356.0,0.0086665547746714,-0.0177600434763029,-0.0073405225234134,0.0155956082715484,0.0063114834835045,0.0140531927838382,0.0042527493099404,-0.0066846261970494,2,2,2
23,0,1357.0,0.0016602033433399,0.0152411229011995,0.0017700838895628,0.0054612868762806,0.0060855817518654,0.0004420742180429,-0.0106430507211857,0.0055970906384557,0,0,0
23,1,1358.0,0.00084470456401,0.0105098047711088,0.0003503245341918,0.0051995572510538,0.002867602765026,-0.0019893053447895,-0.0050120994138577,-0.0002138528924507,0,0,0
23,2,1359.0,0.0006942925792584,0.0122882284341093,-0.0004707787505843,0.0071904491276351,0.0016746716797618,-0.0042258597774371,-0.0024791367575489,-0.003975041566965,0,0,0
23,3,1360.0,0.0005288621186722,0.0115178129108131,-0.0008134986362066,0.0071495564108007,0.0007966313311224,-0.0046919815670438,-0.000689486432125,-0.005245240659904,0,0,0
23,4,1361.0,0.0005943237777309,0.0121491219054616,-0.0007487614163546,0.0074890581795001,0.0011082488939577,-0.0048514489042093,-0.001299604337039,-0.0053201472223138,0,0,0
23,5,1362.0,0.0006590124844657,0.014731841907308,-0.0010955077434,0.0091837340846286,0.0008844676696854,-0.00608358312798,-0.0005794098412386,-0.0069123154026352,0,0,0
23,6,1363.0,0.0009926399797839,0.0147840657158894,-9.196764396208516e-05,0.0082130665648074,0.0030395134071621,-0.0043122877367635,-0.0051281423983514,-0.0032081689172527,0,0,0
23,7,1364.0,0.0009392095168169,0.0190755845557815,-0.0011660113408302,0.0117447682297033,0.0017299157113337,-0.007626530477172,-0.0019551910998782,-0.0084614149406864,0,0,0
23,8,1365.0,0.0013004586797837,0.0110077276678561,0.0015123448783278,0.0033581838339175,0.0044464272810973,0.0009954131521521,-0.0073087143726402,0.0045950113692659,0,0,0
23,9,1366.0,0.0006835562427971,0.0100595949225145,-4.8002466233938926e-05,0.0054867880633906,0.00200808200024,-0.0028090332941531,-0.0032705215127906,-0.0020641200581211,0,0,0
23,10,1367.0,0.0012512568495937,0.0179102758977724,2.6653977491637116e-05,0.0096595448629884,0.0038363557902144,-0.0047692036915034,-0.0064078671552471,-0.0031121474862257,0,0,0
23,11,1368.0,0.0006555673860117,0.0101731401404662,-0.0001468423794993,0.00567799223196,0.0018728555395817,-0.0030217586981337,-0.0030471447722138,-0.0023376338300622,0,0,0
23,12,1369.0,0.0009017344019219,0.0130115876954197,4.753456373805045e-06,0.0071009974202127,0.0028291168814626,-0.0035728296827764,-0.0048257044804237,-0.0023736231404919,0,0,0
23,13,1370.0,0.0007391198438783,0.0129666537397059,-0.00048198454586,0.0077014517787365,0.0018728210960569,-0.004660091196745,-0.0028430804020685,-0.0046094193714525,0,0,0
23,14,1371.0,0.0005705190624625,0.0151811778498093,-0.0014556689706176,0.0097821697517317,0.0002184969763434,-0.0068224197595239,0.0008486465701847,-0.0082344588666312,0,0,0
23,15,1372.0,0.0005997983267344,0.0131231390258625,-0.0009325473854832,0.0081863192302883,0.0009300150382684,-0.0054069947299159,-0.0008685533711123,-0.006075088573129,0,0,0
23,16,1373.0,-4.3800876483089965e-05,0.0136095993798044,-0.0028753120486593,0.0092460486567843,-0.0035085504250061,-0.0068429606939634,0.0079565609409068,-0.00851584845608,0,0,0
23,17,1374.0,9.933553877895453e-05,0.015460690984343,-0.0028484651582578,0.0104227421612254,-0.0029822435155097,-0.0076709406437763,0.0071106473747673,-0.0095898781143578,0,0,0
23,18,1375.0,0.0001920451086556,0.0148007110722542,-0.0024537212038037,0.0099488500925596,-0.0021842834967442,-0.0073348522515399,0.0055432353899774,-0.0093066936098588,0,0,0
23,19,1376.0,0.0001126151827253,0.0130553025046233,-0.0023246813991211,0.0087503501638087,-0.0023484041236686,-0.0063877293354823,0.0056837577407563,-0.0079082312053923,0,0,0
23,20,1377.0,-0.0006051654591702,0.0136593621514057,-0.0043692074488655,0.00926138758984,-0.0069575083983833,-0.0066006908304623,0.0139022804858449,-0.0073319505398623,0,0,0
23,21,1378.0,0.0002871473014277,0.0154160349971155,-0.002320131188425,0.010280885153795,-0.0017593513724225,-0.0075014999708891,0.0048208629666365,-0.009407838828923,0,0,0
23,22,1379.0,0.0006142783243327,0.0123228535143801,-0.0007199131721677,0.007444435552579,0.001145625986319,-0.0046536311257581,-0.0013644255760008,-0.0048474293884684,0,0,0
23,23,1380.0,0.0005625322315722,0.0170818034472289,-0.0018735360701012,0.0111470819697604,-0.0003041730940851,-0.0079230983687377,0.0021017856049667,-0.0097642303983905,0,0,0
23,24,1381.0,4.103614340349128e-05,0.0154614838025683,-0.0030197225020747,0.0105011345802768,-0.003391649090743,-0.0078054700681521,0.0079547985534909,-0.009852935519726,0,0,0
23,25,1382.0,7.240399042422188e-05,0.0173945707148141,-0.003338271108591,0.011838984575599,-0.0037041850308652,-0.0088428012210102,0.0088518058398133,-0.011249304859664,0,0,0
23,26,1383.0,0.0001177617396057,0.011422790566885,-0.0020030892281726,0.0077648656063863,-0.0019890077003785,-0.0058169878271431,0.0050215325216223,-0.007487777593594,0,0,0
23,27,1384.0,0.0001582873816015,0.0107904256230503,-0.0017462369963974,0.0072237689099459,-0.0015320906340176,-0.0052902979710412,0.0039739398091051,-0.0066338658469683,0,0,0
23,28,1385.0,0.0007304687806485,0.0165716636314105,-0.0012584900999678,0.0103995700423939,0.0009910377528468,-0.0069381456709922,-0.000705574616243,-0.0079002302433513,0,0,0
23,29,1386.0,0.0010745592473909,0.0185013134750932,-0.0006194174918638,0.0107779331676025,0.0027425726521662,-0.0062680496714811,-0.0042157212141392,-0.005768323088887,0,0,0
23,30,1387.0,4.558947525171551e-05,0.0139849118042162,-0.0027171084153661,0.0094960518157017,-0.0030694793712122,-0.0070628507549274,0.0072822947061346,-0.0089259599947768,0,0,0
23,31,1388.0,-0.0001542701033757,0.0157784899609185,-0.0036119226637891,0.0107455804170844,-0.0047111527102339,-0.0079431067338932,0.01036696904069,-0.0097895633249768,0,0,0
23,32,1389.0,-4.570912817159919e-05,0.0178540497246669,-0.0037454973537234,0.0121527366598947,-0.0045436867502039,-0.0090305167645749,0.0103734420766436,-0.0113181425100865,0,0,0
23,33,1390.0,0.0003395188530846,0.020702205827045,-0.0032584710598819,0.0139285022888929,-0.0026915709659017,-0.0103040612363606,0.0072025459568435,-0.0131478676762367,0,0,0
23,34,1391.0,0.000506526472355,0.018209127330573,-0.0022764992068741,0.0120604591671412,-0.0009787773538195,-0.0087654828524939,0.0036268705298371,-0.0110752387635103,0,0,0
23,35,1392.0,7.516299664393619e-05,0.0109598340073672,-0.0020003946727029,0.0073512917801558,-0.0020713928547775,-0.0053660577190416,0.004921155405173,-0.0066350851920674,0,0,0
23,36,1393.0,0.0005538391306696,0.0128659703935287,-0.0010130084670037,0.0080398659632343,0.000659555755124,-0.0053229995580131,-0.0003335368847882,-0.0059898484346358,0,0,0
23,37,1394.0,0.0001437957285099,0.01615349878482,-0.0028850742670694,0.0109533937525361,-0.0029223147404059,-0.0081625128051142,0.0072275557734437,-0.0104199873768208,0,0,0
23,38,1395.0,-2.667045606416123e-05,0.0129157656395811,-0.0026892491553274,0.0087846600169481,-0.0032315144808867,-0.0065205466533465,0.007378772867262,-0.00816389349109,0,0,0
23,39,1396.0,0.0001009195554144,0.0112733155280976,-0.001999270734677,0.0075720109014291,-0.002005069068646,-0.0055521012255169,0.0048830267039635,-0.0069294516809322,0,0,0
23,40,1397.0,-3.211093934554881e-05,0.0170232265439816,-0.0035304497760296,0.0115528774289299,-0.0042203413618222,-0.0085432201130659,0.0096083022885035,-0.0106400311882008,0,0,0
23,41,1398.0,-0.0009912080000806,0.0106363379568174,-0.0047121487553033,0.0070441364715709,-0.0083088168476969,-0.0046036111379255,0.0152930552738763,-0.003997839395734,0,0,0
23,42,1399.0,-0.0003147273778253,0.0120624802658433,-0.003259703748268,0.0081745100114942,-0.0047009076072707,-0.0059231361939322,0.0096687370314246,-0.006989096342307,0,0,0
23,43,1400.0,-0.0005836638012341,0.0111276338650522,-0.0037353885675422,0.0074410269819559,-0.0059127317929998,-0.0051590423647058,0.0112926452646588,-0.0055120811344137,0,0,0
23,44,1401.0,-0.0021481879173002,0.0084411880063982,-0.0069646907265381,0.004879065938898,-0.0131597407134633,-0.0018168039054772,0.0207896475979148,0.001779018792308,0,0,0
23,45,1402.0,-0.0076687159476517,0.0111357488579744,-0.0198702815899918,0.0034265405726351,-0.0367770873199976,0.0044797991043758,0.0475932576640649,0.0181862781282438,2,0,3
23,46,1403.0,-0.0068023410994942,0.0167888730945095,-0.0197907399442722,0.0083301829576174,-0.0381020496437597,-0.0001308151980711,0.0566348086114922,0.0127419560496248,2,0,3
23,47,1404.0,-0.0092516540255327,0.0106315184057331,-0.0230024405905921,0.0020009819074919,-0.0417366679904974,0.0069430369436374,0.0508233911278084,0.022755864611704,2,0,3
23,48,1405.0,-0.0070761475041687,0.0068361912417881,-0.0169529455491352,0.0005421705402527,-0.0298160222215047,0.0058217498273056,0.0340485404072928,0.0167341700417487,2,0,3
23,49,1406.0,-0.0086002897486921,0.0043149985393966,-0.0184496866598825,-0.0023840294677519,-0.0289145978640374,0.0084506820172565,0.0248563646873352,0.017223028504653,2,0,3
23,50,1407.0,-0.0173717495260025,0.0027772590411878,-0.0326573913090528,-0.0091051707991233,-0.0415785872514213,0.0171360156546799,0.0161637777677362,0.0223167812221156,2,3,3
23,51,1408.0,-0.019481086913443,0.0011922867794335,-0.0340610394466696,-0.0112569233200075,-0.0373948810520724,0.0175149517202148,0.0038383815510692,0.0163497727790085,2,3,3
23,52,1409.0,-0.0231009258469055,-0.0003361998625988,-0.037703885553322,-0.0141782985521191,-0.0347272992915575,0.0186364472445429,-0.0093081838842224,0.0100245209204036,2,3,3
23,53,1410.0,-0.0227803301236471,0.0008073955869964,-0.0390495659292629,-0.0134816660989964,-0.0409261364862353,0.0199627965144066,0.000193681663487,0.0165138916262222,2,3,3
23,54,1411.0,-0.0090766549658989,-0.000316342195764,-0.0143493445986647,-0.0055837102791912,-0.0120376183250477,0.0067558287685314,-0.0050280823061465,0.0024687091216947,2,0,3
23,55,1412.0,-0.0311108777326844,-0.0026509220680278,-0.0457172624213491,-0.0194296764710334,-0.02974027154334,0.0195525231126412,-0.0291141446842476,-0.0021139929030318,2,3,3
23,56,1413.0,-0.0284492265479809,-0.0035068290729908,-0.0385619856841128,-0.0175713170562666,-0.0172068520252812,0.0140428296169661,-0.0328829594942274,-0.0098724405241637,2,3,3
23,57,1414.0,-0.0287961983656979,-0.0038089052664857,-0.0380782422497768,-0.0176356271537058,-0.0150465049340113,0.0132216574498293,-0.0340396602716233,-0.0113341167079137,2,3,3
23,58,1415.0,-0.0183208362164632,-0.0028313694463758,-0.0208822611505207,-0.0100394870835116,-0.0026446880197341,0.0042851011236261,-0.0149295333204834,-0.0065367257037377,2,3,3
24,0,1416.0,0.0009328438111042,0.0134188077219929,1.5852191082436596e-05,0.0073017130602783,0.0029392993296595,-0.0036374196309855,-0.0050290838966806,-0.0023292521338667,0,0,0
24,1,1417.0,0.0004679323687124,0.0127428242631398,-0.0012582015418056,0.0082396552564208,8.896853976955667e-05,-0.0057817178917177,0.0009421895364578,-0.0070363111430287,0,0,0
24,2,1418.0,0.0004213642184508,0.0120221125320761,-0.0012451084257667,0.0078052962068933,-4.778934153761739e-05,-0.0055076654258136,0.0011503382943795,-0.0067375202870089,0,0,0
24,3,1419.0,0.0002765098935487,0.017198175500291,-0.0027289989635811,0.0115932325371501,-0.0023014704153049,-0.008600994116492,0.0061617781618504,-0.0110053798292788,0,0,0
24,4,1420.0,0.0006343791312982,0.0236010175813677,-0.003014909485737,0.0156716568177472,-0.0014124777518374,-0.0114263369529394,0.0049869096566854,-0.0144725010340072,0,0,0
24,5,1421.0,0.0002534159862588,0.010630377844121,-0.0014523670937912,0.0071094850018718,-0.0008549754103258,-0.0052350614827563,0.002692283578234,-0.0066967306138701,0,0,0
24,6,1422.0,0.0004442426139969,0.0132994119546656,-0.0014375125584588,0.0086517293643616,-0.0001884341052432,-0.0061170185266583,0.0015190328449926,-0.0074854035326733,0,0,0
24,7,1423.0,0.0001355376521186,0.0144878692987647,-0.0025684442261815,0.009825314093641,-0.0025694738483398,-0.0073283361739926,0.0063811693474136,-0.0093806896274432,0,0,0
24,8,1424.0,-0.0003703888458615,0.0160825461296652,-0.0042386096132566,0.0109340384482565,-0.0060772701133245,-0.0079740291856676,0.0127178534057231,-0.0094822042032881,0,0,0
24,9,1425.0,-1.855910497990081e-05,0.0143005434743612,-0.0029531103554165,0.0097303497391503,-0.0035353562022948,-0.0072287260970428,0.0081287112395381,-0.0090552752582297,0,0,0
24,10,1426.0,0.0003198008754597,0.017840025036964,-0.0027383065451974,0.0120097253292407,-0.0021635318569083,-0.0089102075485166,0.0059635500244464,-0.0114469411211431,0,0,0
24,11,1427.0,0.0001329322022702,0.0136631310832798,-0.0024198636322019,0.0093141628086482,-0.0024286731024134,-0.0070104842458214,0.0061170574129184,-0.0090867231216871,0,0,0
24,12,1428.0,0.0001236363327213,0.0103766363285024,-0.0017572846656952,0.0069765456982881,-0.0016426968054676,-0.0051339620773863,0.0041257821701224,-0.006461037659367,0,0,0
24,13,1429.0,-0.0003037982343811,0.0101685221006001,-0.002869491964121,0.0069277549955399,-0.0042910288857425,-0.0050411789234606,0.0088553363930985,-0.0059154648075252,0,0,0
24,14,1430.0,-0.0006573892805304,0.0148553361441033,-0.0047533505496599,0.0101007986220828,-0.0075648751453841,-0.0072371389004059,0.0151413866262799,-0.0081207265760554,0,0,0
24,15,1431.0,-0.0008547114326799,0.0115682183084344,-0.0045944896422885,0.007798646268512,-0.0079433012616544,-0.0053580098011639,0.0152050288736857,-0.0053088367342154,0,0,0
24,16,1432.0,-0.0010983773236865,0.01741675705047,-0.0063982042458167,0.0117421084178637,-0.0106913034826565,-0.0081611280060358,0.0205888835652653,-0.008483370319928,0,0,0
24,17,1433.0,-0.0009150620856682,0.0146095391000788,-0.0053425950308582,0.0098103507138143,-0.0089009828629199,-0.0067630413313675,0.0170557755926258,-0.0069122196628824,0,0,0
24,18,1434.0,-0.0004633869380168,0.0127257889987345,-0.0037936480840584,0.0086249396452024,-0.005801288272269,-0.0061873808708788,0.0116842004335661,-0.0070530878572936,0,0,0
24,19,1435.0,-0.0029610515608992,0.0140598880398451,-0.0102753428348019,0.0085814239902174,-0.0196346602395968,-0.0040349068172963,0.0327251880158454,0.0007202842278448,0,0,0
24,20,1436.0,-0.001364196607127,0.0113081549755258,-0.0058072308733461,0.0074124656360373,-0.0106365972840517,-0.0046157865730217,0.0191746586823372,-0.0032936946273491,0,0,0
24,21,1437.0,-0.0012563405859112,0.0115360545301456,-0.0055333938580442,0.0075498634869124,-0.009845669155363,-0.004764795686132,0.0176356799890168,-0.0037477073558839,0,0,0
24,22,1438.0,-0.0034062652035697,0.0129032632412614,-0.0110078868256755,0.0074677214104079,-0.0210693219022471,-0.002716439449117,0.0336361834531951,0.0031266041511404,0,0,0
24,23,1439.0,-0.0019662950029464,0.0058146510159877,-0.005667441919147,0.0028920497315644,-0.0099913244992205,-0.0003805728184251,0.0135000081909809,0.002584580847139,0,0,0
24,24,1440.0,-0.0112645974493019,0.0098924327283799,-0.0266871428352608,1.7492958881576715e-05,-0.0465888496758605,0.0100656812646665,0.0512221461178371,0.0274118273668424,2,0,3
24,25,1441.0,-0.0052970022487285,0.0063664379652072,-0.0132784197245482,0.0013461466500587,-0.0241964006889593,0.0038620590221,0.0297408947421355,0.0130530343415749,2,0,3
24,26,1442.0,-0.0114976401386818,0.0093785008234243,-0.0269727626455477,-0.0004873011155503,-0.0468506723602885,0.0105544287941641,0.0508440733504012,0.0279524703857111,2,0,3
24,27,1443.0,-0.0089996362355838,0.0043228282784484,-0.0191703035142109,-0.0026309988408804,-0.02980709856591,0.0088663052950697,0.0251472181600516,0.0177871587970722,2,0,3
24,28,1444.0,-0.0062961747104849,0.0050454276756652,-0.0144328901716665,-0.0003054693721012,-0.0242318154239073,0.0054445692230869,0.02526402866833,0.0136583143504334,2,0,3
24,29,1445.0,-0.0112764203800467,0.0082252854300674,-0.0259269118086745,-0.0012111949587828,-0.0442028262117388,0.0106811742618414,0.0460176772921821,0.0267435582125001,2,0,3
24,30,1446.0,-0.0128808055259935,0.00450958917595,-0.0262465039672062,-0.00497970958355,-0.038528622604602,0.0128863098631913,0.0276449468650357,0.0229217629430628,2,0,3
24,31,1447.0,-0.010750921056606,0.0034056818264647,-0.0211735591171033,-0.0042211976129271,-0.0299583544053414,0.0100801806845589,0.0211051034521216,0.0174331222955014,2,0,3
24,32,1448.0,-0.0137115376285326,0.0002152034853558,-0.0208773315850449,-0.0072400419787701,-0.0182886386886153,0.0086641364652109,0.0006162832902414,0.0061383940410913,2,3,3
24,33,1449.0,-0.0123496616147083,-0.0009377453804816,-0.0167815996844785,-0.0068818000501549,-0.0102879561650701,0.0062633759467578,-0.0070041898002287,0.0003030693148281,2,3,3
24,34,1450.0,-0.0368852927142352,-0.004298538172737,-0.0512018360297734,-0.0230602770987484,-0.0254818968471698,0.0197585027920447,-0.0427732156601535,-0.0110381211987264,2,3,3
24,35,1451.0,-0.0206415880980284,-0.0024546431830038,-0.027066452595464,-0.012157768548895,-0.0116676196035507,0.009171208658117,-0.0195546707920458,-0.0053279487994173,2,3,3
24,36,1452.0,-0.0455530700424595,-0.0077839610435199,-0.0535110019853135,-0.026879495715757,-0.0038093661533137,0.0120191987703688,-0.0581014004921471,-0.030336438406873,2,3,3
24,37,1453.0,-0.0210421757931723,-0.0034045960702972,-0.0219640124362798,-0.0105786415101633,-0.0026747845414718,0.0043379152438627,-0.0144923073585344,-0.0063230173768964,2,3,3
24,38,1454.0,-0.0430061379487744,-0.0086770307908961,-0.0426750309724579,-0.0231251683588922,0.0157635277173172,0.0007259791558162,-0.0415665926341018,-0.0295774510885236,2,3,3
24,39,1455.0,-0.0273972109093931,-0.0048902503903382,-0.0254676608488456,-0.0126525667338947,0.0003652108258601,0.003325887004782,-0.0136362555857921,-0.0055412705378341,2,3,3
24,40,1456.0,-0.0322905582294427,-0.0082295483762455,-0.0113045529260941,-0.0077674268822803,0.0148534309528522,-0.0046046662965709,-0.0045764595397994,-0.0042085512296486,2,3,0
24,41,1457.0,-0.02295432291027,-0.0058900954418312,-0.0068759042390125,-0.004900305104377,0.0104944599399001,-0.0036655229788716,0.0005161815624808,-2.668778400729449e-05,2,3,0
24,42,1458.0,-0.0211649101054229,-0.0045409470626611,-0.0157984316700084,-0.0087045873387865,0.0067260397265438,-0.0005155029914806,-0.0094739512524189,-0.0056821873185179,2,3,0
24,43,1459.0,-0.0467535188948701,-0.0124342254665578,-0.0220525831688965,-0.0161569241492036,0.0600260623256579,-0.0263447089954217,0.0201403376268082,-0.0038227533113962,2,3,4
24,44,1460.0,-0.0450427797015617,-0.012070690066556,-0.0203986900739802,-0.0152200483877803,0.0586300115186429,-0.0259236931976798,0.0205675179595183,-0.0035204303466026,2,3,4
24,45,1461.0,-0.0183654383715692,-0.0047665237056654,-0.0062712844780871,-0.0045196425251439,0.0116960685207492,-0.0044181994539052,0.0004346579405139,-0.0021882516605238,2,3,0
24,46,1462.0,-0.0299526847957909,-0.0085505511845248,-0.0047219287540731,-0.0055382509159981,0.0315922541576365,-0.0147672104071277,0.0177637347561179,0.0043685401042215,2,3,4
24,47,1463.0,-0.0555095550080847,-0.0158423447149971,-0.0126823759879962,-0.0128951820223059,0.0746602523525075,-0.0359759495762063,0.0523255095675415,0.0202716793359282,2,3,4
24,48,1464.0,-0.0514664666632518,-0.0164836011922597,0.0202280848094169,0.0049318325502826,0.0349844665451334,-0.0200700010232704,0.0556582919048151,0.0454929559450528,2,3,4
24,49,1465.0,-0.0289766625558937,-0.0084789767105281,0.0044514497896766,6.399713486562854e-05,0.0101494522811285,-0.0048523777598883,0.0100252985388531,0.0089401231445734,2,3,0
24,50,1466.0,-0.0562957543135369,-0.018475177077742,0.030511452819399,0.0099124038512904,0.0264381172995581,-0.016609429507602,0.05470377160826,0.0487465370152619,2,3,4
24,51,1467.0,-0.0515968502327568,-0.0174175527431333,0.0380386552359859,0.0146696867497959,0.0053948694377188,-0.005793683157259,0.0289079824035667,0.0282963518487058,2,3,4
24,52,1468.0,-0.0347608170214938,-0.0098812161599006,-0.000583408498883,-0.0030506113770744,0.015837390325595,-0.0063381051644466,0.0025894545664685,1.9171628633546148e-05,2,3,0
24,53,1469.0,-0.0504706171482119,-0.0176719126145197,0.0505007036565929,0.0217368678753337,-0.0204166071386309,0.0073942299670815,-0.004102286405971,3.816357241409313e-05,2,3,0
24,54,1470.0,-0.0415778185267868,-0.0148144487695333,0.0465580684503188,0.0206071748177177,-0.0251391223969542,0.0102016441790762,-0.0129349823778048,-0.00810429159275,2,3,0
24,55,1471.0,-0.018606049622761,-0.0066072294325303,0.0204908662293131,0.0090468704239312,-0.0109846216282932,0.0044726366677839,-0.0058415709253864,-0.0037489116172846,2,3,0
24,56,1472.0,-0.0415341662898869,-0.0148229721200946,0.0469394421625526,0.0208151498601659,-0.0257266466993118,0.0104833749914003,-0.0135517720356901,-0.0086403463008101,2,3,0
24,57,1473.0,-0.0413455990313657,-0.0147122252249142,0.045953775334881,0.0203101184191675,-0.0246003407779706,0.0099786531347851,-0.0127950397744744,-0.0081836920238625,2,3,0
24,58,1474.0,-0.0409746950088823,-0.0135714349213994,0.0277978353692021,0.0107250734111149,-0.0016792701359616,-0.0003405101498363,0.0027342128422536,0.0012512349158384,2,3,0
25,0,1475.0,0.00083796000129,0.0155303695024008,-0.0007215578934231,0.0094082516141528,0.0019609110837654,-0.0059026243441821,-0.00281499727449,-0.006169605503889,0,0,0
25,1,1476.0,0.0007274979351036,0.0129800844663535,-0.0005207907687423,0.0077560397315707,0.0017965064600561,-0.0047489040538236,-0.0026770772347159,-0.0047919702083875,0,0,0
25,2,1477.0,0.0009476185074005,0.0180634310859807,-0.0009213429046085,0.0110108662531509,0.0020956869138845,-0.0069876220388301,-0.0028781696317141,-0.0074309726462894,0,0,0
25,3,1478.0,0.0005645355330361,0.0117528504321405,-0.0007584545132606,0.0073256328754439,0.0010233436425193,-0.0048382261532582,-0.0011472718265296,-0.0054528459026335,0,0,0
25,4,1479.0,0.0003796224715543,0.0165299718089189,-0.0022953348014955,0.0110297686849798,-0.0014276749505278,-0.0080880508047102,0.0043564667341913,-0.01028278317998,0,0,0
25,5,1480.0,0.0006928921007803,0.0163010271359626,-0.0013147981825472,0.0102542306542128,0.0007770600126431,-0.0068703922546047,-0.0002648620408052,-0.007868838872591,0,0,0
25,6,1481.0,0.0005564996673003,0.0109499438315937,-0.0006144100126901,0.0066632294650425,0.0010989136090779,-0.0042329880916037,-0.0013468844519159,-0.0045480739986069,0,0,0
25,7,1482.0,0.0016238730770968,0.0169894819839733,0.0013207394255578,0.0072102492297089,0.0058361623827673,-0.0012830672339151,-0.0102663627650663,0.0031364144889434,0,0,0
25,8,1483.0,0.0011041647094042,0.0166450758723463,-0.0001499155310554,0.0092472869210537,0.0032727534914652,-0.0048840008784676,-0.005400550895174,-0.0037476752075069,0,0,0
25,9,1484.0,0.0009910334252165,0.0165621886701189,-0.0004748795350356,0.0096895681719623,0.0026827561803872,-0.005700440697199,-0.0042353847538328,-0.0053905425309339,0,0,0
25,10,1485.0,0.0011962550542167,0.0165559964947629,0.0001482773956366,0.0088369437262426,0.0038429063762812,-0.0042284479281153,-0.0065861779230211,-0.0024614214922096,0,0,0
25,11,1486.0,0.001831394730025,0.0164123101955331,0.002039281621992,0.0056854651128466,0.0067933260183013,0.000817556978977,-0.0119428735391674,0.0067112803693461,0,0,0
25,12,1487.0,0.0012460267438285,0.0109887826494043,0.0014186482022264,0.0037085363597557,0.0046103556720304,0.000684866689319,-0.0080719917916798,0.0046858596461802,0,0,0
25,13,1488.0,0.0011246235348175,0.0114790412402119,0.0009831100381341,0.0047537531028421,0.0041382690116802,-0.0006284293384973,-0.0073802899445431,0.0026831605919164,0,0,0
25,14,1489.0,0.0011375138258956,0.0111676435921448,0.0010836492721444,0.0044272650201451,0.0042322132387068,-0.0002891388242532,-0.0075544060580206,0.0031967247543616,0,0,0
25,15,1490.0,0.0008387530540808,0.0101583410548441,0.0004083648678705,0.0049643261238634,0.0029313372370025,-0.0018040455770166,-0.0051917269791246,5.864319469986394e-05,0,0,0
25,16,1491.0,0.0015257410320654,0.0163205044312772,0.0011724359922112,0.0071165850401171,0.0054908531737142,-0.0015246988026535,-0.0097020156828253,0.0025308841415626,0,0,0
25,17,1492.0,0.0011651473176341,0.0096303978780429,0.0014439829997839,0.0028570986253302,0.0042674133738635,0.00118059826695,-0.0073467328540693,0.0050004390558536,0,0,0
25,18,1493.0,0.0011443681200325,0.0112425278912604,0.0010857459909566,0.0044633123123533,0.0042447219261073,-0.0003150659654042,-0.0075674783502503,0.0031471223779526,0,0,0
25,19,1494.0,0.0011254608478415,0.011753987684313,0.0009259796431186,0.0050153577838379,0.0041117049851506,-0.0009039491058009,-0.0073200777428706,0.0022253338080718,0,0,0
25,20,1495.0,0.0010620800642471,0.0123192569625143,0.0006208550121322,0.0057772795499821,0.0037061804155672,-0.0018173661196329,-0.0065007843443409,0.000674789956022,0,0,0
25,21,1496.0,0.0008521723119693,0.0150589451916817,-0.0005804098276752,0.0089455831831899,0.0021103875468208,-0.0054239666890275,-0.00313890070881,-0.0054075257767758,0,0,0
25,22,1497.0,0.0014180733904193,0.0151164449489005,0.0011129387384078,0.006582327588807,0.0051912041254801,-0.0013402191653632,-0.0092880841562153,0.0026339393795807,0,0,0
25,23,1498.0,0.0015101052708555,0.014166498566278,0.0015716595645139,0.0052949593142764,0.0056807908980252,0.0001573590982713,-0.0101585235420678,0.0050223505221278,0,0,0
25,24,1499.0,0.0015597532343383,0.0160400316793581,0.0013427212486155,0.0067426411950885,0.0057815517881987,-0.0010282796653383,-0.0103762972860279,0.003519492712271,0,0,0
25,25,1500.0,0.0014618033861826,0.0130621132524181,0.0016281079480864,0.0044841038705166,0.005368678579134,0.000685202081221,-0.0093612025687407,0.0053138031496761,0,0,0
25,26,1501.0,0.0011634701929745,0.0110875179175663,0.0011647690322064,0.0042177070330586,0.0042863756067298,-4.8006155553781526e-05,-0.0075638009171403,0.0034768789805229,0,0,0
25,27,1502.0,0.0014515197253103,0.0101585862510846,0.002116728028102,0.0018548249489399,0.0051348514110895,0.0028745414565296,-0.0084318583873954,0.007591338873572,0,0,0
25,28,1503.0,0.0022076733877846,0.0146166911554925,0.0033885010650845,0.0020335856970273,0.0078448494925484,0.0051449818232234,-0.0128232730926662,0.0126573536725397,0,0,0
25,29,1504.0,0.002908366490687,0.0132345865740252,0.0053821199868254,-0.002868580944413,0.0091505569870357,0.0107742711686325,-0.0129456842464471,0.0189140101092309,0,1,1
25,30,1505.0,0.0016336625507535,0.0111198691092468,0.0024336220297511,0.0017768631046228,0.0057135326220883,0.0034933625080632,-0.0092508928803625,0.0087542103434311,0,0,0
25,31,1506.0,0.0028716937480872,0.0124453494530944,0.0054236379022841,-0.0034363197586116,0.0089505562189567,0.0111580655810035,-0.0124290000806805,0.019156165079712,0,1,1
25,32,1507.0,0.002357865971148,0.0139911294952101,0.0038617286524974,0.0006898052247604,0.0080476063810542,0.0065349407840002,-0.012607031267415,0.0140286863913211,0,0,0
25,33,1508.0,0.0023211754158549,0.008668514868042,0.0044894676572706,-0.0039040011348364,0.0066089439754022,0.0092776071238966,-0.0084257351625193,0.0143041577498184,0,1,1
25,34,1509.0,0.0036371270539427,0.0036042098047895,0.0073706504705688,-0.0134528476636271,0.0047241268173013,0.0137851619699471,0.000155268352041,0.0085011709030754,1,1,1
25,35,1510.0,0.0044281439182148,0.0087914981249238,0.009284653657745,-0.0140096079732109,0.0094147472830384,0.0200460105461469,-0.0072687368534582,0.0223613371884043,1,1,1
25,36,1511.0,0.0035683738291117,0.0039933262399931,0.0073023845615298,-0.0130149982795976,0.0051553807776872,0.0141767318853624,-0.0008617884587096,0.01036762062568,1,1,1
25,37,1512.0,0.0056867385698095,0.0016497378600224,0.0109798930804666,-0.0225376898976414,0.0037681227889214,0.0172437046898438,0.0065764185839529,0.0013235734219116,1,1,1
25,38,1513.0,0.004624237074427,0.0028765016322331,0.0093534508738069,-0.0182512725291825,0.0047374241080235,0.0167713639595118,0.0031017820637429,0.0066440299114748,1,1,1
25,39,1514.0,0.0044387204867889,0.0027207973146814,0.008763650664993,-0.0170245704049052,0.0042868343764932,0.0150070981564272,0.0025862382948706,0.0058073042194743,1,1,1
25,40,1515.0,0.0068763667073298,-0.0010863221478286,0.011855909137956,-0.0260289909130935,0.0003945478786799,0.0117989772255049,0.0108866675586756,-0.0110158288270094,1,1,1
25,41,1516.0,0.0077507524742241,-0.0025385605126833,0.0127017472479681,-0.0286910719786774,-0.0014900991262136,0.0088485517953826,0.0133128990844457,-0.0181023923125315,1,1,1
25,42,1517.0,0.0078998097142341,-0.0048342518153957,0.0113014174064642,-0.0267602988028852,-0.0047620979639156,0.0001008631450434,0.0129082813539503,-0.024412977648716,1,1,1
25,43,1518.0,0.0071486857440115,-0.0015269723911764,0.0122181341758861,-0.0270934592928016,-5.748950709455979e-05,0.0114859464033083,0.0119564279049242,-0.0130896708442404,1,1,1
25,44,1519.0,0.0077593281333512,-0.0038658993830694,0.0118944761595169,-0.0276523237396617,-0.0033847236240685,0.0040901164122717,0.0136417362899954,-0.0225037878973794,1,1,1
25,45,1520.0,0.0071433135064108,-0.0040137377339314,0.0105509747124383,-0.0247758098007165,-0.0037610216436395,0.0017913839393726,0.0120710966454243,-0.0213022107005878,1,1,1
25,46,1521.0,0.0083424592881105,-0.0047303122972195,0.0121071525022365,-0.0283603863994436,-0.0041094340159462,0.0024349561975835,0.0135117904435275,-0.0233233052845232,1,1,1
25,47,1522.0,0.0086131652680297,-0.0094053230368829,0.0077653007439694,-0.0203324896522451,-0.0094894827813525,-0.015901548275294,0.0059706081655651,-0.021300816680066,1,2,2
25,48,1523.0,0.0089987218171012,-0.0109135988144045,0.0070662035297371,-0.0194321920373866,-0.0123605250958241,-0.0248307656654712,0.001807514939186,-0.0177295888187322,1,2,2
25,49,1524.0,0.0086352717744106,-0.0079880196016939,0.0097476928564917,-0.0245508859129995,-0.0088088966303367,-0.0116796119496224,0.0099510222980226,-0.0270331698424823,1,1,1
25,50,1525.0,0.0088499143700201,-0.0068227741971911,0.0114589674751319,-0.0279672002956872,-0.0073983085721515,-0.0061091591333585,0.0130222345194627,-0.0293185559721303,1,1,1
25,51,1526.0,0.0090949037071327,-0.0107859522010381,0.0074721688638468,-0.0203206462112299,-0.0120834871950723,-0.0233217012389347,0.003554576849729,-0.0212783633958311,1,2,2
25,52,1527.0,0.0102362000071211,-0.0126592175236228,0.0077923135861408,-0.0216413177859239,-0.0142025818954606,-0.0286558242443688,0.0023856728986639,-0.0219688332968861,1,2,2
25,53,1528.0,0.0110228554507709,-0.014311673681672,0.0073699265527663,-0.0210533714661439,-0.0153218168239976,-0.0321954049515829,0.0005845659120673,-0.0200573458343883,1,2,2
25,54,1529.0,0.0113017211980701,-0.0145203021047317,0.0078075717132374,-0.0221537822756112,-0.0157362805324338,-0.0327319258279161,0.001208161573477,-0.0219254208235299,1,2,2
25,55,1530.0,0.008712607379416,-0.0113397266199757,0.005659336947567,-0.0161651884523432,-0.011563586249176,-0.0241087217575604,0.0005607347033882,-0.0147675060234309,1,2,2
25,56,1531.0,0.008398853140917,-0.0120376273149954,0.0018939970762745,-0.0061675685850103,-0.0040166333002616,-0.007920405747087,-0.000945758957222,0.0015753398343016,2,2,2
25,57,1532.0,0.011904155276551,-0.0220994472971893,-0.0042863309643053,0.0062754093734111,-0.0068563035439791,-0.023002993739214,-0.0189039241246212,0.0475734846568743,2,2,2
25,58,1533.0,0.0057707497646407,-0.0103297753936584,-0.0014703524570298,0.0017065423815499,-0.0028410569803359,-0.0083304664285203,-0.0043899226508661,0.0082898459515005,2,2,2
26,0,1534.0,0.0008402926861573,0.0114492819850416,0.0001475554952537,0.0060909782899257,0.0027880783840226,-0.0028620345768062,-0.004877014455594,-0.0015036069104487,0,0,0
26,1,1535.0,0.0006695950694247,0.0114052094510716,-0.0003652519980829,0.0066910950154954,0.0017527234913375,-0.0039555998710176,-0.0027067448107699,-0.0037718258358224,0,0,0
26,2,1536.0,0.0015103193213381,0.0189108888483384,0.0006086579800926,0.0094850224402201,0.0052115001143985,-0.0037631021407102,-0.0092095409956221,-0.0006500903167048,0,0,0
26,3,1537.0,0.0016980266185384,0.0171453773036918,0.0015085389717457,0.0069988208651509,0.0061764216533419,-0.0008319016770603,-0.0108887765431737,0.0040335557556916,0,0,0
26,4,1538.0,0.0011205377271133,0.015699004998481,9.963761162036528e-05,0.0084184629842943,0.003557019715265,-0.0040740716217827,-0.0060616875288798,-0.0024586086262201,0,0,0
26,5,1539.0,0.0016141215789123,0.0191094101166295,0.000870066404726,0.0091648042636977,0.0056553487801071,-0.0031303765741614,-0.0099853534386729,0.0005367939556148,0,0,0
26,6,1540.0,0.0008032435823333,0.0107277906187842,0.0001780222874136,0.0055794971083939,0.0026083596264858,-0.0025035017407418,-0.0044709258353402,-0.001170395672837,0,0,0
26,7,1541.0,0.0010827392744249,0.0099648264503409,0.0011398558906824,0.0035664504893286,0.0038982719794143,0.000253260953872,-0.0067194518295437,0.0034704932378993,0,0,0
26,8,1542.0,0.0019384101410395,0.0112955160351839,0.003222353781867,0.0003623682300816,0.0066403600723358,0.0055991153306805,-0.0103860905336714,0.0118811332349542,0,0,0
26,9,1543.0,0.0018689091789015,0.0164390068561852,0.0021298655396776,0.0055086372689429,0.006870155917349,0.0010596081756631,-0.011965901271392,0.0069974171664927,0,0,0
26,10,1544.0,0.0015615977566042,0.0124747774081392,0.0020142109371722,0.0034387971065273,0.0057089649696108,0.0019148131330033,-0.0097792256394608,0.0070846995394661,0,0,0
26,11,1545.0,0.0010514761238976,0.0089691043706995,0.0012474665840682,0.002822738991928,0.0038275575235121,0.0008425885436407,-0.0065875701761935,0.0042074267712437,0,0,0
26,12,1546.0,0.0017189575347115,0.014196330988922,0.0021321322339002,0.0042220264623117,0.0063098281236046,0.0017221193031934,-0.0108879092982223,0.0073499223881076,0,0,0
26,13,1547.0,0.0020713352177035,0.0138887525373415,0.0031293028589692,0.0020897308805123,0.0072925020450201,0.004570078164419,-0.0118716596385358,0.0113265610126439,0,0,0
26,14,1548.0,0.0026828749656239,0.0088052824990394,0.0053704072167094,-0.005662034215475,0.0073267703061384,0.0115220850875675,-0.0086495014472025,0.0166817086002388,0,1,1
26,15,1549.0,0.0023222147657336,0.0127640610447046,0.0039680690162789,-0.0002706834231625,0.0077574770449779,0.0071692279745957,-0.0118090096203705,0.0143334777345448,0,0,0
26,16,1550.0,0.002443024512292,0.0082777504235126,0.0048911598897873,-0.0049720598371413,0.0068641126654585,0.0105735916190914,-0.0083508553768116,0.0157852753925801,0,1,1
26,17,1551.0,0.0025976444979589,0.0065407092350977,0.0053635710732262,-0.0071156308794544,0.0062366299253353,0.0116180475227625,-0.0061141424952475,0.0146739768008077,0,1,1
26,18,1552.0,0.0023223428484294,0.0068821863134368,0.0047100930308881,-0.0055174263060153,0.006006852370202,0.0101387427382476,-0.0065753488160108,0.0137832356170427,0,1,1
26,19,1553.0,0.0029505449674938,0.0083415371725883,0.0060500958290606,-0.0073891934632697,0.007575036387596,0.0132009121198018,-0.0081518046217663,0.0178547778782703,0,1,1
26,20,1554.0,0.0031304594068665,0.0055276453295073,0.0065477824626756,-0.010348965885144,0.0061354130779101,0.0138508071522932,-0.0039569284404511,0.0141435972583983,1,1,1
26,21,1555.0,0.0052888076329716,0.0101312703784159,0.0111141161806364,-0.0170445732645428,0.0110289482612447,0.0239762094798217,-0.008059233580912,0.0260870543280703,1,1,1
26,22,1556.0,0.0029718700723602,0.0115877151260761,0.0057223754958127,-0.004613640967788,0.0087184399559238,0.0118360868140983,-0.0114232141603971,0.0188086655031198,0,1,1
26,23,1557.0,0.0053009923876936,0.0067050854141352,0.0110903448180119,-0.0193562828729122,0.0085792276360458,0.0226886201149254,-0.0024346510297393,0.0185660178117932,1,1,1
26,24,1558.0,0.0046833915584088,0.0031428763943258,0.0094187954537954,-0.0181850271215566,0.0049305758062517,0.0168317956552649,0.0025552378876795,0.0073254049064285,1,1,1
26,25,1559.0,0.0048309422011226,0.0033103115185295,0.0095588048713217,-0.0183186753381078,0.0050164233954418,0.0167137169293611,0.0021276587858671,0.0076090620657641,1,1,1
26,26,1560.0,0.0074166543923818,0.0009671431143606,0.0135848092755948,-0.0283825028593236,0.0036175754611961,0.0193352263310929,0.0089153065561996,-0.0010316605037926,1,1,1
26,27,1561.0,0.0052891343395208,0.0012494801967762,0.0100042129196217,-0.0206405012365683,0.0031508701641445,0.0150709825591952,0.0060695516367393,0.0005313640814086,1,1,1
26,28,1562.0,0.0062777084596615,-0.0006876380029868,0.0111051080746214,-0.0242514214985876,0.0008012277473802,0.0121111514540019,0.0101613104815047,-0.0093044182867394,1,1,1
26,29,1563.0,0.0081848507899716,0.0017390481681491,0.0158644922313606,-0.0330841821134827,0.0047729042629654,0.0243535637946392,0.0110840027233321,-0.0008649416777676,1,1,1
26,30,1564.0,0.0046823443206326,0.001679523424566,0.0092335300498526,-0.0188061143058253,0.0034976084512107,0.0151312252195484,0.0052198256077745,0.0021860427287432,1,1,1
26,31,1565.0,0.0067027598569377,-0.0003228913094283,0.0119580044204713,-0.0258008377861484,0.0015705928351884,0.0143384944004191,0.0100625156971382,-0.0071069594266765,1,1,1
26,32,1566.0,0.007104234022843,0.0023575872524451,0.0140202284448201,-0.0286873539861161,0.0052102045518483,0.0230050522626786,0.0081877960767544,0.0032077112330351,1,1,1
26,33,1567.0,0.0071789789742434,-0.0041476221136163,0.0102042617888729,-0.0238724849405461,-0.0034075121333548,0.0020540189403478,0.0110280073928506,-0.0187428396749856,1,1,1
26,34,1568.0,0.0069971351628216,-0.0040189214770465,0.0101186489438375,-0.0237395375420704,-0.0035387002103576,0.0018335115703521,0.0114842156241789,-0.0202114667901408,1,1,1
26,35,1569.0,0.0084521586836003,-0.0074230815098513,0.0097619395953784,-0.0242501122489589,-0.0077064670918345,-0.0089714646976511,0.0099993493037841,-0.0250137833417979,1,1,1
26,36,1570.0,0.006528207957887,-0.0072171634864406,0.0050354808633664,-0.0130171029511832,-0.0053341725651997,-0.0084867177906583,0.0030023643363976,-0.0093957819473483,1,2,2
26,37,1571.0,0.007561114843019,-0.0090688706358595,0.0055481480467277,-0.0150411622077277,-0.008560009266627,-0.0164589001959618,0.001666995336876,-0.0113677508939706,1,2,2
26,38,1572.0,0.0096923777703729,-0.0106737701450998,0.008974705549051,-0.0237002058549496,-0.0119803362647367,-0.0211194602714839,0.0063807519024986,-0.0256334306330123,1,2,2
26,39,1573.0,0.011210457933092,-0.0180487812376601,0.001974209133674,-0.0090685977191719,-0.0158369564446595,-0.0417640565144,-0.0165021295806233,0.0217891385254859,2,2,2
26,40,1574.0,0.0104187059453951,-0.0156080189779695,0.0036354040017128,-0.0124022165259509,-0.0141649958022305,-0.0342276630779346,-0.008096895102531,0.002259697330545,1,2,2
26,41,1575.0,0.0117478643898401,-0.0201187807505745,-0.0003105331708429,-0.0037497015171344,-0.0141221407614661,-0.0398239136409733,-0.0208109988069872,0.0378936800595805,2,2,2
26,42,1576.0,0.0065767144877744,-0.0106351404599895,0.0002213653549002,-0.0024469275336742,-0.0046175522206581,-0.0114682434710756,-0.0036390577708047,0.0045683978081479,2,2,2
26,43,1577.0,0.0107799048619368,-0.0187085207387333,-0.000884213242287,-0.001908113652147,-0.0117931231263157,-0.0338383801974224,-0.0188547429420286,0.0366847860061248,2,2,2
26,44,1578.0,0.0111548247566479,-0.0198451256451554,-0.001825070522573,0.0001909947883442,-0.0114887423986612,-0.034267879351181,-0.0216020445444823,0.0460381150909597,2,2,2
26,45,1579.0,0.0123176467059794,-0.0226578873400494,-0.0036697220318407,0.0043645276487352,-0.0098497098412493,-0.0314583759074826,-0.0235666439464862,0.0560798566327633,2,2,2
26,46,1580.0,0.0102442520030666,-0.0202293930531452,-0.006647415502576,0.0130710190867916,0.0015908411814573,0.000358586388334,-0.0050167821525754,0.0160256227504472,2,2,2
26,47,1581.0,0.0089385417279194,-0.0182450015886453,-0.0073749187482355,0.0155648460292838,0.0059251209791646,0.012865332822262,0.003361068951251,-0.0044405423482772,2,2,2
26,48,1582.0,0.0105540142666358,-0.0209902832784349,-0.0072404217713208,0.0144991671071206,0.0027418272656662,0.0033958461937767,-0.0033823990167762,0.0124385834941739,2,2,2
26,49,1583.0,0.0089517226071544,-0.018319760716064,-0.007512696723032,0.0159229828728955,0.0062981381844154,0.0138898133582827,0.0039756375000513,-0.0058697779674772,2,2,2
26,50,1584.0,0.0089581439410738,-0.018356315710744,-0.0075813004063816,0.0161021672392992,0.0064917310684887,0.0144282087844824,0.0043178761584875,-0.0067057835539553,2,2,2
26,51,1585.0,0.008945322719715,-0.0182843533125608,-0.0074554584397084,0.0157796050920445,0.0061894343102368,0.0136264204674311,0.0039044006868289,-0.0058510673089302,2,2,2
26,52,1586.0,0.0122186636745122,-0.0237046476370413,-0.0069972125940128,0.0132604121474323,0.0003699508655448,-0.0029303332140175,-0.0059205455626804,0.0154879634448995,2,2,2
26,53,1587.0,0.0089324982110606,-0.0182123631816857,-0.007329490869207,0.0154566710333459,0.005886463095473,0.0128225801078804,0.0034893236591609,-0.0049922407057502,2,2,2
26,54,1588.0,0.0123082038691777,-0.0238784200314124,-0.0070483144408463,0.0133569270732393,0.0003707563190543,-0.0029577950895696,-0.0059686889750055,0.0156132715884267,2,2,2
26,55,1589.0,0.0089460534449911,-0.0182885056245658,-0.0074631839977294,0.015799738858673,0.0062108539282712,0.0136857114116805,0.0039414078165131,-0.0059403802220026,2,2,2
26,56,1590.0,0.0089415910396642,-0.0183275733500746,-0.0075812255646787,0.0161093592939137,0.0065210644162104,0.0145167459248922,0.00438299558416,-0.006870879326842,2,2,2
26,57,1591.0,0.0089176264911718,-0.0182826964468177,-0.0075717215991442,0.0160944429509815,0.0065318588689847,0.0145537381710902,0.0044119976314288,-0.0069389547627541,2,2,2
26,58,1592.0,0.008669558977916,-0.0177766942478085,-0.0073678897896861,0.0156646275066835,0.006368920185242,0.0141998772979201,0.0043177817674302,-0.0068077715874433,2,2,2
27,0,1593.0,0.0012893906496461,0.0111575406520318,0.0015043276118115,0.0036209831690763,0.0047290178303975,0.0009004563258709,-0.0081957463708317,0.0050393658494175,0,0,0
27,1,1594.0,0.0015745529472361,0.0152895306705606,0.0015153357271758,0.0059325791890975,0.0057333947195713,-0.0002697643709153,-0.0100571856766347,0.0043773827414158,0,0,0
27,2,1595.0,0.0014865497261947,0.019431304863281,0.0004325180472158,0.0100403335048651,0.0050346676595191,-0.0043512534790461,-0.0088702035858363,-0.0015587829260085,0,0,0
27,3,1596.0,0.0007278239701832,0.0095758980993346,0.0001958873603813,0.0049774754044739,0.0024451981310685,-0.0022079936099408,-0.0042844119948131,-0.0009274191482731,0,0,0
27,4,1597.0,0.0011169848627593,0.0114732118076181,0.0009520072843659,0.0047824841340565,0.0040460186643338,-0.0007234557977683,-0.0071374757257392,0.0023889361443931,0,0,0
27,5,1598.0,0.0015784596861751,0.0155914241722807,0.0014785313946059,0.0062169198325947,0.0058248504314526,-0.0004906106526831,-0.0103556498287354,0.0042374239269608,0,0,0
27,6,1599.0,0.0012204381656438,0.011693925889254,0.0012091580978783,0.0044733767471987,0.0044849718922046,-9.016436229700753e-05,-0.0079027937781006,0.0035919262940801,0,0,0
27,7,1600.0,0.0012308087432537,0.0115459293602561,0.0012678175324692,0.0042915042595533,0.0045368810668718,0.000107136735055,-0.007989358192578,0.0038865561428419,0,0,0
27,8,1601.0,0.0016156470941809,0.0132226501726427,0.0019998149506859,0.0038196941894163,0.0057542064339568,0.0016580232463846,-0.0096938719150225,0.0066137653787982,0,0,0
27,9,1602.0,0.001075617529244,0.0150448071995883,9.72921298500716e-05,0.0080373864158984,0.0033835962538026,-0.0038696592131729,-0.00573285434892,-0.0023253638025534,0,0,0
27,10,1603.0,0.0009008766276018,0.0156697778464719,-0.0005638343531295,0.0091935655666364,0.002221348934232,-0.0054622413582296,-0.0032819277537523,-0.0053043559785781,0,0,0
27,11,1604.0,0.0011613986982528,0.0132578391636604,0.0007146488208476,0.0061163988625244,0.0040218124774943,-0.0018243446438796,-0.0069912643202336,0.0008771208387745,0,0,0
27,12,1605.0,0.0020353163726316,0.012126663226638,0.0033283962720503,0.0006076772000936,0.0069304940047969,0.0056653456272248,-0.0107915001607364,0.0121286611030603,0,0,0
27,13,1606.0,0.0023031713764854,0.0102209266474465,0.0043247908414201,-0.0025527820829914,0.0072623800922301,0.0088624475427003,-0.0101956387161843,0.0154530296833327,0,1,1
27,14,1607.0,0.0025422230982918,0.0145989424285251,0.0042709518643029,0.0002698561663561,0.0087199067049245,0.0075501902635841,-0.0136165787529207,0.0158758162312773,0,0,0
27,15,1608.0,0.0025917196341036,0.0101197546811314,0.0050402329106342,-0.0040951661584103,0.0077675616925328,0.0106519781910547,-0.0102703665274244,0.0172292390775553,0,1,1
27,16,1609.0,0.0016559554301172,0.0077834788756874,0.0029671121692061,-0.0013229626536943,0.0050535447066384,0.0056055725622914,-0.0070860270926167,0.0096897079227658,0,0,0
27,17,1610.0,0.0030469947309526,0.0068331641798979,0.0062768795300404,-0.0088931855831747,0.0067371637108665,0.0133720951542758,-0.005835899857605,0.0156126970749224,0,1,1
27,18,1611.0,0.0040930083123019,0.0072839744977338,0.0085705631920596,-0.0135105991369774,0.0080897882607798,0.0182069507511025,-0.0052933838064951,0.0187685759802761,1,1,1
27,19,1612.0,0.0051909032133206,0.0054692733218409,0.0107126477498959,-0.0193776270791306,0.0073843874533825,0.0209824124151486,-0.0006266235367209,0.0148010015278741,1,1,1
27,20,1613.0,0.0059419108154381,0.0053808781796873,0.0122241298823625,-0.0227054821867641,0.0077683455773974,0.0235145515150382,0.0007574053197945,0.0147426579626912,1,1,1
27,21,1614.0,0.0041970127941375,0.0045628330459156,0.0084976240423357,-0.0151953307111979,0.0058090619993387,0.0160745071239449,-0.0008223878363022,0.0112810220093745,1,1,1
27,22,1615.0,0.0058207642364213,-0.0009771438101632,0.0098647471785248,-0.0216240666134074,0.0003219864923857,0.0096639681492669,0.0088452853238494,-0.0089528242479314,1,1,1
27,23,1616.0,0.0078681744821703,-0.0028401880156143,0.0126241976130049,-0.0285943729900008,-0.0016027086987004,0.0085538519160288,0.0131513885978594,-0.017675740883079,1,1,1
27,24,1617.0,0.0088583315617709,-0.0008539417343339,0.015738995043569,-0.0342795557444725,0.0015095237561717,0.0181034293370681,0.0143049997490652,-0.0119239104934947,1,1,1
27,25,1618.0,0.0062029212704359,-0.003188634619661,0.0091625280233968,-0.021214242422632,-0.0023594805929678,0.0035780687848606,0.0100255406939333,-0.0157608013826827,1,1,1
27,26,1619.0,0.0092472570972131,-0.0047963667412029,0.0140667173411531,-0.0328312985811397,-0.0043353483508472,0.0041618251666569,0.01647643493077,-0.0280452194660392,1,1,1
27,27,1620.0,0.0086653581456248,-0.003929224878033,0.0135944641271076,-0.0313887891720649,-0.0032639006867869,0.0060794083883881,0.0155567553662177,-0.0247280957455074,1,1,1
27,28,1621.0,0.0067422488711662,-0.0023220990993579,0.0109310723998005,-0.0247093424370878,-0.001229102580799,0.0077796868269869,0.0113125990995664,-0.0147394365269738,1,1,1
27,29,1622.0,0.007463527962877,-0.0006672754420207,0.0131748254831794,-0.0285880464339343,0.0015145444632043,0.0155750006254276,0.011490351409053,-0.0084380653521156,1,1,1
27,30,1623.0,0.007806346062386,-0.0096298007546706,0.0045987881662814,-0.0124587482523039,-0.0063044720444484,-0.0114888239850361,0.0011956768478715,-0.0058421450110123,1,2,2
27,31,1624.0,0.009058871329654,-0.0101262017341914,0.0066937701818089,-0.0173287622084166,-0.0071786200666755,-0.0117285456927408,0.0031700859981875,-0.010393443301541,1,2,2
27,32,1625.0,0.0083280123488993,-0.0106032319703148,0.0048199728301714,-0.013351619250723,-0.0071974160954621,-0.0129160210242944,0.0029022537429326,-0.0121378789092426,1,2,2
27,33,1626.0,0.0109905085166963,-0.0144679439473332,0.0071452669485519,-0.0206264891373722,-0.0157214410605002,-0.0336690824518699,-0.0004807831243286,-0.0183392833506074,1,2,2
27,34,1627.0,0.0111291694260551,-0.0168205847099552,0.0039696092648569,-0.0137406941537998,-0.0170171240029421,-0.0423077878364088,-0.0120010685983584,0.0074980191830663,2,2,2
27,35,1628.0,0.0106044119376974,-0.0177264825403467,0.0006566271379062,-0.0057074243073381,-0.0140556297706648,-0.0385111076767308,-0.0179246993510811,0.0288791518928504,2,2,2
27,36,1629.0,0.0121388938994826,-0.0208970398329934,-0.0004875195593638,-0.00350615699218,-0.0146288247332132,-0.0415214195510871,-0.0221476558802264,0.0408961377388618,2,2,2
27,37,1630.0,0.0112520395446207,-0.0187947425892612,0.0006245634035839,-0.00580417729164,-0.0143093303703276,-0.0390264701098635,-0.0177321865973419,0.0277061654459497,2,2,2
27,38,1631.0,0.0094307981557834,-0.0176464701163178,-0.003980851955787,0.0066897438234257,-0.0019895806457841,-0.0071987688109331,-0.0042958999414792,0.0059622030629787,2,2,2
27,39,1632.0,0.0101066862280748,-0.0192598467930204,-0.0049956154528024,0.0089567767034848,-0.0013365020500783,-0.0065616691376667,-0.006599810894006,0.0157513239792028,2,2,2
27,40,1633.0,0.0122762803601856,-0.0227302774160511,-0.0040048900205067,0.0052352307163853,-0.0091212003995366,-0.029678591005768,-0.0231262588343532,0.0562374660458922,2,2,2
27,41,1634.0,0.01259946528787,-0.0234379558329486,-0.0043887647258748,0.006099191978895,-0.0086640611638989,-0.0286333242965481,-0.0229229934085991,0.0564314128226843,2,2,2
27,42,1635.0,0.0089329300629074,-0.0182133111161248,-0.0073176716076197,0.0154168122612718,0.0057779638780738,0.0124695609096846,0.0031569778411382,-0.0040635919834154,2,2,2
27,43,1636.0,0.0089542369171988,-0.0183342778910634,-0.0075416015797923,0.0159994809795261,0.0063875887981454,0.0141439931011498,0.00415186296189,-0.0063312936734049,2,2,2
27,44,1637.0,0.008954347281474,-0.018335069352643,-0.0075444171087332,0.016007616584859,0.0064008282671267,0.014183010056543,0.0041769319128037,-0.006380125354842,2,2,2
27,45,1638.0,0.0103799056186332,-0.0209970269254368,-0.0080779619506336,0.0168014099699836,0.005563721630751,0.0113453181314639,0.0017701603779301,-0.0001361416108685,2,2,2
27,46,1639.0,0.0132064576784628,-0.0255659648566261,-0.0078438006214546,0.0153290045402824,0.0030423724767257,0.0050979464764404,0.000124465627839,0.000570836980413,2,2,2
27,47,1640.0,0.0089456324228806,-0.0182882211878407,-0.0074794715457886,0.0158520039374712,0.006324016599398,0.0140332073452619,0.004206686964171,-0.0065922498481859,2,2,2
27,48,1641.0,0.008958058892034,-0.0183562749261965,-0.007584931846916,0.0161139303058606,0.0065195044985823,0.0145162413448365,0.0043959886763856,-0.0069243210463803,2,2,2
27,49,1642.0,0.008958385505067,-0.0183579771995703,-0.0075869336732467,0.0161185148503846,0.0065213479694405,0.0145203587284498,0.0044002682889184,-0.0069456358295415,2,2,2
27,50,1643.0,0.0089474692597798,-0.0182966164058126,-0.0074796358521185,0.0158440559886752,0.0062752566549131,0.0138847498747733,0.0041338616062807,-0.0065525005271154,2,2,2
27,51,1644.0,0.0126694667223682,-0.0246294888944093,-0.0074296487927422,0.0142511810494871,0.0014159080108015,0.0003917266261488,-0.0021657239526861,0.0025972308709433,2,2,2
27,52,1645.0,0.0089450961862844,-0.0182836439857913,-0.007459859885045,0.0157952597909941,0.0062417841569643,0.0138056091253698,0.0041115301768937,-0.0065287405233597,2,2,2
27,53,1646.0,0.0089435012319995,-0.0182766573242698,-0.0074633121279359,0.01581371850172,0.0063135904378682,0.0140303574285296,0.0042641778727915,-0.006804894091223,2,2,2
27,54,1647.0,0.0086661436360801,-0.0167632833752186,-0.0051747895690926,0.0101771978941582,0.0024826201341035,0.0049825967161115,0.001678775738256,-0.0039026762462511,2,2,2
27,55,1648.0,0.0089457265521292,-0.0182891467104857,-0.007485011660669,0.0158691471558604,0.0063629512222671,0.0141577180237516,0.0043177148035035,-0.0068851692412155,2,2,2
27,56,1649.0,0.0089414673880244,-0.0183272874889789,-0.0075841501485099,0.0161190886059233,0.0065446942102135,0.0145909155718212,0.0044436436315846,-0.007024601870688,2,2,2
27,57,1650.0,0.0089175140527163,-0.0182822828580019,-0.0075728199876808,0.0160984440489212,0.0065432919151081,0.0145901279716161,0.0044425299932483,-0.0070168470656479,2,2,2
27,58,1651.0,0.0086695505356974,-0.017776671787132,-0.0073680609455624,0.0156652042957493,0.0063703665325108,0.0142044382694839,0.0043215609091639,-0.0068174147923504,2,2,2
28,0,1652.0,0.0006332116741785,0.0123400686347481,-0.0006714737173184,0.0075018215443157,0.0013014119976907,-0.0047459930614431,-0.0016773569599832,-0.0050428714701166,0,0,0
28,1,1653.0,0.0009179000763208,0.0115080611488793,0.0003592869153534,0.0057275218144869,0.0030853117512218,-0.0022500015018633,-0.0053522323171454,-0.000415666007497,0,0,0
28,2,1654.0,0.0011130486885225,0.017204884287944,-0.0002345104879292,0.0097579547659184,0.0033181719254276,-0.0053615592880479,-0.0055328352190272,-0.0044117262508105,0,0,0
28,3,1655.0,0.0006866455215662,0.0126124766750212,-0.0005668183983437,0.007591300512226,0.0016138244448487,-0.0047080873086578,-0.0023246210097545,-0.0048391016043324,0,0,0
28,4,1656.0,0.0006443632836355,0.0093489977372361,-7.642363710094895e-06,0.0050613592166625,0.0019717828890707,-0.0025064087725115,-0.0033182273185022,-0.0016132345585334,0,0,0
28,5,1657.0,0.0013261077407458,0.0142803614363035,0.0010059892996347,0.006270568216947,0.0047995226450841,-0.0013775911300201,-0.0085294114006538,0.0022091536939236,0,0,0
28,6,1658.0,0.0012089195385126,0.0120357912853151,0.0011157660652853,0.0048489887606254,0.0044677047587749,-0.0004482246485818,-0.0079545908887002,0.0031691830654695,0,0,0
28,7,1659.0,0.0014351362038711,0.0122912453294447,0.0017001551163098,0.0039314414869574,0.0052887826320189,0.0010828141706482,-0.0091958332550201,0.0057232401676358,0,0,0
28,8,1660.0,0.002060105186254,0.0163690553825876,0.0026684729278826,0.0044524489972653,0.0074977673461025,0.0025780882002369,-0.0127860556982842,0.0093264417733361,0,0,0
28,9,1661.0,0.0025715939609914,0.0220676756688718,0.0030399932908953,0.0070839742833662,0.0094860633655452,0.0019148984537384,-0.0165087598507618,0.0102544467488583,0,0,0
28,10,1662.0,0.003077424951186,0.0118043161384067,0.0060275036670056,-0.0050938686610101,0.0091934056432476,0.0128872486902271,-0.0120329213372758,0.0207271626566334,0,1,1
28,11,1663.0,0.0025596219423834,0.0134501985029756,0.0045000812848852,-0.0009022626885418,0.0085586544261279,0.0085104525449527,-0.0129336192783651,0.0166545563173516,0,1,0
28,12,1664.0,0.0030885279055082,0.011788029566784,0.0060366334443211,-0.0051379788723341,0.0091426139810394,0.0128443760866853,-0.0118952430884616,0.0205005045384301,0,1,1
28,13,1665.0,0.0033041930399855,0.0082167927052063,0.0067779826036691,-0.0090301239637039,0.0077686785023832,0.014479002493078,-0.007544497285758,0.0180427935385578,0,1,1
28,14,1666.0,0.0026217617030118,0.0083462107987896,0.0052882536807899,-0.0057699416265412,0.0071140739195077,0.0114308519496612,-0.0083011269523622,0.0164066365974941,0,1,1
28,15,1667.0,0.0033863702386797,0.0051431985006121,0.0071348573251068,-0.0118911171834852,0.0061405716434433,0.0150267411632517,-0.0028857262268833,0.0138736912611365,1,1,1
28,16,1668.0,0.0030687544529603,0.0070732191573745,0.0063854860440002,-0.0089616628724351,0.0070247564232494,0.0138508289080049,-0.0062456788809748,0.016554818190126,0,1,1
28,17,1669.0,0.0044430394670045,0.0096381754034623,0.0092286568230499,-0.0133383267338589,0.0097636464895287,0.0198005702172592,-0.0082013815524762,0.0228262019743308,0,1,1
28,18,1670.0,0.0052968013107144,0.0042898475402038,0.0106505986994398,-0.0199836997125262,0.0063871681448539,0.0198109020855241,0.0009675121723397,0.0120098591648476,1,1,1
28,19,1671.0,0.0077914916447159,0.0017705548931615,0.0150546203882911,-0.0312906026709245,0.0045990921471768,0.0230131656719542,0.0101729306691801,-0.0005086287345135,1,1,1
28,20,1672.0,0.0063990058437253,0.0003768395648493,0.0115619427140826,-0.024462521148512,0.0023457958340652,0.0150118065153388,0.0082508509193911,-0.0033994124358186,1,1,1
28,21,1673.0,0.0058998804110488,-0.0016646899606189,0.0096059922136612,-0.0214338155070712,-0.0006353959179843,0.0073746969100462,0.0089979415276129,-0.0108299364151809,1,1,1
28,22,1674.0,0.0082753924748321,-6.371469350518059e-05,0.0149821614811032,-0.0321573461239083,0.0023809559869179,0.0188222153657425,0.0123502739717932,-0.0077839689347309,1,1,1
28,23,1675.0,0.0043210596517904,0.0020370878077496,0.0086072979219882,-0.0172038269125543,0.0037508407505893,0.0146890835514818,0.0039300239264757,0.0039488040955311,1,1,1
28,24,1676.0,0.0074697762050786,0.0024267455459376,0.0147114305855066,-0.0301370602408445,0.0053550491500831,0.0239131726014109,0.0087659988263875,0.0027159620431922,1,1,1
28,25,1677.0,0.0087590404200994,-0.0006626088296275,0.0157551320585691,-0.0342583833455154,0.0016850431732195,0.0185338097732381,0.014250124728814,-0.011389220076866,1,1,1
28,26,1678.0,0.0064045673427346,-0.0016578419391111,0.0109113023291101,-0.0244286052061872,-0.0005167895188505,0.0094927438916427,0.0113515332092389,-0.0135582267808518,1,1,1
28,27,1679.0,0.0087241077285001,-0.0054261876795426,0.0124762082428569,-0.0296137894493633,-0.0053701916944058,-1.1503425108712715e-05,0.014517423399392,-0.0274429038333833,1,1,1
28,28,1680.0,0.007859008249473,-0.0049714510925303,0.0110504893836833,-0.0262160472126888,-0.0046893584597965,0.0001024612013843,0.0126433666859568,-0.0234963335991509,1,1,1
28,29,1681.0,0.0092723306671684,-0.0086254718695528,0.0103547886199148,-0.0260949070686296,-0.0094598418963328,-0.0127726860455124,0.0102675854525357,-0.028264734855156,1,1,1
28,30,1682.0,0.007673590358087,-0.0080734503681293,0.0072519111564953,-0.0187630093753313,-0.0081771480565332,-0.0131335843542184,0.0057836443349021,-0.0190986920577612,1,2,2
28,31,1683.0,0.0076561981337212,-0.0092919297305458,0.0052018505464186,-0.014057841499045,-0.0071067337743325,-0.0124155573626138,0.003391045554391,-0.0130927326222068,1,2,2
28,32,1684.0,0.0095997510433298,-0.0119437163303573,0.0071306095702663,-0.019843426849511,-0.0129996901106549,-0.0261591371164116,0.0023016614543958,-0.0203476090811951,1,2,2
28,33,1685.0,0.0115810249884768,-0.0167029143491109,0.005421594120768,-0.0171904347826246,-0.0175129501652683,-0.0413106841978605,-0.0075521606680881,-0.0047281022514798,1,2,2
28,34,1686.0,0.011460382187282,-0.0189028004407184,0.0011055645408198,-0.0070368843308506,-0.014936991865629,-0.040074252685275,-0.0169388209279936,0.0244725625724789,2,2,2
28,35,1687.0,0.0104821962513172,-0.0165488092760664,0.0024262784037113,-0.009821054660357,-0.0148898479204371,-0.0382371196527354,-0.0129922713757471,0.013195244097598,2,2,2
28,36,1688.0,0.0112016286726633,-0.018290021543989,0.0013892433477757,-0.0075773054620236,-0.0145874013634953,-0.0385993387260164,-0.0152863465892034,0.0203492405430469,2,2,2
28,37,1689.0,0.0115358652026967,-0.0191012922008761,0.0010323293765411,-0.0069438172690519,-0.0153670579308311,-0.0415732332420195,-0.0182471441318443,0.027312090567154,2,2,2
28,38,1690.0,0.0062123675055957,-0.0112542436421322,-0.0021728918436453,0.0035011724914165,-0.0009365187786649,-0.0031992212186831,-0.0019079847776079,0.0036129338017633,2,2,2
28,39,1691.0,0.0088952018937154,-0.0180096822906975,-0.0070243026143225,0.0147023148993847,0.005321696503918,0.0114049537809051,0.0028534793598775,-0.003702728714864,2,2,2
28,40,1692.0,0.0121461133359731,-0.0228475479231624,-0.0049990502505556,0.0079646673095828,-0.0057843137844557,-0.0203843150749696,-0.0177897774089547,0.0453867964335927,2,2,2
28,41,1693.0,0.0105598673943189,-0.0199000705373391,-0.0049046033176132,0.0086941667087595,-0.001058242529929,-0.0052304562500553,-0.0047882022284494,0.010967227245042,2,2,2
28,42,1694.0,0.0123195111852962,-0.0238099305662972,-0.006669542153308,0.0122505254867166,-0.0016553741117836,-0.0092756231171197,-0.0116486400815571,0.032113361509572,2,2,2
28,43,1695.0,0.0126309292851632,-0.0246136806871153,-0.0075969265317553,0.01471941881017,0.0018901054660765,0.0014961414217903,-0.0024292111566306,0.0056619380173252,2,2,2
28,44,1696.0,0.012690026211775,-0.0228249332682364,-0.0034914476525243,0.0044247127296802,-0.0054798702818588,-0.0160872880459489,-0.0079102293429468,0.013445416192376,2,2,2
28,45,1697.0,0.0111896919554022,-0.0206667812156578,-0.0047886451111391,0.0085164395723654,7.861510197457517e-05,-0.001349374359196,-0.0018029629605737,0.0043497483866761,2,2,2
28,46,1698.0,0.0109411571225441,-0.0214947794147287,-0.0070715857248922,0.014060288222579,0.003081829843812,0.0052270612615591,-5.4261861217867706e-05,0.0010995019124418,2,2,2
28,47,1699.0,0.0089061772410439,-0.0180704231465614,-0.0071293968111625,0.0149748832887941,0.005635139945589,0.0123135123660232,0.0035342085560323,-0.0054846895097622,2,2,2
28,48,1700.0,0.0129740600080693,-0.023213897393422,-0.0033427534907432,0.0039829120131494,-0.0058241468420561,-0.0168224114857071,-0.007925790487721,0.0130853687208764,2,2,2
28,49,1701.0,0.0130076032394227,-0.023207012135706,-0.0032207447396316,0.0036764645775541,-0.0060063765410121,-0.0172144561876886,-0.0079758965746231,0.013055968001801,2,2,2
28,50,1702.0,0.0109391718903481,-0.0214822247055517,-0.0070405608434494,0.0139766423926479,0.0029936089837365,0.004999178939247,-0.0001355834523772,0.0011924734199933,2,2,2
28,51,1703.0,0.0089159765632082,-0.0181273574656909,-0.0072405206908471,0.0152642602384788,0.0059075678756575,0.0130138849192957,0.0038111665629814,-0.0058985887619027,2,2,2
28,52,1704.0,0.0117254077042947,-0.0216677279372819,-0.0050962904770803,0.0091533089143001,0.0004082173643047,-0.0005146299147914,-0.0014360709337043,0.0037231812315874,2,2,2
28,53,1705.0,0.008932628124858,-0.0182196233902139,-0.0073916898568509,0.0156449904810055,0.0062189763692059,0.0138022071588355,0.0041391681541093,-0.006463346574978,2,2,2
28,54,1706.0,0.00895630668431,-0.0183471861554511,-0.0075745103034749,0.0160902772369601,0.0065123363156419,0.0145049858058239,0.0043972038962651,-0.0069229452050402,2,2,2
28,55,1707.0,0.0089576437813416,-0.0183542214817052,-0.0075832941856153,0.0161107719309324,0.0065211061794138,0.0145223044726707,0.0043993806765581,-0.0069271374115052,2,2,2
28,56,1708.0,0.0089314286697417,-0.0182708577771512,-0.0074850558429399,0.0158650433107196,0.0063094661781263,0.0139729427245968,0.0041497699526259,-0.0064884780493391,2,2,2
28,57,1709.0,0.0125307564311031,-0.024557901744228,-0.0078659665848792,0.0154468883515754,0.0026190362318241,0.0034118909905566,-0.0014858368157368,0.0037264704485973,2,2,2
28,58,1710.0,0.0086569548207269,-0.0177062043685784,-0.0072471000112706,0.0153568878982663,0.0060961155965899,0.0134925760001422,0.0039984230792587,-0.0062455847765698,2,2,2
29,0,1711.0,5.0628825418151835e-05,0.0125584705343281,-0.0024181569677767,0.0085873066545961,-0.0026830067220917,-0.0064686409264013,0.0064462871320917,-0.0083422178318704,0,0,0
29,1,1712.0,0.0005208650754726,0.0175094365258422,-0.0020865511036186,0.0115467179449489,-0.0006866130702223,-0.0083352597774668,0.0029349016931616,-0.0104484670359657,0,0,0
29,2,1713.0,0.0001316136216211,0.0160795361893028,-0.0029031074074289,0.0109183553713361,-0.0029741998674098,-0.008150118580912,0.0073112080241999,-0.0104206527450549,0,0,0
29,3,1714.0,0.0001868762794468,0.0131497030111852,-0.0021458699856323,0.0088301160508262,-0.001897538384217,-0.0064976168642564,0.004905072541047,-0.0082003983366754,0,0,0
29,4,1715.0,-0.0003760616445269,0.0154231556248208,-0.0041197728206215,0.0104851113778845,-0.0059531248499135,-0.0076356476439408,0.0124018113273194,-0.0090414044638637,0,0,0
29,5,1716.0,-0.0005608819806837,0.0132862262230344,-0.0041623409894028,0.0089859295183951,-0.0065280593976959,-0.0063913078488673,0.0130028817828261,-0.0071206674164778,0,0,0
29,6,1717.0,-0.0001541065005789,0.0143559925971586,-0.0033270175821535,0.0097866386722861,-0.0043914450013801,-0.007242900637087,0.00965471061166,-0.0089329853722806,0,0,0
29,7,1718.0,-0.0008690125242655,0.0206894221680164,-0.0065180868077255,0.0141132724592513,-0.010350394282241,-0.0101870566993204,0.0209421765140538,-0.0115841576688449,0,0,0
29,8,1719.0,-0.0007945070698873,0.0147781480084594,-0.0051098121312617,0.0100562035722419,-0.0084371012162279,-0.0071553275171097,0.0167128631896498,-0.0078085684349586,0,0,0
29,9,1720.0,-0.0001843680941134,0.0107827192870963,-0.0026845200201372,0.007367355790625,-0.0037319020316585,-0.0054446645198236,0.0080305733429367,-0.0066458703699488,0,0,0
29,10,1721.0,-0.0003533537767282,0.0172689120000274,-0.0044526712433888,0.0117813785394446,-0.0063398786151488,-0.0086563866327112,0.0134766416969961,-0.0104158156657056,0,0,0
29,11,1722.0,-0.0032516465246454,0.0168849866744231,-0.0116779680366781,0.0105121516019884,-0.022416503821478,-0.0053098734755749,0.0382444146920663,-0.0001742468249425,0,0,0
29,12,1723.0,-0.0021349428435357,0.0133155568437327,-0.0081602915244993,0.0085011918768025,-0.0154393920514862,-0.0047685307466796,0.0269799798058764,-0.0018244893806885,0,0,0
29,13,1724.0,-0.0011053164648544,0.0090946978921507,-0.0046718184646853,0.0059217625929642,-0.0085074606783841,-0.0036343053644674,0.0151789421070254,-0.0024929826046494,0,0,0
29,14,1725.0,-0.0009684547222839,0.0141573810533675,-0.0053494182451141,0.009468634390766,-0.0088979457689776,-0.0064743973627871,0.0167266533024738,-0.0065724800182211,0,0,0
29,15,1726.0,-0.0027901761911638,0.0107188651244423,-0.0090625201569331,0.0062340528672462,-0.0173679570002079,-0.0023204520012043,0.0278378803715916,0.0024641161488933,0,0,0
29,16,1727.0,-0.0036093420045928,0.0079376495107289,-0.0101912820630237,0.0036682156959968,-0.0194124506848836,0.0005225397631031,0.0278939572873638,0.0072472341057662,2,0,0
29,17,1728.0,-0.0070744180758626,0.010614286972313,-0.0184910061408432,0.003443717431328,-0.0344743340433355,0.0039379417441332,0.0453312365502884,0.016835496798242,2,0,3
29,18,1729.0,-0.007937834527062,0.0095301690221325,-0.0199173461821428,0.0020299007258254,-0.0363777977158981,0.0057689841887064,0.0449463982202182,0.0196083965545379,2,0,3
29,19,1730.0,-0.0075363613765241,0.0056424183770914,-0.0173456829584775,-0.0007011631860719,-0.0294976215493012,0.0070181742219517,0.0306741066634518,0.0175558379710817,2,0,3
29,20,1731.0,-0.0065866330166253,0.0043351401516934,-0.0147208850852683,-0.0010396810641674,-0.0242227477388673,0.0061642704816268,0.0236977108240503,0.0142667570969037,2,0,3
29,21,1732.0,-0.0104668016370119,0.0049230339415431,-0.0222919530698957,-0.0031574523454862,-0.0346502760171919,0.0104298342453564,0.0289462060732584,0.0208056781883915,2,0,3
29,22,1733.0,-0.0234276023031168,0.005120726667489,-0.0453912350286814,-0.0113443529069503,-0.0611560042251632,0.023530594495106,0.0313952591233845,0.0346039838878595,2,3,3
29,23,1734.0,-0.0120647717447639,0.0012063559700732,-0.0215260187665925,-0.0066328284483194,-0.0249039368634657,0.0109625340404669,0.0059641354610703,0.0118466876615296,2,0,3
29,24,1735.0,-0.0216030804886204,-0.0001793496998639,-0.0353560484121238,-0.0131516346296746,-0.0328451262527657,0.01738805994191,-0.0076827541792221,0.0097330615984237,2,3,3
29,25,1736.0,-0.0322596483143257,-0.0009632185933101,-0.0518643282894307,-0.0200414582844871,-0.0453708436245575,0.0252540666294383,-0.0174263328843795,0.0106858145245436,2,3,3
29,26,1737.0,-0.0297978950646287,-0.0017069943298996,-0.0460788391719621,-0.0186537671091081,-0.0359143602039361,0.0214576097294167,-0.0223743704608363,0.0042973131552034,2,3,3
29,27,1738.0,-0.0317359031721492,-0.0023388815050167,-0.0479087141930319,-0.0199713376930192,-0.0340884419071861,0.0214975318782385,-0.0279650900744448,0.0006505785376488,2,3,3
29,28,1739.0,-0.029010966369426,-0.0025236504450157,-0.0428468825820483,-0.0182846038319514,-0.028120444648071,0.0186362459903225,-0.0283958791950141,-0.0021393029091439,2,3,3
29,29,1740.0,-0.0365660035083419,-0.0059105676145278,-0.0439615380880423,-0.0215824602130037,-0.0077791605286411,0.0117435321039434,-0.0456665315100585,-0.0212939581025539,2,3,3
29,30,1741.0,-0.021615035903208,-0.0032285528577877,-0.0266360997625403,-0.0126918722430486,-0.0077897605366786,0.0081810924148218,-0.0245334611450877,-0.009174020117549,2,3,3
29,31,1742.0,-0.0374689605527198,-0.0056192313563847,-0.0478895285933255,-0.0230267331819404,-0.0131839559251707,0.0148520466474007,-0.0491372304189587,-0.0204165256252193,2,3,3
29,32,1743.0,-0.0417598226187885,-0.0072783593135739,-0.0478943467066566,-0.0241766915843482,-0.0027479527174218,0.0105149135875549,-0.0519859188622277,-0.027101405137334,2,3,3
29,33,1744.0,-0.0295131274632982,-0.0072320515765733,-0.0141057830902729,-0.0088834782123292,0.0134350242829811,-0.0034602383247054,-0.0088245048291503,-0.0070209261787562,2,3,0
29,34,1745.0,-0.0494893507836492,-0.0111156316303082,-0.0415048091115596,-0.0241700066804711,0.035407316093492,-0.0092212257385983,-0.0301536520397879,-0.0303604355474298,2,3,4
29,35,1746.0,-0.0372196099805827,-0.0081909742722496,-0.0323065526122581,-0.0185076062970352,0.0237340090924597,-0.0052721819568969,-0.0253223276179684,-0.02301164814487,2,3,3
29,36,1747.0,-0.0394459785875359,-0.0101684367949455,-0.0222912170259545,-0.0152661138489737,0.0478552130096336,-0.0198765787069943,0.0072256965647657,-0.0100986008178137,2,3,4
29,37,1748.0,-0.0529424084914943,-0.0142593816806713,-0.0235290275838813,-0.0177656172925604,0.070556998398845,-0.0314672779803272,0.0268115763285139,-0.0025185294543587,2,3,4
29,38,1749.0,-0.0483143240585456,-0.0130955377087332,-0.0203086854778796,-0.0156485941434238,0.064367488869011,-0.028969685235506,0.0269102852265239,0.0001198114131211,2,3,4
29,39,1750.0,-0.0306745950471305,-0.0088081990782693,-0.0045172634554213,-0.0055747204315092,0.033005068908881,-0.0154680967866348,0.0183138474658268,0.0039521554174053,2,3,4
29,40,1751.0,-0.0455674933956592,-0.0124255145882403,-0.0181681644296064,-0.01428551545882,0.0605270662796925,-0.0273882540096126,0.0262936089130347,0.0008235008848144,2,3,4
29,41,1752.0,-0.0516099341010335,-0.0153213611726545,-0.0022857726141594,-0.0071345381462544,0.0632355369689174,-0.0319351886059895,0.0589706549422111,0.0335639450020567,2,3,4
29,42,1753.0,-0.0251846785927975,-0.0079219795692507,0.0089735979587436,0.0021627850037457,0.0128723150307042,-0.0070937943918917,0.0171911560932922,0.013233554502295,2,3,0
29,43,1754.0,-0.0563529166664465,-0.0185368258991439,0.0310529499995949,0.0101612797036469,0.0263754351802707,-0.0166423373080633,0.055015960043887,0.0489897026571642,2,3,4
29,44,1755.0,-0.053565514654092,-0.0179146985853952,0.0355514191607393,0.012987380607209,0.0143241394551462,-0.0105242063917284,0.04120340016181,0.0385004395441652,2,3,4
29,45,1756.0,-0.0260628939113258,-0.0084187074561893,0.0131999765563524,0.0043163724712739,0.0083364564673856,-0.0051332446011893,0.0152206336588578,0.0129323128131446,2,3,0
29,46,1757.0,-0.051009734398628,-0.0175635866972926,0.0444241610170025,0.0182404713730188,-0.0066014612538984,0.0002118173343967,0.0146975714383349,0.0163644440706216,2,3,0
29,47,1758.0,-0.0414976368041606,-0.0147368613611192,0.0455531286676283,0.0200722639546027,-0.0236240170204832,0.009466496412928,-0.0113737178863225,-0.0068915615941497,2,3,0
29,48,1759.0,-0.0301790307320309,-0.0101219219794575,0.0234573233911983,0.0095727545162929,-0.0065619995301401,0.002285554178465,-0.0024313033747943,-0.0019978098406012,2,3,0
29,49,1760.0,-0.0415474332910935,-0.0147863995400437,0.046277831835639,0.0204689962228196,-0.0249520303248225,0.0101390039265583,-0.0130372377630098,-0.0083229357031269,2,3,0
29,50,1761.0,-0.0416110495928258,-0.01484684526488,0.0469846081001805,0.0208341361559208,-0.025762661076821,0.0105012380038328,-0.013591698937209,-0.0086747469744119,2,3,0
29,51,1762.0,-0.0415248012695916,-0.0147655202850624,0.0460754481522556,0.0203707644464274,-0.0248444261403367,0.0101061111181227,-0.0130568480064125,-0.008348418116064,2,3,0
29,52,1763.0,-0.0197872718437299,-0.0064823765116535,0.013095739856313,0.0051238606825644,-0.0024230074299764,0.0007500201663779,-0.0006984080346894,-0.0006218010877687,2,3,0
29,53,1764.0,-0.0415315396927438,-0.01477190232521,0.04614875423346,0.0204084401376945,-0.0249244625327672,0.0101413062871642,-0.0131068291510042,-0.0083781715930427,2,3,0
29,54,1765.0,-0.0419234085555768,-0.0149648477720337,0.0474445443609349,0.0210464227521297,-0.0260794709606716,0.0106348231048897,-0.0137762604028236,-0.0087926996853773,2,3,0
29,55,1766.0,-0.0416208962758914,-0.0148559744484302,0.0470784615631627,0.0208809368681286,-0.025842887770849,0.0105346017510448,-0.0136361987228461,-0.0087052431430399,2,3,0
29,56,1767.0,-0.0415163096862666,-0.014805661245136,0.0467183173454492,0.0206985964283415,-0.0254404310462574,0.0103538485806438,-0.0133689942483032,-0.0085509526065242,2,3,0
29,57,1768.0,-0.0180474133887852,-0.006292675998263,0.0177510787880039,0.0076383040393539,-0.0077331819495338,0.0030021424742274,-0.003626970415928,-0.002480384919885,2,3,0
29,58,1769.0,-0.0409524664713758,-0.0135499771413372,0.0275292903911264,0.0105842463995012,-0.0013436058932013,-0.0004916930241837,0.0029550203921276,0.0013756973007794,2,3,0
30,0,1770.0,0.0007902722985401,0.0122035222185189,-0.0001625497747533,0.0069283808411826,0.0023735201870767,-0.003806990780503,-0.0039793527580644,-0.0031149269366215,0,0,0
30,1,1771.0,0.0006154095012632,0.013562257672898,-0.000983472806909,0.0085215383390261,0.0009257348113055,-0.0057027600125425,-0.0007813480490987,-0.0065332221653571,0,0,0
30,2,1772.0,0.000893200344951,0.0173210095334595,-0.000929842474933,0.0105812211243249,0.0018963215357122,-0.0067421756520619,-0.0025181572394673,-0.0072138027697764,0,0,0
30,3,1773.0,0.000817710665696,0.0167057373219376,-0.0010324770138627,0.0103929340466375,0.0015673836710619,-0.0068404952084719,-0.0018717632316168,-0.0076715236487234,0,0,0
30,4,1774.0,0.0010735087115048,0.0161841531101259,-0.0001399716910534,0.0091103720078868,0.0033037754741234,-0.0049214280942335,-0.0056031937447035,-0.0038927803490438,0,0,0
30,5,1775.0,0.0009283062715152,0.0143687817176858,-0.0001957969513239,0.0081258762327892,0.0027678459799605,-0.0044220628302938,-0.004638463525546,-0.0035259385494994,0,0,0
30,6,1776.0,0.0009552028545436,0.018242698544315,-0.0009332351365001,0.0110584432370001,0.0020754193027894,-0.006954152694228,-0.0028221453116952,-0.0073105334049973,0,0,0
30,7,1777.0,0.0006635111466936,0.0120654538253127,-0.0005207684515418,0.0071992243174909,0.0015646888173331,-0.0043946778216875,-0.002263561891337,-0.0044098846563173,0,0,0
30,8,1778.0,0.0007549534121733,0.0150301234410865,-0.0008634402214618,0.0091157667785504,0.0014552216131061,-0.005742594652794,-0.0017830823395581,-0.006058851691794,0,0,0
30,9,1779.0,-6.65593767820916e-05,0.0145636269707324,-0.0031335304174984,0.009907737876668,-0.0038957068654679,-0.0073485673650362,0.0088083019662096,-0.0091740973587832,0,0,0
30,10,1780.0,0.0001726198040088,0.0125352291935156,-0.0020773425870391,0.0085103746750359,-0.0018870692236733,-0.0063808499420993,0.0049486423025262,-0.008265401200787,0,0,0
30,11,1781.0,0.0007462469482629,0.0209502101040734,-0.0021353258479162,0.0136142476244543,1.6908026571798765e-05,-0.0096237357879795,0.0017939430034255,-0.0118090877677304,0,0,0
30,12,1782.0,0.0003750368732262,0.0158131216502321,-0.0021576581002635,0.0105411445836808,-0.001258518239039,-0.0077188289565627,0.003923039059477,-0.0098031945714505,0,0,0
30,13,1783.0,0.0003398854439897,0.0166921767492048,-0.0024252772147355,0.0110698826335603,-0.0017059150007355,-0.0080111115033194,0.0047995806514021,-0.0099537392904908,0,0,0
30,14,1784.0,0.0008519500662709,0.0162313890723427,-0.0008218086907524,0.0097890474376362,0.0018425351809689,-0.0060929181295065,-0.0025051068078454,-0.0062931329873705,0,0,0
30,15,1785.0,0.0005243463710095,0.0138265510410509,-0.001307699085304,0.0088659178305821,0.0002323363882323,-0.006132846901309,0.0006827869173024,-0.0073231135428953,0,0,0
30,16,1786.0,0.0011380783179606,0.0197677612005887,-0.0006983544963196,0.0117134106854605,0.0029469577282312,-0.0070479010783678,-0.0045511089234716,-0.0068884392968924,0,0,0
30,17,1787.0,0.0004508176579959,0.0143807275834106,-0.0016232080943025,0.0092203055623446,-0.0004198758002631,-0.006355125761645,0.0019898456326249,-0.0074976588139019,0,0,0
30,18,1788.0,0.0009707633884506,0.0112856531319352,0.0005618853346844,0.0052137814192583,0.0033186383274553,-0.0015386178061624,-0.0057578293879829,0.0008391577672417,0,0,0
30,19,1789.0,0.0009628818774374,0.0146624829456323,-0.0001645052126631,0.0081872218764336,0.0028110731896248,-0.0043861899238721,-0.0045874066344351,-0.0035041943451641,0,0,0
30,20,1790.0,0.0011423165110514,0.0164493729895532,-7.920453007644674e-06,0.0088676891111652,0.0033955726532076,-0.0044268114875192,-0.0055365618058339,-0.0030861205997908,0,0,0
30,21,1791.0,0.0021030386108681,0.0123989168772016,0.0034397301730595,0.0004991413559603,0.0070291960175989,0.0058673505790816,-0.0107674794944864,0.012256908458976,0,0,0
30,22,1792.0,0.0010370278926362,0.0123888324070099,0.0005253512590735,0.0059511286058572,0.0035356827126137,-0.0020940530141855,-0.0061362295150783,0.000102580997516,0,0,0
30,23,1793.0,0.0011909217597359,0.0117980188296499,0.0011018098936453,0.0047154159798788,0.0043482897479591,-0.0004197599908499,-0.0076683378869127,0.0030310685390178,0,0,0
30,24,1794.0,0.0011245454101031,0.0112788932622034,0.0010029530997685,0.0045464439978796,0.0040185770332581,-0.0005052312075218,-0.0069891845931884,0.0025960699293001,0,0,0
30,25,1795.0,0.0020835904804353,0.0122318741888877,0.0034628826746085,0.0004443406507755,0.0071949295806307,0.0060634133688883,-0.0113076879365007,0.0130273376711017,0,0,0
30,26,1796.0,0.0013840627920523,0.0084555278566517,0.0022200078850701,0.0006181389841462,0.004707445285238,0.0036431065518094,-0.0073593429363466,0.0079477976179495,0,0,0
30,27,1797.0,0.00305387042458,0.0106424667466103,0.0060679143500186,-0.0059420310460585,0.0086296895748337,0.0130068630591719,-0.0105995529710464,0.0195474761350781,0,1,1
30,28,1798.0,0.0033309304710399,0.0161429968956176,0.006048934300782,-0.0024119648190856,0.0108119285712422,0.0118884344149181,-0.0157971198416268,0.0218983993988202,0,1,1
30,29,1799.0,0.0025790312396419,0.0089464591806525,0.0050566994581163,-0.0049257892711583,0.0070710436638531,0.0105400852607483,-0.0085759266569018,0.0154429210801979,0,1,1
30,30,1800.0,0.0043676089852548,0.0073211953549136,0.0091579491263743,-0.014744581060207,0.0083843597088914,0.0194327954237153,-0.0050126400009415,0.0194235979628686,1,1,1
30,31,1801.0,0.0053071507938739,0.0048343351470543,0.0109332275480217,-0.0202995837941781,0.0069736853399727,0.021105513007876,0.000699849640245,0.0132377338381461,1,1,1
30,32,1802.0,0.0042220519725919,0.0060666816928728,0.0089367031508679,-0.015138463999222,0.007535064956629,0.0189066008192583,-0.0032312153594193,0.0172302287209459,1,1,1
30,33,1803.0,0.00414780487755,0.003996017232717,0.008650289163567,-0.0159659453446691,0.0057276539983072,0.0170925198354042,0.000340654618734,0.0111749989385199,1,1,1
30,34,1804.0,0.0034308391946261,0.0036221567470657,0.0071626664810001,-0.0129863346271104,0.0050387943792945,0.0143886547634558,-0.0004311328022965,0.0104728245481442,1,1,1
30,35,1805.0,0.0040322860867051,0.0029202750710882,0.0081472735946985,-0.015588066827146,0.0044846294024989,0.0148297877485182,0.0017993827979985,0.0071831060893018,1,1,1
30,36,1806.0,0.0067184047967887,0.0014304790957723,0.0129588373358404,-0.0269978642113045,0.0038527857038179,0.019657967884379,0.008924388144069,-0.0008328388131145,1,1,1
30,37,1807.0,0.0048682349545194,0.0014795066135701,0.0094145210211535,-0.0192886265014567,0.003231785936678,0.0146740924472272,0.0054865716398007,0.0012195209120171,1,1,1
30,38,1808.0,0.0068541633523351,0.0025269320827844,0.0131100064390483,-0.0264185600821019,0.005123432461284,0.0210302635893202,0.0061584119362786,0.0046169590484301,1,1,1
30,39,1809.0,0.0056722351961784,0.0015417625197439,0.0106261944578082,-0.0217476826503656,0.0033665618428843,0.0155558611685901,0.0058619358409591,0.0007824437270015,1,1,1
30,40,1810.0,0.0067804703989686,-0.0010177960466648,0.0117215377399243,-0.0256992531960301,0.0005025583210515,0.0119321582059765,0.010741361143793,-0.0106254767941163,1,1,1
30,41,1811.0,0.0059706900042663,-0.0020130139299519,0.0097587279585144,-0.0220761616566134,-0.0012082212975638,0.006668892475372,0.0102004241065264,-0.0138024731676571,1,1,1
30,42,1812.0,0.004525371788087,-0.0007356017738794,0.0078569663125281,-0.017283037826888,0.0002817013381358,0.0079945745607542,0.0073549379962966,-0.007235840323193,1,1,1
30,43,1813.0,0.0059447689299129,-0.0017420579336533,0.0098782241393042,-0.0221930676613446,-0.0008488269363357,0.0075264193956787,0.0101027699714876,-0.0129885730859817,1,1,1
30,44,1814.0,0.0089155160330624,-0.0059528367898575,0.0124457778876553,-0.029813703583159,-0.0062244642751575,-0.0020946673494296,0.0145901851856633,-0.0294451571647254,1,1,1
30,45,1815.0,0.0067130383674867,-0.0060664155530151,0.0074330170468183,-0.0185329165618995,-0.006273128778047,-0.0082036503367216,0.0065008967618552,-0.0169985288140211,1,1,1
30,46,1816.0,0.0076910503395491,-0.008643589157888,0.006834139760439,-0.0181644392491303,-0.0095944674036538,-0.0174953179739571,0.0040536835630831,-0.0183991747290369,1,2,2
30,47,1817.0,0.0113804662560688,-0.0142540131601556,0.0083874057304019,-0.0234466737949653,-0.0157572436023298,-0.0320805787482893,0.0022743114895637,-0.0239213492763838,1,2,2
30,48,1818.0,0.0100197856953899,-0.0125413074559016,0.007405219393466,-0.0207171027412554,-0.0142387120269024,-0.0295443830972532,0.0006960607643895,-0.018001109953427,1,2,2
30,49,1819.0,0.0092955363237508,-0.0122175178942683,0.0060709772935739,-0.0175135753978,-0.0134215832133979,-0.0289146984859242,-0.000895984128823,-0.0142377822477337,1,2,2
30,50,1820.0,0.0114009969648698,-0.0180758648700764,0.0026388695613379,-0.010802317265161,-0.0170409612848489,-0.0443236250119077,-0.016160174019378,0.0183872836984556,2,2,2
30,51,1821.0,0.0102815859943159,-0.0147583486274305,0.0047513772806243,-0.0149750610485725,-0.0147547746724532,-0.0344449751902659,-0.0059255051534469,-0.0042919681670167,1,2,2
30,52,1822.0,0.0114354714731324,-0.0184890956211342,0.0019196072777977,-0.0090629895358919,-0.0162621869962972,-0.0430320199673307,-0.0171532214683224,0.0226937945504466,2,2,2
30,53,1823.0,0.0108051130581485,-0.0151187365441398,0.0057449333442348,-0.0175362845588328,-0.0161645588421194,-0.0370825888001684,-0.0050889893499062,-0.0085082078455933,1,2,2
30,54,1824.0,0.0126354445774921,-0.0206908930722953,0.001592150501204,-0.0087256720751125,-0.0173494594583392,-0.0464377439838718,-0.0194922172935844,0.0276675297959909,2,2,2
30,55,1825.0,0.0100091638452966,-0.017332459714271,-0.0017437132337198,0.0012456627652838,-0.0044846884224336,-0.0119856678623788,-0.0045516034199148,0.0068835971778478,2,2,2
30,56,1826.0,0.0096606276091698,-0.0174978669165002,-0.0035452087997972,0.0060039462932321,2.9534914351077175e-05,-0.0002261012141801,0.0009898003535726,-0.0039644406790463,2,2,2
30,57,1827.0,0.0104588581482478,-0.0206823130878275,-0.007006600928433,0.0140202779583496,0.0030688748368901,0.0049493702877146,-0.0008957332562126,0.004104691621883,2,2,2
30,58,1828.0,0.0086527683772247,-0.0176840202785241,-0.0072180640138963,0.0152879925062509,0.0060589013669713,0.0134075371898706,0.003960251288711,-0.0061225784882117,2,2,2
31,0,1829.0,0.0011459354129011,0.0156294380190806,0.0001972102744216,0.0082523871897671,0.0037492147843892,-0.0038098000403362,-0.0065172687329689,-0.0018819790268549,0,0,0
31,1,1830.0,0.0005892756586513,0.0105303917709506,-0.0004209731694789,0.0062409480786759,0.0014404550986328,-0.0037537132787871,-0.0021550801229043,-0.0036590250764072,0,0,0
31,2,1831.0,0.0012506500293769,0.0167350836211332,0.0002894654994121,0.0088303437911028,0.0042541303012864,-0.0040317713783142,-0.007562229846699,-0.0018121201630236,0,0,0
31,3,1832.0,0.0006703991341229,0.0108440175488998,-0.0002402911070686,0.0062516516663502,0.0019076349572791,-0.0035478920244821,-0.0031203083668572,-0.0030940707273433,0,0,0
31,4,1833.0,0.0008952083249405,0.0187841197537687,-0.0012337215464371,0.0117324396256719,0.0015916262256817,-0.0077755948910993,-0.0017424284889375,-0.0088029585258141,0,0,0
31,5,1834.0,0.0005518891171743,0.0160958286065449,-0.0017066820038821,0.0105028052699143,-0.0001480971540369,-0.0074727030693834,0.0017351405015881,-0.0092400154033001,0,0,0
31,6,1835.0,0.0005646622863974,0.0167562180883807,-0.001802485193952,0.0109159132609856,-0.0002244205367045,-0.0077415835068918,0.0019295824971069,-0.009520714430703,0,0,0
31,7,1836.0,0.0011613859412709,0.0166837177388747,2.03361014916426e-05,0.0090772869377839,0.0036438832057872,-0.0045393033603623,-0.0062076415113279,-0.0029763771914145,0,0,0
31,8,1837.0,0.0013911669162094,0.0210962201763091,-0.000211958477052,0.0117854378015578,0.0041414037719953,-0.0062870662772976,-0.006866756405373,-0.0049004965960608,0,0,0
31,9,1838.0,0.0021062505059648,0.021370570410655,0.0018649226872106,0.008811253471309,0.0077657027785989,-0.0011164825846172,-0.0138497450305862,0.0050682766568601,0,0,0
31,10,1839.0,0.0016110367321881,0.0138399875253634,0.0019058185262023,0.0044333184616422,0.0059503809710058,0.0012379102780392,-0.0103629221182002,0.0065445874543859,0,0,0
31,11,1840.0,0.0011645400683166,0.0077101931131839,0.0017579056536954,0.0010811284900667,0.0039922656310772,0.0025649011931129,-0.0063584516256663,0.0061053634731282,0,0,0
31,12,1841.0,0.0031609291874571,0.0119794362057524,0.0061961018319771,-0.0053387754545561,0.0093584090855919,0.0132186322609606,-0.0121536373286945,0.0210434421344173,0,1,1
31,13,1842.0,0.0016839922164156,0.0084053850335245,0.0030070315247516,-0.0009860156373521,0.0054509076608776,0.0057716039507379,-0.0079792972233432,0.0107146857645283,0,0,0
31,14,1843.0,0.0040867155698128,0.0120091347559865,0.0083433759697064,-0.0098744546274616,0.0106629904654939,0.0181731589950395,-0.0116920402479194,0.0249094047433355,0,1,1
31,15,1844.0,0.0015981901058677,0.0094494747500197,0.0025910027991065,0.0004447046066241,0.0052888301487018,0.0042881559368658,-0.0080762191415935,0.008880344213123,0,0,0
31,16,1845.0,0.0018757411868289,0.009804892504124,0.0032647572203634,-0.0006893187303155,0.0060714852276799,0.0060552880319896,-0.0089363501870328,0.0114532623082553,0,0,0
31,17,1846.0,0.0034819848316033,0.0106096759710553,0.0070696898299512,-0.0080736749472654,0.0092514447808684,0.0153404081932113,-0.0104671223282609,0.0214964847682811,0,1,1
31,18,1847.0,0.0017791714081976,0.0080640485852666,0.0032909293464543,-0.0017780390905875,0.0055634268581792,0.006571177318779,-0.0078243347989619,0.0114447172742846,0,1,0
31,19,1848.0,0.0020879317948378,0.007015786693624,0.0041441004224965,-0.0042388445298827,0.0056984223417844,0.0087830822145289,-0.0067646755601176,0.0127142074186116,0,1,1
31,20,1849.0,0.0034760835394548,0.0092853156957492,0.0070888888532761,-0.0090047151558097,0.0084557119319056,0.0151482151692049,-0.0086106991147365,0.0194713458463659,0,1,1
31,21,1850.0,0.0050741853942734,0.004506183247567,0.0103550403192016,-0.0192813112773165,0.006372067169594,0.0194977393635482,0.0009810256279148,0.0114193540136207,1,1,1
31,22,1851.0,0.0028641130761363,0.00629668172312,0.0059799196571534,-0.0086041980831944,0.0064136210044559,0.0129627868068116,-0.0054768433608365,0.0151632967468648,0,1,1
31,23,1852.0,0.004900438778094,0.0053172706368462,0.0102103442757731,-0.0183988295493513,0.0072800247390186,0.0205046336031976,-0.0009016589321906,0.0152394148524674,1,1,1
31,24,1853.0,0.0038850160500595,0.0046205400803496,0.0080986361508957,-0.0143047814090404,0.0061007966642228,0.0164792063099572,-0.0014481483562965,0.0131321427159636,1,1,1
31,25,1854.0,0.0040883870127966,0.0076576205307165,0.0086507654169981,-0.013420554588699,0.0085281472803081,0.018841864541735,-0.0060340704570503,0.0203797304230047,1,1,1
31,26,1855.0,0.0048450462837904,0.0072156433938037,0.010258160654958,-0.0171932161766809,0.0088572323096146,0.021823792701992,-0.0042241130974402,0.020532547027716,1,1,1
31,27,1856.0,0.0049473326358321,0.0067619245418968,0.0104320516122556,-0.0178845784633819,0.0085328226529647,0.0218256329713646,-0.0032612356824978,0.0192486958554849,1,1,1
31,28,1857.0,0.0058447109978516,0.0036618249385319,0.0116783462409881,-0.0226738204819036,0.0059604766533232,0.0206836938794363,0.0033193239879022,0.0088696995786518,1,1,1
31,29,1858.0,0.0059655854708679,0.0039172380754265,0.0120505108614254,-0.0233362693553763,0.0063446784951697,0.0218000555507585,0.0033580860397387,0.0096970615723996,1,1,1
31,30,1859.0,0.0070820517550955,0.0018037204404918,0.0136615597357534,-0.0282301985079502,0.0043822201594977,0.0210229500338255,0.0086535422456279,0.00052499472968,1,1,1
31,31,1860.0,0.0047089271576318,0.0017697193725315,0.0088479714697618,-0.0177001369936895,0.0035554553847549,0.0140229084803582,0.0034378609166496,0.0042411877583315,1,1,1
31,32,1861.0,0.0049374961058837,0.0003132492629868,0.0089238765220834,-0.018873244629,0.0017841992667496,0.0114958017575909,0.006394329028432,-0.0028699912982583,1,1,1
31,33,1862.0,0.0075648901379404,0.0016554633148063,0.0145012615622807,-0.0301362181540909,0.0043458405860352,0.0218798063706176,0.0097351352171559,-0.0007289411430113,1,1,1
31,34,1863.0,0.0037326068822444,0.0017795882202599,0.0071202839239758,-0.0140761238002308,0.0029350788470258,0.0111574385427749,0.0026362920558237,0.0029618757784929,1,1,1
31,35,1864.0,0.0049482435330608,-0.0001445685551951,0.0088749388691966,-0.0191103925407952,0.0011805774671155,0.0105963324552126,0.0074073747475949,-0.005349807101784,1,1,1
31,36,1865.0,0.0081842815556993,-0.0048463991259112,0.0118538544721812,-0.0279791463977949,-0.0047245454743144,0.0007723916001225,0.0136040495613044,-0.0252619963192754,1,1,1
31,37,1866.0,0.0067056332136533,-0.002073186374418,0.009769799341518,-0.0213261033022786,0.0002574759304124,0.0085508424885487,0.0065769955916954,-0.0042826808751944,1,1,1
31,38,1867.0,0.0083952354766773,-0.0087115185179448,0.0080595820710597,-0.0207663080583092,-0.008806840275376,-0.0138528290215194,0.0066713294635841,-0.0214293045991755,1,2,2
31,39,1868.0,0.0097384239619883,-0.0116593391466308,0.007867029072456,-0.0215035878104414,-0.0132639321599577,-0.0262104526943049,0.0027324371882474,-0.0207253559961927,1,2,2
31,40,1869.0,0.0100379728589691,-0.0099534216499548,0.0104772200062119,-0.0267764673029887,-0.0107672649907778,-0.0160230519159664,0.0097276115430273,-0.0291208178017711,1,1,1
31,41,1870.0,0.0090288527236251,-0.0131373665253757,0.0026894963990851,-0.008814064842691,-0.0074908766670864,-0.0162954846865954,-0.0020471797331089,-0.0007794090640814,1,2,2
31,42,1871.0,0.0103229953604403,-0.0137735319471383,0.0064459705820309,-0.0188183797236072,-0.0151360756897801,-0.0332841878632939,-0.0023344997708636,-0.0129734928499448,1,2,2
31,43,1872.0,0.0115153796145647,-0.0189430995600369,0.0012671127751876,-0.0074986118749584,-0.0155830187294978,-0.0419278385446009,-0.018107877994098,0.0269006985769631,2,2,2
31,44,1873.0,0.0114124275039762,-0.0156358959701314,0.0065124812838448,-0.0194450068890764,-0.0166620138112279,-0.0372911839446384,-0.0035233707907584,-0.0126168590164134,1,2,2
31,45,1874.0,0.0096756952347849,-0.0161354891759405,-0.0007026303166573,-0.000989121233224,-0.0041809262469544,-0.009539759745603,-0.0006410515094817,-0.0034996793268849,2,2,2
31,46,1875.0,0.0110098656480464,-0.0177751717583566,0.0018673739961195,-0.0087471185433536,-0.0154986184965536,-0.0408771968560221,-0.0159929966203909,0.0205296463218097,2,2,2
31,47,1876.0,0.0101707956120126,-0.0167579472193465,0.0010021079068084,-0.0062937134842734,-0.0133518657134728,-0.0359210682582287,-0.0154702632586352,0.0228070459704499,2,2,2
31,48,1877.0,0.0065634310296589,-0.011171725891386,-0.0002776858286266,-0.0016442545605492,-0.0062841906043494,-0.0170991106888462,-0.00743488759395,0.0111281715588153,2,2,2
31,49,1878.0,0.0117112673232238,-0.0220966613424584,-0.0050592261972039,0.0083502456508094,-0.0045739768069345,-0.0166756395850036,-0.0149087893012784,0.038007057305696,2,2,2
31,50,1879.0,0.0094045878830706,-0.0165464462606668,-0.0026069797004915,0.0038170158007857,-0.001509437295642,-0.0044924603176201,-0.0023484526741435,0.0050237438266678,2,2,2
31,51,1880.0,0.0115265278155994,-0.0221521133159633,-0.0063618623153236,0.0120748697454321,0.0011928638014963,0.0005134748428956,-0.001695895545964,0.0032011686910921,2,2,2
31,52,1881.0,0.0089385561514091,-0.0182491394657365,-0.0074156180398282,0.0156907949806919,0.0061861728149067,0.0136771161141717,0.0040453396149481,-0.0063043335581452,2,2,2
31,53,1882.0,0.008955058138821,-0.0183402609913941,-0.0075629886046796,0.0160610875229036,0.0064873299031063,0.0144409713627709,0.0043706439892287,-0.0068805206611076,2,2,2
31,54,1883.0,0.0089575274746999,-0.0183533772859587,-0.0075805390423826,0.0161030875848476,0.0065118791592568,0.0144978937212737,0.0043898233665496,-0.0069143431100438,2,2,2
31,55,1884.0,0.008949350189732,-0.0183078310313883,-0.0075040102186022,0.0159090846421599,0.0063456028381263,0.0140707844660905,0.0042016220461462,-0.0065789205882596,2,2,2
31,56,1885.0,0.0109459745933731,-0.0215689695868067,-0.0072099622145997,0.0144023727922071,0.0033190528514015,0.0057999370028241,0.0001579514848748,0.0007264380285076,2,2,2
31,57,1886.0,0.0075571215067261,-0.0147201232085236,-0.0046751099603797,0.0092330722577702,0.0020483149018728,0.0036426471054962,0.0003061574853873,-4.823834110832941e-05,2,2,2
31,58,1887.0,0.0086538246965373,-0.0176901462830495,-0.0072309036236887,0.0153225699726001,0.0061043568031759,0.0135400294446014,0.0040545789625759,-0.0063576367756974,2,2,2
32,0,1888.0,0.0006079083631384,0.0117221271063493,-0.0006112682455748,0.006979934099316,0.0012323832047553,-0.0042411543688798,-0.001601219038584,-0.004214343363763,0,0,0
32,1,1889.0,0.0002048380040378,0.0154383389301222,-0.0025364453447587,0.0102357638403923,-0.0022721030134503,-0.0073621195440845,0.0056739200678747,-0.0089848826452062,0,0,0
32,2,1890.0,0.0006947476795656,0.0154100910961159,-0.0011251090620543,0.0096108328990089,0.0010015433899297,-0.0063502849503155,-0.0008083472396091,-0.0071473986366084,0,0,0
32,3,1891.0,0.0005544325009236,0.0119433228842559,-0.000827788138815,0.0074558625245973,0.0008913745838583,-0.0049391289984905,-0.000849723673053,-0.0055912914229055,0,0,0
32,4,1892.0,0.0005507597342236,0.010015404445308,-0.00043279903815,0.0059075928368865,0.0012483355948885,-0.0035399266274797,-0.0017488022478305,-0.0034708749494634,0,0,0
32,5,1893.0,0.0010544973782472,0.0116223273035293,0.0007419486489166,0.0051859453227107,0.0037437617727227,-0.001272340287327,-0.0065997999027987,0.0014831105876166,0,0,0
32,6,1894.0,0.0011770584708771,0.014289416565634,0.0005625743008456,0.0069956280558228,0.0040884645770147,-0.0025744480425999,-0.007207915560408,-3.135143614224206e-05,0,0,0
32,7,1895.0,0.0013941113495171,0.0211853327513871,-0.0002150490615103,0.0118520972081044,0.0041852347529556,-0.0063123015048803,-0.0070021627826819,-0.0048353834254391,0,0,0
32,8,1896.0,0.0008075332313102,0.0188334276868201,-0.0015078823950734,0.0119136162931673,0.000941562156594,-0.0080718308437092,-0.0003432665704723,-0.0094166996659934,0,0,0
32,9,1897.0,0.0008922171650945,0.0160351439472428,-0.0006605722356711,0.0095697987704045,0.0021700796583526,-0.0058405452797374,-0.0032097665643755,-0.005852787962649,0,0,0
32,10,1898.0,0.0010543683262082,0.017383250072145,-0.0004487685306926,0.0100514956450634,0.0028922829261218,-0.0057549210288157,-0.0046239143654441,-0.0051416652025631,0,0,0
32,11,1899.0,0.00048678628252,0.013122693524982,-0.0012757737871659,0.0084513872154796,0.0001426756621833,-0.0058843136006978,0.0008216290846537,-0.0070737986826872,0,0,0
32,12,1900.0,0.0004197453228079,0.0149332003051859,-0.0018431166192013,0.009818582248333,-0.0007477659913461,-0.0070406970955565,0.0027810385027,-0.0087196553040026,0,0,0
32,13,1901.0,0.0007159987801993,0.0143898844433193,-0.0008460786378504,0.0088126980923882,0.0014016799851869,-0.005632575684221,-0.0017545019812736,-0.0060350271740489,0,0,0
32,14,1902.0,0.000447365862726,0.0177555049960857,-0.0023421882944587,0.0117294589510022,-0.0012547361793387,-0.0084655702674127,0.0040532652200899,-0.010546616087414,0,0,0
32,15,1903.0,-0.0006540935123948,0.0178302840287634,-0.0053533779472645,0.012111496657777,-0.0082930774210047,-0.0087140499274149,0.016857218810146,-0.0099284357919351,0,0,0
32,16,1904.0,0.0002010638732609,0.011512942069268,-0.0017458726354111,0.0075355709375511,-0.0013544933267419,-0.0053171155960258,0.0035113345647877,-0.0063476300878366,0,0,0
32,17,1905.0,0.0005042354641942,0.0143877653126917,-0.0014883807045463,0.0093697210672702,-2.4537844539892903e-05,-0.0066392680779441,0.0012788790351961,-0.0081562474900426,0,0,0
32,18,1906.0,0.000754949154863,0.0154640251132697,-0.0009576493936511,0.0095215052673661,0.0013907335473881,-0.0061619227932455,-0.0016087115546682,-0.0067619562130064,0,0,0
32,19,1907.0,0.0002523472316462,0.0114267044790912,-0.0016025807673031,0.0075598284051891,-0.0010239891489197,-0.0054544288415385,0.002984996281386,-0.0067620082409254,0,0,0
32,20,1908.0,-0.0006798080874235,0.021028778261395,-0.006074019546002,0.0143155857934536,-0.0092180942222193,-0.0103805570691503,0.0189397613413172,-0.0120610002641109,0,0,0
32,21,1909.0,0.000551735237555,0.022577339059008,-0.0030398232679501,0.0150449761727491,-0.0017131794452201,-0.0110127981448357,0.0054673373508517,-0.0139765823431692,0,0,0
32,22,1910.0,-0.0001022653529231,0.0124476723577328,-0.002788328751038,0.0084498068617514,-0.0035586170918226,-0.0062237876132432,0.0078403831964558,-0.0076627869193004,0,0,0
32,23,1911.0,-0.0001305187033364,0.0154429615961623,-0.0034470015301487,0.0104005443601661,-0.0043569710197466,-0.0075536241455816,0.0094479363637962,-0.00911062127107,0,0,0
32,24,1912.0,-0.0002820508126724,0.0128786902570584,-0.0033482582835182,0.0087269617129957,-0.0047506299821161,-0.0063332567691594,0.0099228315375452,-0.0074864386559192,0,0,0
32,25,1913.0,0.0004565459046788,0.0134778908995187,-0.001422995215312,0.0086584925677866,-0.0001200849849483,-0.0059842784856136,0.0012903169687901,-0.007083429259098,0,0,0
32,26,1914.0,0.000225750600549,0.0157463803996329,-0.0025449441887382,0.0104881913371375,-0.0021985648096793,-0.0076113526656408,0.0055990743945087,-0.009428900097334,0,0,0
32,27,1915.0,-0.0001918945881441,0.0138312833638283,-0.0033026911419087,0.0094051633169122,-0.0044075698787012,-0.0069183391470321,0.0094764851753468,-0.0084562177399446,0,0,0
32,28,1916.0,-0.0002873914931086,0.0128041488232045,-0.0032951774808591,0.0086021543398054,-0.0045085161764442,-0.0061698298119368,0.0091351020118106,-0.0072680342762072,0,0,0
32,29,1917.0,-0.002530666676308,0.0096528964202042,-0.0081204385798625,0.0055404111192537,-0.015318951215703,-0.0019974948555254,0.0240787910050143,0.0022033811861061,0,0,0
32,30,1918.0,-0.0035292054514265,0.0061373256867411,-0.0094341818889777,0.0023271786711332,-0.0175881911795,0.001492128359135,0.0236090007532123,0.0078636531720899,2,0,0
32,31,1919.0,-0.0037255475434436,0.0078889745351317,-0.0104490437335571,0.0035625128306286,-0.0199252406265038,0.0007246766735561,0.0284948728268367,0.0077360830861516,2,0,0
32,32,1920.0,-0.0051955847301531,0.0086691442668006,-0.0138420043819151,0.0031913185415663,-0.0259435692426549,0.0023751810267957,0.0349184245569115,0.0118812567651214,2,0,3
32,33,1921.0,-0.0103910347922337,0.0090742905085278,-0.0246439306040213,1.7536502652838063e-05,-0.0431799927014453,0.0092671912916117,0.0479158637959495,0.0253959737236294,2,0,3
32,34,1922.0,-0.0164834691771139,0.0105815969997408,-0.0372290585648342,-0.0028988663578133,-0.0623651841018902,0.0162716775862349,0.0617434597753571,0.0384506533201458,2,0,3
32,35,1923.0,-0.0199316707203706,0.0052075727208666,-0.0394298632495384,-0.0090802360169079,-0.0550142334194811,0.0202543943174895,0.0321984187570763,0.0319644402133946,2,3,3
32,36,1924.0,-0.0067886564936637,0.0017772821451968,-0.0133801893940131,-0.0030820207479517,-0.0185173606066856,0.0068224922478146,0.0106013999933909,0.0105709533704221,2,0,3
32,37,1925.0,-0.0164525885447739,0.0023105061085872,-0.0306012747011432,-0.0088158158730086,-0.0383212423186,0.0161305600547553,0.013595020022589,0.0203858571542809,2,3,3
32,38,1926.0,-0.0162868625053309,0.0013443055181066,-0.029108484495119,-0.0092735398780482,-0.0335787987069413,0.015240504292308,0.0064183682520995,0.0161003416435126,2,3,3
32,39,1927.0,-0.0206789331722971,0.0009281941423234,-0.0356746025838468,-0.0121072742624833,-0.0381169672295945,0.0182708309442671,0.001946725841422,0.016059033632435,2,3,3
32,40,1928.0,-0.0306252212459087,-0.0020559124913025,-0.0467382793756265,-0.0192637268765276,-0.0345603944450944,0.0213350689675484,-0.0257018243443733,0.0020132685415882,2,3,3
32,41,1929.0,-0.0309001591321605,-0.0030705723648838,-0.0446078552731013,-0.0194722817274389,-0.0264798523986405,0.0185834570002333,-0.0329245377171005,-0.0052983717718418,2,3,3
32,42,1930.0,-0.0344870910642888,-0.0034817307115223,-0.0492533259731072,-0.0215195567348614,-0.028796417873961,0.0202437228816579,-0.0356857870337755,-0.0056682964512713,2,3,3
32,43,1931.0,-0.0256820884213608,-0.0038643381914078,-0.0281295427441997,-0.013187504527345,-0.0064689846117189,0.0066777856683337,-0.0157748439247642,-0.0043158602582834,2,3,3
32,44,1932.0,-0.0365256954319286,-0.0058148433602404,-0.0441676662738391,-0.0215629509577646,-0.0086999975960118,0.0120919430422358,-0.0449874283476071,-0.0204238605388338,2,3,3
32,45,1933.0,-0.0457988783625683,-0.0072916606053872,-0.0567106266951835,-0.0278086112025526,-0.010428797458247,0.0154153545104043,-0.0596351463626707,-0.0276547355279292,2,3,3
32,46,1934.0,-0.038306557168113,-0.0083673578549519,-0.033885623860308,-0.0193342154647781,0.0245424124432612,-0.0054285918985328,-0.0264285960991043,-0.024275645491299,2,3,3
32,47,1935.0,-0.0436981077206568,-0.0079573792188756,-0.0490532536361219,-0.0253029457628225,0.0034267362521175,0.0078967946062517,-0.0526510290729849,-0.0304374657950893,2,3,3
32,48,1936.0,-0.0463041897706833,-0.0084072986130015,-0.0520699717274393,-0.0268169764955705,0.0029901391174357,0.0087281539823849,-0.0564717208257287,-0.0324292107381525,2,3,3
32,49,1937.0,-0.0132574552525504,-0.0025261819570267,-0.0130411746529373,-0.0068398533035588,0.0035511927813064,0.0004838047549794,-0.0100846014429001,-0.0067633799531994,2,3,0
32,50,1938.0,-0.0403490711019629,-0.0087152083525621,-0.0361774203772576,-0.0204530409006744,0.0234054311399481,-0.0043329409501068,-0.0301730687162924,-0.0258171335133195,2,3,3
32,51,1939.0,-0.0507596972342849,-0.0129104895486867,-0.0307449830003984,-0.0205758457813807,0.0603450982005158,-0.0244233656765865,0.003625533769533,-0.0176531310224315,2,3,4
32,52,1940.0,-0.0539738301477215,-0.0136682290185839,-0.0330789783732761,-0.0219970071987839,0.0631043040877954,-0.0253366367271183,0.0024133543716058,-0.0194452136267656,2,3,4
32,53,1941.0,-0.0250925546602695,-0.0060284596657229,-0.0110448917408426,-0.0067871714484977,0.0090719488886292,-0.0023705085479099,-0.003397723921463,-0.0019516204738401,2,3,0
32,54,1942.0,-0.0303491495539105,-0.0082842220677581,-0.0052436870272611,-0.005041609000165,0.0183301290152102,-0.0074830257959932,0.0039673993772799,-0.0010013859135825,2,3,0
32,55,1943.0,-0.0223910295595025,-0.0056767279705476,-0.0076449316132577,-0.0052855143413263,0.0124670925856214,-0.0047808595067268,0.0026756108946361,0.0002488799725839,2,3,0
32,56,1944.0,-0.0491138289726375,-0.0137128688233375,-0.0151518591939448,-0.013276266667491,0.0660285858442414,-0.0310352919650845,0.0393810599468116,0.011136071989059,2,3,4
32,57,1945.0,-0.0509619005423974,-0.014679527878173,-0.0095315622395594,-0.0107705412119672,0.0673699259917865,-0.0327938217082665,0.0502133961975621,0.0212955193153973,2,3,4
32,58,1946.0,-0.0259597576468279,-0.008135215410949,0.0110615359954737,0.0035163892093039,0.0040597681631953,-0.0021850140257239,0.0024938883934671,-7.260396692664804e-05,2,3,0
33,0,1947.0,0.0002482919417625,0.0088369155916918,-0.0010895979272416,0.0057747036025293,-0.0004599563428529,-0.0041033588117866,0.001683592392509,-0.0050281485662084,0,0,0
33,1,1948.0,0.0010126343572731,0.017622620701199,-0.0006290761942781,0.010427574094508,0.0025953588542561,-0.0062600657706468,-0.0039739718581441,-0.0061033366645578,0,0,0
33,2,1949.0,0.0011208206828165,0.0140906045161496,0.0004344081338419,0.0070510025615714,0.0038016943012119,-0.0028019060418589,-0.0066459799221616,-0.0005468182257283,0,0,0
33,3,1950.0,0.0017095383347514,0.0185457174383871,0.0012604526791583,0.00818477108509,0.0061097261099862,-0.0018951819390661,-0.0107694108325106,0.0025674544767793,0,0,0
33,4,1951.0,0.0010019793791494,0.015227087475469,-0.0001743702407465,0.0084011685989508,0.002808683340771,-0.004430743430101,-0.0044323742558065,-0.0035251414650512,0,0,0
33,5,1952.0,0.0015098821275973,0.0092684816272841,0.0024124680326748,0.0006797337334459,0.0050978711509877,0.0039915107457171,-0.0079014714701407,0.0086820577833089,0,0,0
33,6,1953.0,0.0019050203386749,0.0130958806709423,0.0028304132435397,0.0021991975557581,0.0067585249251755,0.0040291589114865,-0.0110751004325251,0.0103634756415861,0,0,0
33,7,1954.0,0.0016084190875097,0.01256266865829,0.0021175569182339,0.0032439019688923,0.0057868944084391,0.0022140478301476,-0.0097503989803987,0.0074496298165005,0,0,0
33,8,1955.0,0.0008878285848197,0.009971802191701,0.0005583689225348,0.0044596175450885,0.0029190069177857,-0.0012345065414975,-0.0048581377497224,0.0006626394255123,0,0,0
33,9,1956.0,0.0015520543129739,0.0095711775756332,0.0024908475763572,0.0007542077859754,0.0053542708958311,0.0041289544807097,-0.0084579226941974,0.0092002955761725,0,0,0
33,10,1957.0,0.0024877112110697,0.0132154874360923,0.0043205381139583,-0.0007009937914281,0.0082310249441149,0.0079643970389662,-0.0123972049389848,0.0155062444330767,0,0,0
33,11,1958.0,0.0024790987721791,0.0080354731947544,0.0049794400107974,-0.0053269420159191,0.0067560402654055,0.010722370364501,-0.0079414302545123,0.0154786245850663,0,1,1
33,12,1959.0,0.002683833609454,0.0141018601726238,0.0046717908477249,-0.0008927630025239,0.0087939335580817,0.0086346692981218,-0.0131368044817653,0.0165973788425038,0,1,0
33,13,1960.0,0.0024878581286672,0.0077278177047375,0.0049833447451093,-0.0055550824174059,0.0065066660347424,0.0105728612998903,-0.0073446673786342,0.0146277403499357,0,1,1
33,14,1961.0,0.004798981177476,0.0059590252100062,0.0100362058525222,-0.0175928865861929,0.0076862855396967,0.0205070844221689,-0.0019993802447584,0.0165639809628079,1,1,1
33,15,1962.0,0.0043954315125309,0.0046462281758225,0.0090142018828514,-0.0162707090212834,0.0061655614883903,0.0174417264317145,-0.0005526446194825,0.0121669732922313,1,1,1
33,16,1963.0,0.0035821483704955,0.0055166861832956,0.0073764582806809,-0.0121522822027978,0.0062221104879067,0.014875959152713,-0.0030635896089155,0.0133442373256228,1,1,1
33,17,1964.0,0.0039680000796096,0.0032031439814477,0.0079666693151962,-0.0149731327851089,0.0046585539036507,0.0145888655636657,0.0010079205766816,0.008044944687455,1,1,1
33,18,1965.0,0.0055839577006579,-0.0004856776404725,0.0094896705853246,-0.0203903756279775,0.0013580552576405,0.0114009414288951,0.007557026321459,-0.0048534451386915,1,1,1
33,19,1966.0,0.0058922629760491,0.0003521668386401,0.0106975876306852,-0.0226678302963372,0.0021170224076514,0.0138774611136254,0.0079230263646417,-0.0037932899899107,1,1,1
33,20,1967.0,0.0063878581982169,-0.0002956552539395,0.0115002149196207,-0.0248680078210875,0.0013977330913555,0.0136328542353756,0.0099453519846165,-0.0075802309648307,1,1,1
33,21,1968.0,0.0058986886341313,-0.0006817733946565,0.0101511896791541,-0.022057281810341,0.0007921940215468,0.0108205298384223,0.008558336537306,-0.0073130399290818,1,1,1
33,22,1969.0,0.0053315025387985,-0.0020009485740777,0.0082761068843021,-0.018671335091636,-0.0009197229945713,0.0057209862373484,0.008216225436661,-0.0107513876285061,1,1,1
33,23,1970.0,0.0079098510923109,-0.0002312063583113,0.0141937815022224,-0.0305372329481827,0.0020817758973048,0.0174596755419925,0.0117655823882876,-0.0077332173181636,1,1,1
33,24,1971.0,0.0084716081117274,-0.0068447610055986,0.0104540413975202,-0.0256249801043725,-0.0072051367396023,-0.0069664837459053,0.0111129826385154,-0.0259370497499585,1,1,1
33,25,1972.0,0.0082552126964936,-0.0042869748790282,0.0122551958938551,-0.0284595582431363,-0.0034688504016067,0.0040239685616552,0.0134604132437374,-0.0219482102297575,1,1,1
33,26,1973.0,0.0076158199659504,-0.0059087622962952,0.0083355553686489,-0.0197790517468708,-0.004097499631014,-0.0027423325504298,0.0057458122655335,-0.0104229425010991,1,1,1
33,27,1974.0,0.0066412999285034,-0.005936899918935,0.0072603818772581,-0.0179944011297181,-0.005730930540597,-0.0070538993283759,0.0063021317984437,-0.0156449021438576,1,1,1
33,28,1975.0,0.0073364047621182,-0.0081225734109458,0.0057079288405485,-0.0148146641009471,-0.0065206723822075,-0.0111118774654202,0.0025531652084572,-0.0095219689830426,1,2,2
33,29,1976.0,0.0112581136022002,-0.0135785078411306,0.0089602921028759,-0.0245596865195803,-0.0151602405376967,-0.0297794962445897,0.0037038095988273,-0.0253914299213632,1,2,2
33,30,1977.0,0.010215047460058,-0.0157364687912984,0.0030601259989466,-0.0112002255126515,-0.0149493529681145,-0.0375926673033104,-0.0113945518527665,0.0088969632287785,2,2,2
33,31,1978.0,0.0103813713858486,-0.0165388297933532,0.0022400879443091,-0.0094374599215677,-0.0153000818416386,-0.0399199223076295,-0.0147561001087451,0.017174605939202,2,2,2
33,32,1979.0,0.0097413825597821,-0.0136470570612846,0.0050869735851902,-0.0155612562654622,-0.014507545960963,-0.0335726862381511,-0.0055101956754255,-0.0046278906830056,1,2,2
33,33,1980.0,0.0110234265338656,-0.0163755137424591,0.0044046727129257,-0.0146808406683025,-0.0168512244679025,-0.0411130352958147,-0.0101708641713285,0.0029011682911793,1,2,2
33,34,1981.0,0.0102520367300373,-0.0178256867408139,-0.0010956201824872,-0.0010326736460209,-0.0096057586716066,-0.0271996792653831,-0.0140582838035911,0.025718310059988,2,2,2
33,35,1982.0,0.0065519968552952,-0.0105848936836277,0.0003159481409418,-0.0027210220945723,-0.004990105338539,-0.0124527248529699,-0.0039922610331701,0.0050646640494564,2,2,2
33,36,1983.0,0.0042559057437282,-0.0071043541506578,-0.0003859496420904,-0.0002513745250314,-0.0022081878074708,-0.0059009049634099,-0.002849021137539,0.0058304712502002,2,2,2
33,37,1984.0,0.010052080348631,-0.0182342513023877,-0.0025020867096069,0.00237301053252,-0.0086012139376446,-0.0267129996473261,-0.0188221329422393,0.0434480227332958,2,2,2
33,38,1985.0,0.0110125357324697,-0.019893555905588,-0.0024873349989243,0.0019202731484798,-0.0100892295577659,-0.0309274781298926,-0.0209589952394049,0.0469064010659541,2,2,2
33,39,1986.0,0.0094986935325262,-0.0177583419800917,-0.0043716970071547,0.0079014123385807,0.0001498869270178,-0.0011359809080439,-0.0014703760881669,0.0028182546568628,2,2,2
33,40,1987.0,0.0126833941801384,-0.0247909464098207,-0.0078158901562146,0.015267474515991,0.0023646776799335,0.0027394807345916,-0.0017975402166791,0.0043109412208647,2,2,2
33,41,1988.0,0.0089426273174788,-0.018270278450034,-0.0074396538919384,0.0157448650134004,0.0061959501845009,0.0136773415617034,0.0040094999506531,-0.0062142008994891,2,2,2
33,42,1989.0,0.0089539183013236,-0.0183336106232669,-0.0075498379269999,0.0160267504539171,0.0064540973418782,0.0143542547294315,0.0043323368982853,-0.0068149911191785,2,2,2
33,43,1990.0,0.0089415235141791,-0.0182655426415453,-0.0074430182222474,0.0157606567451988,0.0062523082915303,0.0138545999160628,0.0041401624590568,-0.0064979062081815,2,2,2
33,44,1991.0,0.0132781536680401,-0.025666806228119,-0.0078036754900863,0.0152050616165752,0.0029104765818412,0.0047720253986732,2.409623752795746e-05,0.0006673502494344,2,2,2
33,45,1992.0,0.0133060925412974,-0.0256227915866189,-0.0076168730689656,0.0147337272136862,0.0025761655706711,0.003977669161637,-0.0002145852344517,0.0009388006425538,2,2,2
33,46,1993.0,0.0128020187492277,-0.0247389527573269,-0.0071801862831675,0.0135778506332004,0.0008223102940444,-0.0010757205825529,-0.0026747122854191,0.0033115814289785,2,2,2
33,47,1994.0,0.0132459989074635,-0.0248752115566196,-0.0062733512760011,0.0114542587748433,0.0008429056162952,0.0005484198296643,0.0002522489106893,-0.002226074043906,2,2,2
33,48,1995.0,0.007795624321131,-0.0150380030985388,-0.0045280227271242,0.0088025459770168,0.0016788105947314,0.0027870043576205,0.0001199478455007,5.828669961695019e-05,2,2,2
33,49,1996.0,0.0089415468418607,-0.0182659549827134,-0.0074460527019798,0.0157699135272243,0.0062702485931466,0.0139090996252214,0.0041797666357717,-0.0065869894479942,2,2,2
33,50,1997.0,0.0089574944757869,-0.0183534326136343,-0.0075826123110439,0.0161096545584441,0.006525588118129,0.0145395052688465,0.0044187913814193,-0.0069760369737571,2,2,2
33,51,1998.0,0.0089603876390083,-0.0183692781687245,-0.0076070780843153,0.0161702876389006,0.0065693092707866,0.0146454903686578,0.004455153250997,-0.0070307375235404,2,2,2
33,52,1999.0,0.0089603636140144,-0.0183691624855387,-0.0076070895689406,0.0161704904990927,0.006570945227823,0.0146512336879577,0.0044612798631254,-0.007047696296295,2,2,2
33,53,2000.0,0.0089577541685003,-0.0183548892907769,-0.0075852474135618,0.0161165285851336,0.0065334311542972,0.0145619703710207,0.0044348337119116,-0.0070167598188577,2,2,2
33,54,2001.0,0.0089406527895268,-0.0182613657812086,-0.0074421479716058,0.0157629245614304,0.0062863622626429,0.0139721516427605,0.0042549498836926,-0.0067944200052708,2,2,2
33,55,2002.0,0.0086449939002615,-0.0166477615613686,-0.0049990752429057,0.0097436638692899,0.0021829228799589,0.0042693341317155,0.0014625208941245,-0.0036291346670205,2,2,2
33,56,2003.0,0.0086027794162343,-0.0164779046693461,-0.0047754666142491,0.0091922719566357,0.0017755734333074,0.0032631903174075,0.0010775122978335,-0.0029930711776731,2,2,2
33,57,2004.0,0.0082830088360351,-0.0152424695069157,-0.0031371146910293,0.0051044677109282,-0.0016521266590131,-0.0056437986782587,-0.003259534890446,0.0056429980353747,2,2,2
33,58,2005.0,0.0141018144140808,-0.0268820391767327,-0.0076002188043843,0.0145312290558662,0.0026964200986599,0.004966207070323,0.0018219479746547,-0.0051710558238519,2,2,2
34,0,2006.0,0.0008102086048544,0.0125629260390049,-0.0001816895403915,0.0071241698214662,0.0023834136616348,-0.0039254081248557,-0.0039310887016908,-0.0032770040843437,0,0,0
34,1,2007.0,0.0006923182099855,0.0123721174473831,-0.0004992937622344,0.007408472874921,0.0017165722176332,-0.0045504730821351,-0.0025678091241202,-0.0046074293959595,0,0,0
34,2,2008.0,0.0009508144019914,0.016964909403771,-0.0006837647174487,0.010086244956411,0.0022939987857126,-0.0061355391768051,-0.0033464980848929,-0.0061643407572088,0,0,0
34,3,2009.0,0.0008067342070118,0.014418094927206,-0.0005853058598864,0.0085983170083135,0.0019558275205354,-0.0052580435099507,-0.0028636862961353,-0.0053212079598303,0,0,0
34,4,2010.0,0.0004024137158767,0.0098404704757843,-0.0008442341245229,0.0062431720162635,0.0003554203620533,-0.0042451651024757,9.530555582691506e-05,-0.0049604152803653,0,0,0
34,5,2011.0,0.0004206811634376,0.0111703745078916,-0.0010638199956141,0.0071330402712878,0.0001515063097119,-0.0048969676250745,0.0006244278889491,-0.0057787584106524,0,0,0
34,6,2012.0,0.0003907204327941,0.0127991638900806,-0.0014865643595757,0.008333074148783,-0.0004374579594278,-0.0058863848848167,0.0019544992597982,-0.0071607891515859,0,0,0
34,7,2013.0,0.0007842229061801,0.0138686940030317,-0.0005334587976299,0.0082386040198189,0.0019576478163534,-0.0049847836954933,-0.0029508008348762,-0.0049244443440873,0,0,0
34,8,2014.0,0.0011817255087454,0.0138839786589444,0.0006632280019515,0.0066008785503442,0.004167775791614,-0.002159678057889,-0.0073953378795846,0.0006581845709535,0,0,0
34,9,2015.0,0.0013426285462003,0.0179722044935234,0.000304800324995,0.0094317301660485,0.0045015307926122,-0.0042670682667253,-0.007931552079942,-0.0018896400948868,0,0,0
34,10,2016.0,0.000551948139821,0.016171567772654,-0.0017145590657352,0.0104964136310662,-0.0001590860959192,-0.0073981034347927,0.0017130426786115,-0.0090250695872859,0,0,0
34,11,2017.0,9.826328208632278e-05,0.0132930889888538,-0.0024156445691124,0.0088921421163309,-0.0025374800371029,-0.0064730424863098,0.0061066412862245,-0.0079838803779799,0,0,0
34,12,2018.0,0.0010619802885525,0.0156640073681288,-6.476531940523068e-05,0.0085128734982197,0.0031848292654491,-0.0042531687307529,-0.0053162215258559,-0.0028001254335228,0,0,0
34,13,2019.0,0.0007652617977767,0.0144920536372757,-0.0007163753150009,0.0087019034497777,0.001679380409318,-0.005364210486469,-0.002331926950992,-0.0054374719409956,0,0,0
34,14,2020.0,0.0004465527953204,0.0130754906714281,-0.0013732880525871,0.0083946282958492,-0.0001140329843007,-0.0057996101731443,0.0012792527945871,-0.0068667075988726,0,0,0
34,15,2021.0,0.0005806619700933,0.0103379976559803,-0.0004068316133223,0.0061159078187966,0.0014237594666203,-0.0036656051448368,-0.0021310669488824,-0.0035534845277859,0,0,0
34,16,2022.0,0.0004503767498643,0.0147076066278824,-0.0017106665331569,0.0096345369088619,-0.0004928061584255,-0.0068803922515103,0.0022699414785585,-0.0085061391083885,0,0,0
34,17,2023.0,0.0010511788139742,0.0220658248871567,-0.0014503501449241,0.0137562180170555,0.0018485524628941,-0.0090882777606076,-0.0019934904258587,-0.0102452970960816,0,0,0
34,18,2024.0,0.0007356138327105,0.0148256011129688,-0.0008843341730353,0.0091586348394097,0.0014422956653726,-0.0059551924234898,-0.0017739451098593,-0.0065667565909702,0,0,0
34,19,2025.0,0.0007632579317635,0.0160225845164642,-0.0010548545890387,0.0100014061777524,0.0013411464674078,-0.0066290393821236,-0.0014358660540886,-0.0075229619936352,0,0,0
34,20,2026.0,0.0004203747303378,0.0156438605180923,-0.0019971069107632,0.0103900408021914,-0.0009250748023256,-0.0075766578010763,0.0032682209770582,-0.0095976178612788,0,0,0
34,21,2027.0,0.0002902569848404,0.0111441575037138,-0.0014495702100911,0.0074095210507979,-0.0007258450830667,-0.0054097540268988,0.0024655977222479,-0.0068559242587767,0,0,0
34,22,2028.0,0.0002915156898713,0.011092929816409,-0.0014317644719657,0.0073559219456168,-0.0006930084038875,-0.0053458698046392,0.0023675066784222,-0.0067322480700196,0,0,0
34,23,2029.0,0.0001399799698941,0.0127086111512324,-0.0021940278953591,0.0085996083727327,-0.0021166377967197,-0.0063952541338452,0.0053273423662978,-0.008159600139889,0,0,0
34,24,2030.0,-8.905415707581274e-05,0.0187229367201613,-0.0040581008200833,0.0128598223626089,-0.0050750087169907,-0.0096913768948563,0.0115998303797493,-0.0123729885846385,0,0,0
34,25,2031.0,0.0001360023946767,0.0113041308021982,-0.0019168121698593,0.0076116248369595,-0.0018108541720393,-0.0056173323053544,0.00458454551747,-0.0070948660914032,0,0,0
34,26,2032.0,-0.0003901147969328,0.0131632407001301,-0.0037053277180426,0.0089480134947737,-0.0055423677646936,-0.0064853991187973,0.0114331039206601,-0.0075558313120971,0,0,0
34,27,2033.0,-0.0006141216250036,0.0119511021195677,-0.0040384278123862,0.0080607195799735,-0.006581242120389,-0.0056533674933384,0.0129442139254336,-0.0060329487652185,0,0,0
34,28,2034.0,0.0007589251988755,0.0198925495206412,-0.0018597442429215,0.0126982201334089,0.0003839722496812,-0.0087080777816926,0.0008187282889983,-0.010259291021483,0,0,0
34,29,2035.0,0.0002234590190528,0.0164807889485924,-0.0027299904739299,0.0111448086923035,-0.002466187277325,-0.0082961910558639,0.0063885804342838,-0.0106364615864229,0,0,0
34,30,2036.0,-2.1120867657801605e-05,0.0187754156935395,-0.0038794640975881,0.0128452952015737,-0.0046446827849528,-0.0096408629887594,0.0107782636439233,-0.0122798520645615,0,0,0
34,31,2037.0,-0.0007161083781937,0.0143860104460311,-0.0047924397172836,0.0097280486038324,-0.0077260080971134,-0.0068778227163685,0.0152217232268247,-0.0075133022178737,0,0,0
34,32,2038.0,0.0005977038784572,0.0197588955030548,-0.0023104146221234,0.0129041427761397,-0.0006880546116539,-0.0091638812537606,0.0030360335146728,-0.0112375431681059,0,0,0
34,33,2039.0,0.0008115062771616,0.0150078285496284,-0.0006883012122413,0.0089508713401188,0.0018333664731876,-0.0054645887941105,-0.0025725559529025,-0.0054969762749695,0,0,0
34,34,2040.0,0.0005051883335324,0.0172057094894011,-0.0020584469991524,0.0111708002240248,-0.0007783894928112,-0.0078717314475126,0.0030587177507883,-0.009580807276082,0,0,0
34,35,2041.0,0.0015577713156981,0.0153448063626799,0.0014602956896914,0.0059854091980392,0.0056270824632568,-0.0002948763324893,-0.0098613102518498,0.0044253114810464,0,0,0
34,36,2042.0,0.0009358978466255,0.0179891892929208,-0.0009398942207593,0.0108954757354554,0.0019789103574871,-0.0068436347881881,-0.0026169516273709,-0.00718674035459,0,0,0
34,37,2043.0,0.0011651247670944,0.0149967607459824,0.0003882573266034,0.0076157026303905,0.0039446263658712,-0.0031290961420793,-0.0069340247325052,-0.0007562752442836,0,0,0
34,38,2044.0,0.0005504592609613,0.0112132846780226,-0.0006827944629908,0.0067487941591936,0.0009383917716869,-0.0041993381750165,-0.0009835063648285,-0.004365110690841,0,0,0
34,39,2045.0,0.0011735735193575,0.0134634923901105,0.0007228944748292,0.0062658729337716,0.0041598617381194,-0.0018790087569387,-0.0073755662352268,0.0010205441808158,0,0,0
34,40,2046.0,0.0011831008119356,0.0122026590188866,0.0010035046958466,0.0050972399479593,0.0043007105202222,-0.0007616804994058,-0.0076145658347778,0.0026192531129177,0,0,0
34,41,2047.0,0.0011522986779922,0.0154988571467334,0.0002480651367575,0.0081357551584415,0.0038439676454319,-0.0036729322410039,-0.0067497336320292,-0.0016007379485428,0,0,0
34,42,2048.0,0.001080710915372,0.0139300222288977,0.0003533633361528,0.0070911310352782,0.0036482362475612,-0.0029476145173255,-0.0063967200823097,-0.000813510475743,0,0,0
34,43,2049.0,0.0005875011814437,0.0111672998954304,-0.0005609360667447,0.0066539329255645,0.001224194698188,-0.0040575178715999,-0.0016076625917255,-0.0040767711426367,0,0,0
34,44,2050.0,0.0002914888528305,0.0171681897368688,-0.0026628531431303,0.0113922202770397,-0.0021999595363744,-0.0082530588040409,0.0058668767348094,-0.0102667973086745,0,0,0
34,45,2051.0,0.0019863981427126,0.0221853884696899,0.001357409877618,0.0100864987363035,0.0071766933193564,-0.0026562756397269,-0.0128460484660922,0.0026277250657006,0,0,0
34,46,2052.0,0.0011099026917843,0.0114309131525686,0.0009416329047924,0.0047117879512168,0.0039763147518711,-0.0006234280402202,-0.0069684434048059,0.0025742653408793,0,0,0
34,47,2053.0,0.0007198927264028,0.0142432157731134,-0.00080993938916,0.0086843762316486,0.0014152226347044,-0.005528454446079,-0.0017343034396185,-0.0059393350858787,0,0,0
34,48,2054.0,0.0009990832458133,0.0155533137123377,-0.0002351058043846,0.0087859639902032,0.0029033292158662,-0.0047956628491575,-0.0047629542202683,-0.0039133229341909,0,0,0
34,49,2055.0,0.0007808930768914,0.0157857989280882,-0.0009447330743124,0.009625946650298,0.0014512658013056,-0.0061217725364835,-0.0016970944550357,-0.0065484906773675,0,0,0
34,50,2056.0,0.0002973469975926,0.0159920783045429,-0.0024059492599137,0.0106419300148209,-0.0018304840489475,-0.0077373381838267,0.0050002977273389,-0.0096565533674692,0,0,0
34,51,2057.0,0.0003900224798933,0.0137042492735646,-0.0016831238411576,0.0090628269660395,-0.0006497095864981,-0.0065690113174521,0.0025199589814803,-0.0082734970064361,0,0,0
34,52,2058.0,0.0003889254840378,0.0133511165691567,-0.0016100523764069,0.0087841509211378,-0.0005703125884992,-0.0063098843609539,0.0022967775051653,-0.0078428581163912,0,0,0
34,53,2059.0,1.3700170644140583e-05,0.0147870652929664,-0.0029630646956121,0.010060667619679,-0.0034353316838567,-0.0074890215605871,0.0080059281081768,-0.009443309002863,0,0,0
34,54,2060.0,0.000288272377064,0.0119802005813652,-0.0016192529424473,0.0079329806964447,-0.0009357689593032,-0.0057436858315999,0.0029122188081673,-0.0071770063597343,0,0,0
34,55,2061.0,-9.337908207186963e-05,0.0133489657072843,-0.0029645581088411,0.0091196503771245,-0.0037835455366232,-0.006793310576878,0.0084820663154302,-0.0084934264843844,0,0,0
34,56,2062.0,7.714038948588598e-05,0.0175085070041729,-0.0033553469722797,0.0119501025019247,-0.0037208028481323,-0.0089716284617778,0.0089523487512855,-0.0115013809067679,0,0,0
34,57,2063.0,0.0005028501050003,0.0153782251721947,-0.0016918905239954,0.0100064028049046,-0.0002893838968778,-0.0070738398274374,0.001890824836174,-0.0086460923144174,0,0,0
34,58,2064.0,0.0006593427890201,0.0198083716391232,-0.002153738909172,0.0129393785086629,-0.0002985309498837,-0.0092117614439425,0.0023311520416325,-0.0113746898467039,0,0,0
35,0,2065.0,0.0010694567321572,0.0158416489290814,-8.312472083780837e-05,0.0088243928672063,0.0033129686391514,-0.0046693504724947,-0.0056224392373257,-0.0035484527488157,0,0,0
35,1,2066.0,0.0006465248027343,0.0131918686045058,-0.0008067863643413,0.0080985425012109,0.0012066319644045,-0.0052049531006034,-0.0014305183510382,-0.0056351055747547,0,0,0
35,2,2067.0,0.0007203146771007,0.0147473190388269,-0.0009130373732445,0.0090973040120812,0.0013349726065785,-0.0059021475794229,-0.0015476047473983,-0.0064893900220699,0,0,0
35,3,2068.0,0.0010365205631409,0.0167787374061011,-0.0003756094925239,0.0096409150697368,0.0029129296875851,-0.0054447644857743,-0.0047197523279657,-0.0047315499595467,0,0,0
35,4,2069.0,0.0009317568128191,0.0143247680105889,-0.0001804661006494,0.0080809833698921,0.0027720051677618,-0.0043904838192225,-0.0046118581199148,-0.0035291491355946,0,0,0
35,5,2070.0,0.0011212518184228,0.0145869691535048,0.0003411919584519,0.0075006828334522,0.003800054251534,-0.0032015081880255,-0.0066896227554302,-0.0010414649974762,0,0,0
35,6,2071.0,0.0015564068711683,0.0176498226277304,0.001005514848314,0.0081752334667186,0.0056026835621707,-0.0023778864137281,-0.0100249409848238,0.0015661150547165,0,0,0
35,7,2072.0,0.0008341727414279,0.009978165543682,0.0004320278471754,0.0048437316268994,0.0029450626826742,-0.0017165563897195,-0.0052460843751895,0.0001750904185352,0,0,0
35,8,2073.0,0.001021694441943,0.0138573613397166,0.0001801835292883,0.0072842765944438,0.0032799376326667,-0.0033732073110933,-0.00559618959293,-0.0017966721514962,0,0,0
35,9,2074.0,0.0019293879569339,0.016087794365114,0.0023566569581717,0.0048712071824388,0.0070365709448787,0.0017860291230551,-0.0121037369979325,0.0079697890049165,0,0,0
35,10,2075.0,0.0025377474328078,0.0112387681689367,0.0047573263596861,-0.0028076553978002,0.0079702634156919,0.0096931466894065,-0.0111886746534031,0.0168474586108573,0,1,1
35,11,2076.0,0.0032628389184622,0.0124746872410222,0.0063596496051037,-0.005364875952264,0.0096396593686968,0.0134315165031281,-0.0125843670904073,0.0214073238084675,0,1,1
35,12,2077.0,0.003298820630989,0.0093469528349556,0.0067525062271072,-0.0082263269797969,0.0084578308631785,0.014713470006985,-0.0091030748300274,0.0199103536973155,0,1,1
35,13,2078.0,0.0036456861347331,0.0064511395175936,0.0076452585160062,-0.0120778104834581,0.0072237409016921,0.016307546233804,-0.0047223461999825,0.0168902911957953,1,1,1
35,14,2079.0,0.0022134032193916,0.006623835076196,0.0044987249408717,-0.0052195933136394,0.0058197990045819,0.0097502003288792,-0.0065103141362775,0.0135276997168414,0,1,1
35,15,2080.0,0.0029237461928796,0.0078029277271315,0.0060147561437246,-0.0076721556552839,0.0072547240543796,0.0130871663729366,-0.0074436950991881,0.0170962173327287,0,1,1
35,16,2081.0,0.0048068773281659,0.0069871688140101,0.0101072245960469,-0.0170344606567302,0.0085126112992751,0.0211760413875467,-0.0037424249467512,0.0192439849650085,1,1,1
35,17,2082.0,0.0025139083351908,0.0067640187425561,0.0051146326736899,-0.0064656785684946,0.0060947559430067,0.0108834163244592,-0.0061605896663638,0.0138684818695252,0,1,1
35,18,2083.0,0.0043111426713753,0.0085024676414534,0.0090688664205747,-0.0137425322090041,0.0091842274123397,0.0196794782679433,-0.0070070387213143,0.0219129776211342,1,1,1
35,19,2084.0,0.0036771495645309,0.0070457567787363,0.0077280740084887,-0.0118401319712009,0.0076997222703611,0.0166981398369026,-0.0057244765478355,0.0183672548896486,1,1,1
35,20,2085.0,0.0054096935686631,0.0027933042061897,0.0104836735047416,-0.0206336910044928,0.0046560746717645,0.0171962275323083,0.0036462758615655,0.0055960082214674,1,1,1
35,21,2086.0,0.0060285490304063,0.0048672652707142,0.012364737877618,-0.0233620882185807,0.0074240203049352,0.0235249737499783,0.0017531737526499,0.0135845706144292,1,1,1
35,22,2087.0,0.0075757298244974,0.0002352279552678,0.0136849358640716,-0.0291175017305388,0.0025866974544055,0.0177085136427998,0.0104663236866163,-0.0052802169649183,1,1,1
35,23,2088.0,0.0075841533983338,-0.0015528617739298,0.0130378611059338,-0.0288819294419006,9.569560067278892e-05,0.0127115683649833,0.0128761844354574,-0.0137734755503064,1,1,1
35,24,2089.0,0.0070591737542339,-0.0012800644932283,0.0123401866276587,-0.027297314268499,0.0002273033817961,0.0123977944633061,0.0122454745880296,-0.0128437351984971,1,1,1
35,25,2090.0,0.007553905653359,-0.0023558515120602,0.0125808005716004,-0.0283878267857165,-0.0012206899458936,0.0095457115293686,0.0133570501140874,-0.0173628539530804,1,1,1
35,26,2091.0,0.0064939460932641,-0.0029876240546413,0.0101268846113102,-0.0233922513343522,-0.0025024172718244,0.0042633595096723,0.0113104313124808,-0.0179032764317569,1,1,1
35,27,2092.0,0.0073941802414679,-0.0063693970442177,0.0088745253992232,-0.0220559848635061,-0.0070751295274581,-0.0082104031639461,0.0095210813093142,-0.0241089385434682,1,1,1
35,28,2093.0,0.0070528098411625,-0.0055559705523522,0.0088412803886357,-0.0215787544311005,-0.0057748924033966,-0.0050845607402685,0.0094491666668331,-0.0213336646176438,1,1,1
35,29,2094.0,0.0079965369226434,-0.0066813118936356,0.009767528906692,-0.0241260886143499,-0.0073000182849796,-0.0078329309121789,0.0105202872352837,-0.0256156764975244,1,1,1
35,30,2095.0,0.0094144212905347,-0.0128115651659725,0.0053627200956015,-0.0159055248142071,-0.0132514035030711,-0.0294656793806536,-0.0027893824003343,-0.0092855614828722,1,2,2
35,31,2096.0,0.0085910071957926,-0.0102766320403946,0.0067470773279503,-0.0183567722510106,-0.0106814006543541,-0.0203498038337002,0.003405783365192,-0.0188931319927929,1,2,2
35,32,2097.0,0.0076964189574731,-0.0096586016007807,0.0052852384467528,-0.0147264366171968,-0.0095847446545162,-0.019472232363222,0.0007081874784171,-0.0115597328874722,1,2,2
35,33,2098.0,0.0075552871572909,-0.0078700218834567,0.0056226274493846,-0.013954656984151,-0.0039732468032204,-0.004865093940272,0.0025354218134268,-0.0042278586630327,1,1,1
35,34,2099.0,0.0073631106673878,-0.0102045040526981,0.0037136213317268,-0.0112124244740135,-0.0095903595184198,-0.0214814178236987,-0.0024575628814891,-0.0054091241592274,1,2,2
35,35,2100.0,0.0078558277509486,-0.0102618832494153,0.003705872726815,-0.0103817602851426,-0.0052089829681617,-0.008869791513255,0.0024905403549926,-0.0090942712554511,1,2,2
35,36,2101.0,0.0100300478617464,-0.0155757457706212,0.0027103168920365,-0.0102524769415173,-0.0141823641437292,-0.0358346543472059,-0.0111885801501005,0.0094982663240501,2,2,2
35,37,2102.0,0.0095577873572907,-0.0160840750786059,-0.000168501738986,-0.0028593682723809,-0.0086136394506603,-0.0226988071290252,-0.0082324121216025,0.0091205185712956,2,2,2
35,38,2103.0,0.0106733517403364,-0.0166442304313876,0.0029015854264417,-0.0110692757854585,-0.0158788620225323,-0.0406037325677927,-0.0135907616310671,0.0133054449556801,2,2,2
35,39,2104.0,0.0113738789386515,-0.0195219194104286,-0.0004420122973097,-0.0032436648281491,-0.013199312671631,-0.0372525536789582,-0.0195179533540121,0.0358880532398682,2,2,2
35,40,2105.0,0.0110142116469126,-0.0198935531780467,-0.002446251472135,0.0017921024615564,-0.0103382712181156,-0.0316766265608878,-0.0215012658615391,0.0482222843842701,2,2,2
35,41,2106.0,0.0119986088168225,-0.020847160650709,-0.000919883437772,-0.0023567165968247,-0.0136241855366861,-0.0390463443686572,-0.0214081379172437,0.0403684057329804,2,2,2
35,42,2107.0,0.008900819857827,-0.0180370176213588,-0.0070436219657195,0.0147376990616711,0.005308463277095,0.0113748019483191,0.0029501682031698,-0.0042709997471351,2,2,2
35,43,2108.0,0.0102457107054407,-0.0198813847179985,-0.0061799041120587,0.012124356039567,0.0025025088526653,0.004278431716823,0.0001816429853877,0.0003229189154014,2,2,2
35,44,2109.0,0.0089424801643046,-0.0182704573847127,-0.0074479942383653,0.0157711838574606,0.0062490893093922,0.0138369912606248,0.0041165047610275,-0.0064363032520494,2,2,2
35,45,2110.0,0.0089572686101027,-0.0183518650222799,-0.0075774510815963,0.016094916398985,0.0065028579509397,0.0144731533612644,0.0043762845051711,-0.0068880417202487,2,2,2
35,46,2111.0,0.0089484231046342,-0.0183022854150555,-0.0074916335961803,0.0158757519020747,0.0063056660730532,0.0139599353881433,0.0041419028804374,-0.0064741591683955,2,2,2
35,47,2112.0,0.0125613956117555,-0.0246230852879806,-0.0078977737881218,0.0155171543875579,0.0026551944702769,0.0034975672926872,-0.0014544408376337,0.0036738007882441,2,2,2
35,48,2113.0,0.008949783873098,-0.0183097639757548,-0.0075034250021754,0.0159051691076424,0.0063283081988079,0.014016357465783,0.0041644236856473,-0.0065129025298461,2,2,2
35,49,2114.0,0.0089601529614864,-0.0183677545600964,-0.0076028055475421,0.0161583735780492,0.0065528809924845,0.0145987591047566,0.0044278924481655,-0.0069780984492497,2,2,2
35,50,2115.0,0.0089610907902257,-0.0183730064882668,-0.0076118629200408,0.0161814868513244,0.0065736049676643,0.0146526778119761,0.004452583276659,-0.0070220199070244,2,2,2
35,51,2116.0,0.008961905223625,-0.0183775783609013,-0.0076198408422728,0.0162019077271318,0.0065923143109431,0.0147016724162584,0.0044755560473172,-0.0070633511059217,2,2,2
35,52,2117.0,0.0089605646172109,-0.0183702448140078,-0.0076086376180376,0.0161742588799903,0.0065733842370836,0.0146569607269278,0.0044626914702529,-0.0070474757197391,2,2,2
35,53,2118.0,0.0089591530902785,-0.0183625064063737,-0.0075966800675913,0.0161446535420915,0.006552548487681,0.0146072100278617,0.0044474402377979,-0.0070273302418754,2,2,2
35,54,2119.0,0.0089436668168944,-0.0182776699849049,-0.0074660214074682,0.0158214039147562,0.0063259843462823,0.014066639393891,0.0042816710543124,-0.0068075662652203,2,2,2
35,55,2120.0,0.0071836940459737,-0.0137792526996767,-0.004014893881141,0.0077360318946918,0.0014990624403543,0.0027508021671247,0.0008495739278991,-0.0020949203290712,2,2,2
35,56,2121.0,0.0089256059601693,-0.0182403625543509,-0.0074500460413387,0.0157871811245409,0.0063114372376302,0.0140338605439019,0.0042714055526512,-0.0067911818343413,2,2,2
35,57,2122.0,0.0089158868535369,-0.0182733429212532,-0.007558870966635,0.0160638267864699,0.0065185237045781,0.0145306355111973,0.0044233922527828,-0.0069886799695362,2,2,2
35,58,2123.0,0.0086680469360396,-0.0177684307690649,-0.0073553401683557,0.0156337158434163,0.0063482146226571,0.0141515221207865,0.0043052083426099,-0.0067953823569849,2,2,2
36,0,2124.0,0.0007894292608852,0.0157211608851024,-0.0009072852957609,0.0096143139150167,0.0015530680237238,-0.0061422126556602,-0.0019218681954564,-0.0066060440142512,0,0,0
36,1,2125.0,0.0014995588149481,0.0191641227003794,0.0005174096699389,0.0097090806578225,0.0050518188903736,-0.0040074320001644,-0.0088129364135786,-0.0011138846902142,0,0,0
36,2,2126.0,0.0008718479488907,0.0185058020777964,-0.0012463879544655,0.0115683911664058,0.0014855960190282,-0.0076829052415631,-0.0015291346746388,-0.0087349417414584,0,0,0
36,3,2127.0,0.000766706096938,0.014518135393999,-0.0007268472662336,0.0088173438651276,0.0016937983841282,-0.0055669535040628,-0.002310038163104,-0.0058957152337129,0,0,0
36,4,2128.0,0.0011521171982411,0.0135687068079447,0.0006325734505822,0.0064208592475279,0.0039846949159746,-0.0020913206723406,-0.0069722525053805,0.0005920702385268,0,0,0
36,5,2129.0,0.0005649035868808,0.0149030694003391,-0.0014165527877945,0.0095538927071035,0.0002069820510402,-0.0066181319546735,0.0008804936703144,-0.0079398750170586,0,0,0
36,6,2130.0,0.0010238117485499,0.0194487727536521,-0.000980508371792,0.0117887920893238,0.0022445476383537,-0.007408935712991,-0.0030609353520183,-0.0077726526596211,0,0,0
36,7,2131.0,0.0007530011161309,0.0109146417325674,-4.593362583420412e-06,0.0060005885760626,0.0023857272085717,-0.0030631114029114,-0.0041002365995494,-0.0020953291881071,0,0,0
36,8,2132.0,0.0012726800220195,0.0183105410120528,1.8129213060436595e-05,0.010014123334965,0.0040286032098798,-0.0050606735961042,-0.006899608632545,-0.0033989188813331,0,0,0
36,9,2133.0,0.0007864465773834,0.0136818990353296,-0.0004853425923099,0.0080825535520071,0.002022605669235,-0.0048312568652292,-0.0031188712426906,-0.0046622805226356,0,0,0
36,10,2134.0,0.0011090177026867,0.0157656713828582,5.630629639829896e-05,0.0085619716442318,0.0035445681679621,-0.0042497220966558,-0.0061051927836003,-0.0026958559174815,0,0,0
36,11,2135.0,0.0012114880234148,0.0150991637979166,0.0005084455973285,0.0075395076085628,0.0042186336800351,-0.0029220375371419,-0.0075124150027119,-0.0002830255674594,0,0,0
36,12,2136.0,0.00139908032132,0.0155703321655066,0.000958784554402,0.0070249828849944,0.0049846006224938,-0.0018097107060577,-0.0088095874250463,0.0018346591257596,0,0,0
36,13,2137.0,0.0008276328686741,0.015645334747826,-0.0007758538716116,0.0094807954811065,0.0018428217600312,-0.005955291443627,-0.0025495809685791,-0.0062447944841358,0,0,0
36,14,2138.0,0.0006914781187536,0.0147531170538386,-0.0010025150850983,0.0091967333768099,0.0011482149175573,-0.0060774913509957,-0.0011499779755956,-0.0068587531230316,0,0,0
36,15,2139.0,0.0001421583015967,0.0124736894125962,-0.0021354882468,0.0084060494483007,-0.0020382812075896,-0.0062126038295772,0.0051222017888685,-0.0078686388406694,0,0,0
36,16,2140.0,0.0006505281555592,0.0192609055691827,-0.0020695047457978,0.012596788921519,-0.0002231167732191,-0.0089919079089858,0.0021452905813046,-0.0111571826460907,0,0,0
36,17,2141.0,0.0003375835266951,0.0117736160810322,-0.0014321202263852,0.0077406689681102,-0.0005292652055144,-0.0055569759134443,0.0020659161345838,-0.0069127678722054,0,0,0
36,18,2142.0,0.0005849355503044,0.012042837519082,-0.0007523483601411,0.0073579866990381,0.0010321437170907,-0.0046957742978793,-0.0011420067908417,-0.0050461907495396,0,0,0
36,19,2143.0,0.0009761325062922,0.0131650757079135,0.000198099929102,0.0068609740272462,0.0031798972671054,-0.0030603548435446,-0.0054992125650193,-0.0013147509892098,0,0,0
36,20,2144.0,0.0006939026205425,0.0130767616922173,-0.0006426906655785,0.0079160336155833,0.0015479248039594,-0.0049646253079345,-0.0021383262873417,-0.0051981220208674,0,0,0
36,21,2145.0,0.0006459523139102,0.0136783968153122,-0.0009111900629706,0.0085186705453991,0.0011232732404769,-0.0056078027443638,-0.0012241889957036,-0.0062665972006367,0,0,0
36,22,2146.0,0.000736555067181,0.0141292980159783,-0.0007357823070232,0.0086347020109302,0.0016085848728098,-0.0055063219023809,-0.0021804055929249,-0.0059017390950329,0,0,0
36,23,2147.0,0.0006695344309273,0.0131039522015197,-0.0007218233297835,0.0079639090416271,0.0013550273469518,-0.0050353057282076,-0.0017198160039499,-0.0053428718888038,0,0,0
36,24,2148.0,0.0011311166121692,0.0209148824356404,-0.0009624337613057,0.0125838500686866,0.0026105939472898,-0.0078045327888251,-0.0037102223894492,-0.0080336680017161,0,0,0
36,25,2149.0,0.0008444435260963,0.0119287826221542,5.4739184492599846e-05,0.0064190584130782,0.0026597575852393,-0.0031342494284918,-0.0045168606928338,-0.0019454852074687,0,0,0
36,26,2150.0,0.0010596035491608,0.0102978825009337,0.0010150844738391,0.003919788343169,0.0037803300253022,-6.971673257735694e-05,-0.0065388342715514,0.00310623013719,0,0,0
36,27,2151.0,0.0007048248252021,0.0174605416436172,-0.0015141228603622,0.010979863485774,0.0005586141656566,-0.0073609919543823,0.0002607624999154,-0.0084571480677404,0,0,0
36,28,2152.0,0.0013168066677409,0.0161618162411842,0.0005891202093189,0.0079361396116998,0.0044981469911845,-0.0029718771145552,-0.0078599483169426,-0.0002042521068648,0,0,0
36,29,2153.0,0.0008463162270853,0.0181237929073292,-0.0012444660736583,0.011348772306528,0.0013978629738735,-0.007560069772638,-0.0013693196882876,-0.0086320377153018,0,0,0
36,30,2154.0,0.0006939620768978,0.0139081070621775,-0.0008178429639321,0.0085871220741856,0.001382775137741,-0.0055750769562264,-0.0017286441923643,-0.0061268151357148,0,0,0
36,31,2155.0,0.0009416414702044,0.0188692840572643,-0.0011126212938613,0.0116521174815491,0.0018565996763775,-0.0075799366533349,-0.0022733771108237,-0.0083840611110255,0,0,0
36,32,2156.0,0.0013853235975283,0.0173017296446916,0.0005613412870644,0.0086162398886273,0.0047188426008949,-0.003366733025771,-0.0082642753938248,-0.0005205639965017,0,0,0
36,33,2157.0,0.0008335405937914,0.0102694482361957,0.0003607997753386,0.0050287784547723,0.0027980795174201,-0.0018826111027328,-0.0048327647865518,-0.0001658576119761,0,0,0
36,34,2158.0,0.0015963152963171,0.0137912399668549,0.0018671827924545,0.0044698366907724,0.0058644118370102,0.0011229008725246,-0.0101776193131552,0.0062528100104667,0,0,0
36,35,2159.0,0.002476848072946,0.0169849887505622,0.0036898787476495,0.0028432966235905,0.0088180826809906,0.0052432333656272,-0.0145007521815333,0.013497375138791,0,0,0
36,36,2160.0,0.0021999173621263,0.0104286244566882,0.004050178116539,-0.0018289781556014,0.0071726793686031,0.0081265020326235,-0.0104697707728525,0.0149209883838014,0,1,1
36,37,2161.0,0.0019032027190289,0.0078483520149504,0.0036276035245833,-0.0026117327144669,0.0057479306619658,0.0074857462638282,-0.0077278200903983,0.012327408377321,0,1,1
36,38,2162.0,0.0023062599419179,0.0078396955144812,0.004602029422029,-0.0046442052436422,0.006458807155005,0.0098811297861661,-0.0078738585698929,0.0147184571328225,0,1,1
36,39,2163.0,0.00243841515119,0.0110026916100861,0.0045393397236092,-0.0025109118557574,0.0076930554863865,0.0091752793451034,-0.0108661800940025,0.0160881094108289,0,1,1
36,40,2164.0,0.0016429800689093,0.0082837794226111,0.0029020220519176,-0.0008507449330444,0.0052793192035727,0.0054477826444965,-0.007743101845825,0.01011747444729,0,0,0
36,41,2165.0,0.0029515051844731,0.0100987116561593,0.0058375576502781,-0.0058086622076377,0.0081627332010969,0.0123379200529567,-0.009935401208645,0.0182376679628894,0,1,1
36,42,2166.0,0.0045259542791824,0.007737262879585,0.0094649962984621,-0.0151242920869973,0.0087335111708821,0.0200136186095698,-0.0054084652514265,0.0202153794278588,1,1,1
36,43,2167.0,0.0037334215814566,0.003698581526994,0.0076624408642137,-0.0140099621280688,0.0050713572800599,0.0148016132422364,1.4938240139396444e-05,0.0097683962853515,1,1,1
36,44,2168.0,0.0044851834324229,0.0054596499277255,0.0093069034052012,-0.016336576064912,0.0070385254002164,0.0187762981293563,-0.0018682985576878,0.0151191306622415,1,1,1
36,45,2169.0,0.0035339846500757,0.0037387876015986,0.0072894715865956,-0.0131774961916649,0.0050138274345038,0.014236708910163,-0.0004028361173412,0.0099414838883937,1,1,1
36,46,2170.0,0.0059705072060346,0.0016270623954802,0.0113721553938774,-0.0233600662098564,0.0036793329673398,0.0171847417532753,0.0067240472941268,0.0007413627007994,1,1,1
36,47,2171.0,0.0054400133548465,0.0022480327924937,0.0104803226047775,-0.0210175455157823,0.0040789705240341,0.0165116569748977,0.0047211394148032,0.0034098351746545,1,1,1
36,48,2172.0,0.0038034245636114,0.0019042454805313,0.0073180124997947,-0.0143910817107121,0.0033227911749248,0.0121325150663221,0.002334671959677,0.004537556247865,1,1,1
36,49,2173.0,0.005316967438789,0.0004507084492919,0.0097531776550241,-0.0206141440059305,0.0020378105023627,0.0128468446044955,0.0071122829450388,-0.003141478896443,1,1,1
36,50,2174.0,0.006325997907797,-0.0023896103794148,0.0100103800203392,-0.0227082627710295,-0.001455045266393,0.00622181855702,0.0101795292415462,-0.0138970901731216,1,1,1
36,51,2175.0,0.0053608211129552,-0.0029658539301218,0.0073661210039711,-0.0170262336063576,-0.0022627297420334,0.0012783581888343,0.0065186499438072,-0.0105553231344786,1,1,1
36,52,2176.0,0.0091169818136559,-0.0097153817881114,0.0087206392574064,-0.0227566221803724,-0.0107206011535111,-0.0181586279145257,0.0066087148571886,-0.0242366872219321,1,2,2
36,53,2177.0,0.0060784573792447,-0.0067819580655491,0.0053990670813898,-0.0142907007276733,-0.0073147471662053,-0.0130928150532145,0.0034188125578878,-0.0145369205954346,1,2,2
36,54,2178.0,0.0098147211125419,-0.0114474332937482,0.0082964473262336,-0.022402096988405,-0.0128952755998522,-0.0245344636369985,0.0042253312193942,-0.0232169199943153,1,2,2
36,55,2179.0,0.0115434905907043,-0.0147903769971932,0.0080061751628232,-0.0226781415185004,-0.016037344623255,-0.0333665002132623,0.0010781598987197,-0.0217438660408356,1,2,2
36,56,2180.0,0.0053289024597424,-0.0068679838013533,0.0030969340305567,-0.0086934909635407,-0.0052677094766074,-0.0102211911035283,0.0008562915609377,-0.0063207894428232,1,2,2
36,57,2181.0,0.011670684440241,-0.0191190135557809,0.0014536754655434,-0.0080219080175054,-0.0160765900874466,-0.0431371802724305,-0.0184050943972518,0.02680330212621,2,2,2
36,58,2182.0,0.0105064749451906,-0.0174741565706606,0.0007853127680708,-0.0059521212524527,-0.0138972084078814,-0.0378575564841281,-0.0172119163499477,0.0269905704175102,2,2,2
37,0,2183.0,0.0008184860964069,0.0135788650093276,-0.0003671530137243,0.0078986253546528,0.0022416009981828,-0.004577294001067,-0.0035754031268193,-0.0041826894974703,0,0,0
37,1,2184.0,0.0014702236904745,0.0217544928471891,-0.0001025954836327,0.0120968299178437,0.0045856283141901,-0.0063447675339146,-0.0078283760435579,-0.0046616507203075,0,0,0
37,2,2185.0,0.001260707641123,0.0224017430921737,-0.0008840635038377,0.0133562025580157,0.0031174625991842,-0.008147620619298,-0.0046392025991206,-0.0081853756057848,0,0,0
37,3,2186.0,0.0010755390769149,0.0140858007720266,0.0003062014912659,0.0072761030308944,0.0036230736867132,-0.0031556030636637,-0.0063584506888739,-0.0011500185004715,0,0,0
37,4,2187.0,0.0007250051159535,0.0159892400512808,-0.0011564563847401,0.0099983235411977,0.0010828515894542,-0.0066367905962124,-0.0009281974692163,-0.0075216330315196,0,0,0
37,5,2188.0,0.0005324363322823,0.0083921264787422,-0.0001460467106718,0.0047507483532909,0.0015226177507573,-0.0026035206944652,-0.0024822837201309,-0.0021383515948554,0,0,0
37,6,2189.0,0.0010331460489812,0.0135853923365061,0.0002848923553313,0.0070396295342376,0.0034874906865955,-0.0030714712430347,-0.0061386438375538,-0.0011369073393613,0,0,0
37,7,2190.0,0.0015512789480834,0.019779843440627,0.0005561666325376,0.0100818838633778,0.0053579253730188,-0.00418638941164,-0.009520882878352,-0.0010893844354712,0,0,0
37,8,2191.0,0.0008431667556627,0.0163685224692495,-0.0008829153063563,0.01001992433939,0.001789352588539,-0.0064112281330652,-0.0023651751349508,-0.0069116286038952,0,0,0
37,9,2192.0,0.000663638480082,0.0149401842337485,-0.001128770471588,0.0094260825876923,0.000911588004553,-0.0063590662897482,-0.0006129880281649,-0.0073790222499331,0,0,0
37,10,2193.0,0.0009285961426295,0.0125761511501273,0.0001748138716606,0.0065997658259559,0.0030201874719063,-0.0030095473564839,-0.0052065646160185,-0.00144754801311,0,0,0
37,11,2194.0,0.0008436153345133,0.0134599101686549,-0.000269984477474,0.0076804470295375,0.0023707253899888,-0.0042979616801755,-0.0038119696877593,-0.0037181956204379,0,0,0
37,12,2195.0,0.00123633049007,0.0145195137388335,0.0006839854085522,0.0068884403136158,0.004287296023172,-0.0022827598449629,-0.0075020831412821,0.0005085514491478,0,0,0
37,13,2196.0,0.0016949283195565,0.0138791176134825,0.0021223425410012,0.0040463998557548,0.006203288307251,0.001798903692006,-0.0106728267394749,0.0073570641127978,0,0,0
37,14,2197.0,0.0015446098650691,0.0094983378825718,0.002453777062221,0.0007603561686754,0.0052059129254145,0.0039391662282427,-0.008102146247708,0.0085705683789228,0,0,0
37,15,2198.0,0.0014773340287915,0.0140775826232441,0.0014554394832141,0.005326016621782,0.0052925134144515,-0.0001200276731356,-0.0091575698047623,0.0040405070136559,0,0,0
37,16,2199.0,0.0017861563926647,0.0135480893344587,0.0024108582919144,0.0032650511565917,0.0063667615801533,0.0026621030850301,-0.0106391098360093,0.0083137443479688,0,0,0
37,17,2200.0,0.0037740779082563,0.0121246325228318,0.007646754120012,-0.0082979135593204,0.0104091669453559,0.0167324330508237,-0.0122587114569897,0.0243911240946492,0,1,1
37,18,2201.0,0.0019437819853165,0.0074090846957004,0.0037234506410968,-0.0031474511496039,0.0054689248862957,0.0076171578162106,-0.0068455473079406,0.0115692697616036,0,1,1
37,19,2202.0,0.0051038114091141,0.0067924992652294,0.0106909836759708,-0.0184401552708509,0.0085040929009143,0.0220276923826774,-0.0028396515590515,0.0186210171246772,1,1,1
37,20,2203.0,0.0036819416186134,0.0054118144016971,0.0076467288904061,-0.0127867239845067,0.0064285100353872,0.0157405926136703,-0.00303063562564,0.0144018849815192,1,1,1
37,21,2204.0,0.0039966420746863,0.0108172800952386,0.0082647546759304,-0.0104610013230853,0.0101335522176427,0.0181952882455846,-0.0105970649709079,0.0242391184870014,0,1,1
37,22,2205.0,0.003421600691595,0.0115357304561446,0.0068530072140871,-0.0070108501482573,0.0095777931316334,0.0148127614784509,-0.0115956592768327,0.0220167242569087,0,1,1
37,23,2206.0,0.0035229791907927,0.0102447572831712,0.007220910272083,-0.0086102367785119,0.0092530052515519,0.0158342001397811,-0.0102529051641988,0.0219389957904993,0,1,1
37,24,2207.0,0.0046475159156625,0.0050735237604706,0.0096399723547368,-0.0173477216748501,0.0067941832205149,0.0191287274692076,-0.0007069995929192,0.0137423106222994,1,1,1
37,25,2208.0,0.0039069639572314,0.0055141474905309,0.0080300422020504,-0.013518957250422,0.0066066779068535,0.016321980756086,-0.0029976413343993,0.0147392982480566,1,1,1
37,26,2209.0,0.0062609777903542,5.362525294672669e-05,0.0104830029399427,-0.0219554472520337,0.0023173709424143,0.0133215841556502,0.0060521823439305,-0.0003724307082681,1,1,1
37,27,2210.0,0.0060812040311584,0.0058879634908491,0.0125756672593319,-0.0231117230308767,0.0083769025418113,0.0246834075839809,9.077994716539092e-05,0.0166489781264316,1,1,1
37,28,2211.0,0.0036218233288887,0.0023241095842682,0.007265892428473,-0.0140778660627159,0.0037844137886693,0.0130130563814348,0.0019577381957929,0.0058745299095416,1,1,1
37,29,2212.0,0.0086011510135637,0.0012452735324254,0.0162838171616881,-0.0342323846427786,0.0041882507312591,0.0235180325685598,0.0119489781082606,-0.0033304280979613,1,1,1
37,30,2213.0,0.0046828746685398,0.0007335884630698,0.0087734531711886,-0.0183589313528798,0.0022764639615587,0.0124384711431694,0.0060059802333598,-0.001323571677161,1,1,1
37,31,2214.0,0.0070305295923326,0.0024054583068696,0.0138390049755022,-0.0282503685892624,0.00518198874671,0.0226531647291322,0.0079496952822006,0.0031431594426888,1,1,1
37,32,2215.0,0.0049226286464759,0.0003755768432538,0.0086826976694923,-0.0181549002635389,0.0021953657946064,0.0119226624227432,0.0053457627465801,-0.0001853741448554,1,1,1
37,33,2216.0,0.0077271579327969,-0.0003307415608722,0.0140228582314698,-0.0303365784041443,0.0018624000149977,0.0172040758258277,0.0123516785112631,-0.008925550863864,1,1,1
37,34,2217.0,0.0068062537648028,-0.0002549294180639,0.0123172289955106,-0.0265996994530192,0.0016943283445649,0.0151411322675964,0.0106677378850214,-0.0075375631654575,1,1,1
37,35,2218.0,0.0084742896420579,0.0009818006835146,0.0160606782112987,-0.0339661717909869,0.0038459999914713,0.0229215215515775,0.0124491190654882,-0.0045546157617829,1,1,1
37,36,2219.0,0.0077051311452031,-0.0006287574565974,0.0138243195994646,-0.0300963538354814,0.0013077338539272,0.0158283586836583,0.0125838423733159,-0.010740771213578,1,1,1
37,37,2220.0,0.0073913388600819,-0.002529180326134,0.0120917122697067,-0.027378444475396,-0.0014567425940782,0.0084866222759208,0.0128299306408353,-0.0172239735910517,1,1,1
37,38,2221.0,0.0073240312558866,-0.0005502918085414,0.0130894013400513,-0.0284205468471642,0.0013956894740799,0.0152148467578195,0.0115300998624833,-0.0090514391127187,1,1,1
37,39,2222.0,0.0052308207285074,0.0002883952345461,0.0089534897240021,-0.0187363335422432,0.0016514100331056,0.0103159174692609,0.0050045373587622,-0.0014698997727843,1,1,1
37,40,2223.0,0.0085303586695693,-0.005409951104806,0.0121435229889494,-0.0289195619449659,-0.005592997174473,-0.0009099808074543,0.0142689971847594,-0.0280951001261324,1,1,1
37,41,2224.0,0.0063436503144767,-0.0030902101061758,0.0095164260054466,-0.0219776962837765,-0.0025330420145349,0.0032517587159579,0.009976583932868,-0.0160441160701211,1,1,1
37,42,2225.0,0.0062663469659104,-0.0042786731346619,0.0082183353678898,-0.0195670730507503,-0.0040314733938014,-0.0018032523587347,0.0080846071938857,-0.0158518338325486,1,1,1
37,43,2226.0,0.0068978373308224,-0.0023349167590402,0.0113011241741466,-0.0255778841003184,-0.0013588402245216,0.0079096744016612,0.011948615782345,-0.0160310123229691,1,1,1
37,44,2227.0,0.0065164827189928,-0.0017457022244822,0.009862060570484,-0.0214899956308711,0.0004856570790665,0.0093682732786109,0.0070347849935436,-0.0046208253714094,1,1,1
37,45,2228.0,0.0084210749118012,-0.00566794018333,0.0115854074658101,-0.0277177677214395,-0.0056820238366059,-0.0017455257995436,0.0133642545667848,-0.0265879046944116,1,1,1
37,46,2229.0,0.0082834851563177,-0.0054835720108046,0.0113259281031692,-0.0269726667628057,-0.0052427374754744,-0.0011590360976596,0.0124744340888684,-0.0240226964322054,1,1,1
37,47,2230.0,0.0070107764163181,-0.0094757472474009,0.0037017527733987,-0.0108735857067863,-0.0083090933493373,-0.0179387896776357,-0.0013374957846241,-0.0054596871735937,1,2,2
37,48,2231.0,0.0087368341296175,-0.0098806745226177,0.0064148343719057,-0.0167136479141736,-0.0072291688254513,-0.0120951510069,0.0030031534596909,-0.0105205900793724,1,2,2
37,49,2232.0,0.0097881953925955,-0.0112263045204731,0.0084990932750509,-0.0227800846364309,-0.0125165097212683,-0.0231468594306369,0.0052268581470585,-0.024841645231764,1,2,2
37,50,2233.0,0.0092930896824885,-0.0120890500478179,0.0060815143673127,-0.0173688990028233,-0.0124195184098471,-0.0258302759244033,0.0009023861485192,-0.0170059693575491,1,2,2
37,51,2234.0,0.0079516854705159,-0.0103798471236653,0.0048162708602937,-0.0137302811552065,-0.0093732827369996,-0.0191707918472818,0.0006751590604979,-0.0114980968576745,1,2,2
37,52,2235.0,0.0091922716886487,-0.0153634707873865,-0.0011302000797024,0.000385866655162,-0.002918376785652,-0.0071752796618178,-0.0022515086243451,0.0035934657465246,2,2,2
37,53,2236.0,0.0100141640448691,-0.0164123198820171,0.0011086801651843,-0.0064568362611819,-0.0130804450694871,-0.0349973989363264,-0.0147792959137134,0.0214131759942461,2,2,2
37,54,2237.0,0.0113364608303199,-0.0165893893484699,0.0047879347061313,-0.015536834004587,-0.0163664985000056,-0.0388107667271903,-0.0075201439055384,-0.0029699689140692,1,2,2
37,55,2238.0,0.0096317253354627,-0.0166649132312221,-0.0013451135595691,0.0001775038489545,-0.0059581004201354,-0.0161014322708426,-0.0065321751135169,0.0098209887172439,2,2,2
37,56,2239.0,0.0113071130293777,-0.0197899401035798,-0.0012667503655335,-0.0011685866457009,-0.0118931556034407,-0.0344947827194306,-0.0198416476732126,0.0395325859630649,2,2,2
37,57,2240.0,0.0124996238629694,-0.0239657177750216,-0.0064939591537274,0.011867344994449,-0.0010782193119971,-0.006725057912365,-0.0076879444698247,0.0187766269887731,2,2,2
37,58,2241.0,0.0099710502532297,-0.0176924552309235,-0.0015655414653203,3.333337484699226e-05,-0.0101678761398083,-0.0301642706026403,-0.0186475697992535,0.0391644691708274,2,2,2
38,0,2242.0,0.0004226234649842,0.0158134581831714,-0.0020125816645415,0.0104537475774131,-0.0009097253151243,-0.0075682092736926,0.0031846304662398,-0.0095160018607492,0,0,0
38,1,2243.0,0.0001412450014685,0.0094368603141679,-0.0015196093672565,0.0063323580085503,-0.0013118930388545,-0.0046569640122648,0.0034215438295469,-0.0058794414906388,0,0,0
38,2,2244.0,0.0001717657387026,0.0136258320949231,-0.0022993032129084,0.0092369172647109,-0.0021526250904497,-0.0069042198439357,0.0055501409175542,-0.0088976927951519,0,0,0
38,3,2245.0,5.138244498360795e-05,0.0115419527499353,-0.0021918693050724,0.0077889488120923,-0.0023923385875002,-0.0057342786175464,0.0056414405774339,-0.0071521343101614,0,0,0
38,4,2246.0,0.0007399128534442,0.0169791206546976,-0.001313602374125,0.0106331441342445,0.0009376379403745,-0.0070670602270549,-0.0005616631074731,-0.0079977839234571,0,0,0
38,5,2247.0,9.060114858025394e-05,0.0150407633742661,-0.0027931952609685,0.0101763344274132,-0.0029530998583528,-0.0075375550749433,0.0070644960589603,-0.0095159047098886,0,0,0
38,6,2248.0,0.0002968400308238,0.0157248055765333,-0.0023735254045037,0.0105818955741485,-0.0018149230844776,-0.0078456226756271,0.0050918923823087,-0.0100665224184112,0,0,0
38,7,2249.0,0.0003538479307141,0.0124638823249338,-0.0015377187962132,0.0082566234917455,-0.0006150294556468,-0.0060017076499808,0.0023694974924158,-0.0075835042928123,0,0,0
38,8,2250.0,0.0006691414682292,0.0201653566862778,-0.0022055441644986,0.0132360369304197,-0.0003199255231353,-0.0095009569175714,0.0024490017319203,-0.0118658376566478,0,0,0
38,9,2251.0,0.0002625898748115,0.0118847331952097,-0.0016778399374492,0.007946764562673,-0.0010796037573619,-0.0058415097027386,0.0032198043967668,-0.0074405520729322,0,0,0
38,10,2252.0,0.0005160728397716,0.0170754661251056,-0.002005867488439,0.0112250603836176,-0.0005984697029436,-0.0080617343254778,0.0026869543616404,-0.0100433198206973,0,0,0
38,11,2253.0,0.0006224708712406,0.0167361507564278,-0.001626870607261,0.0108414476015636,0.0002101006145972,-0.0076247983224524,0.001009368859659,-0.0092980431470989,0,0,0
38,12,2254.0,0.000472761472105,0.0170734965667337,-0.0021228848630287,0.0111673953486929,-0.0009186316847342,-0.0079381943479893,0.0032845169859588,-0.0097123734241483,0,0,0
38,13,2255.0,0.0008522887813888,0.0149439359398134,-0.0005513876888504,0.0088169221452266,0.0021366836185936,-0.0052635175813673,-0.0032295674523987,-0.0050844240151669,0,0,0
38,14,2256.0,0.0009745852028684,0.0198455623351944,-0.0012141801464107,0.0122265463590135,0.0018211727461274,-0.0079162293861153,-0.0021219709111568,-0.00868259971555,0,0,0
38,15,2257.0,0.0010557692460052,0.0166659732015574,-0.0002937688521175,0.0095430834400156,0.0030940154035644,-0.0053446051648818,-0.0051247126021319,-0.0045573973939246,0,0,0
38,16,2258.0,0.000928963981713,0.0172020121044412,-0.0007955112906478,0.0103722189051664,0.0021524306920084,-0.0064530832783147,-0.0030720138117174,-0.0066609352084823,0,0,0
38,17,2259.0,0.0009360709650981,0.015540980563496,-0.0004233812921363,0.0090952378426418,0.002592738966587,-0.0053353840058092,-0.0041625447186932,-0.0049824532298493,0,0,0
38,18,2260.0,0.0006201427317391,0.0130158437731365,-0.0008552812648549,0.0080454912221801,0.0010435555281769,-0.0052519783692221,-0.0010583666237504,-0.0058515148050514,0,0,0
38,19,2261.0,0.0007560642780459,0.012120900417249,-0.0002499730323154,0.0069500757636505,0.0021525968330787,-0.0039089255707599,-0.0035105612289979,-0.0033691239703141,0,0,0
38,20,2262.0,0.0007000658025301,0.0149234268212861,-0.0010148852578978,0.0092515776659069,0.0011136134489897,-0.0060706184705952,-0.0010217856004087,-0.0068161569144698,0,0,0
38,21,2263.0,0.0010300872955431,0.0111208131372665,0.0007670917068327,0.0048521242055212,0.0036441058478356,-0.001059101232528,-0.0063743785062383,0.0016420243988875,0,0,0
38,22,2264.0,0.0018926091408798,0.0156379247884721,0.0023524246128522,0.0046561186452647,0.006980109829453,0.0019149295804312,-0.0120816502870481,0.0081861447044065,0,0,0
38,23,2265.0,0.0016699737046643,0.0153521286912704,0.0017789303095072,0.0055354817698879,0.0061534201784062,0.0004005829086621,-0.0108082013848419,0.0055950149615285,0,0,0
38,24,2266.0,0.0011944012376912,0.0144485174528127,0.0005879270472605,0.0070693844360001,0.004206637877539,-0.0025677776708145,-0.0075007338470285,0.0001254048313791,0,0,0
38,25,2267.0,0.0016259701308576,0.0200627119211411,0.0007235860914862,0.0099855948017852,0.0057140775025343,-0.0038292200522029,-0.0102038681569295,-0.0002813662822579,0,0,0
38,26,2268.0,0.0012164146519306,0.0151677811857837,0.0005101176670981,0.0076307509417856,0.0042822819542219,-0.0030264635965263,-0.0076798565594572,-0.0004384842478582,0,0,0
38,27,2269.0,0.0009151936232633,0.0089012394357499,0.0008802977785002,0.0034760669137494,0.0033572178475663,-0.0001831305723914,-0.0059257687771408,0.0025343446747547,0,0,0
38,28,2270.0,0.0016860577576109,0.016015671590189,0.0016947482427428,0.0060457059942188,0.0061798731122635,-9.745871005875234e-06,-0.0108591845618686,0.005083011219398,0,0,0
38,29,2271.0,0.0010743353371013,0.0160431427669155,-0.0001105685483387,0.0089283515348158,0.0032713195163074,-0.0047146011703339,-0.0054897942756354,-0.0035753497433273,0,0,0
38,30,2272.0,0.0012325641653297,0.0130227580012271,0.0009845341347686,0.0056166246565868,0.0044864455979429,-0.0010957303652335,-0.0079821059220365,0.0022991789641708,0,0,0
38,31,2273.0,0.0016672015936009,0.0170064960131442,0.0014476449169404,0.0070316760283848,0.0060619041010973,-0.0009661453907116,-0.0107036606325743,0.003759311568817,0,0,0
38,32,2274.0,0.0012476252002946,0.0192508370156428,-0.000254712724647,0.0109248573214128,0.0037425759591915,-0.0060049139983451,-0.0062675358474349,-0.0049313647386542,0,0,0
38,33,2275.0,0.0009509464814675,0.0164453380291881,-0.0005706548221072,0.0097241395916485,0.0024572156165201,-0.0058342485275429,-0.0037689159388247,-0.0056958696933005,0,0,0
38,34,2276.0,0.0010182531774366,0.0205184132550185,-0.0012237807422847,0.0126746515350286,0.0019942199775689,-0.0082405926258666,-0.0024464992365868,-0.0090848760886705,0,0,0
38,35,2277.0,0.0006420783876496,0.011429285596879,-0.0004526554303437,0.0067878660215724,0.0015736626156737,-0.0041077484850903,-0.0023375207718994,-0.0040666427366435,0,0,0
38,36,2278.0,0.0009335381315885,0.0172815867323293,-0.000801399461773,0.0104521897613563,0.002168606295816,-0.0065487498458151,-0.0030847620403031,-0.0068551234780791,0,0,0
38,37,2279.0,0.0007795101485891,0.0173094277433565,-0.0012765643897161,0.010875779357648,0.0011103598076835,-0.0072969378640014,-0.0008156503767561,-0.0084278325561311,0,0,0
38,38,2280.0,0.000764736031541,0.0147486970925184,-0.0007800541126321,0.0090185067552521,0.0016512774947017,-0.0057610160312788,-0.0022220289438291,-0.0061993240101766,0,0,0
38,39,2281.0,0.0008937544298232,0.0205728654937218,-0.0016087888314643,0.0129977155368089,0.0011371586873278,-0.0087798428765956,-0.0006397819033084,-0.0101857058514258,0,0,0
38,40,2282.0,-4.805363199184444e-05,0.0161125843246267,-0.0033796121603569,0.0108963651671035,-0.0040745893294118,-0.0080037896295974,0.0091641705098601,-0.0098668519111271,0,0,0
38,41,2283.0,0.0003679126832859,0.013712116621308,-0.0017425669261775,0.0090321590603084,-0.0008070366735407,-0.0064929395467852,0.0027963920821105,-0.0080604578809112,0,0,0
38,42,2284.0,0.0011283471601497,0.0211074657488385,-0.0010054711361198,0.0127090344038148,0.0025654871137534,-0.0078790377153996,-0.0036436364504648,-0.008071540481063,0,0,0
38,43,2285.0,-6.046843159404221e-05,0.0271855835711274,-0.0056941085927505,0.0185621062535366,-0.0069189029449657,-0.0138690786463176,0.0159247074477616,-0.0175142446108804,0,0,0
38,44,2286.0,0.0002113597999174,0.0214852416237425,-0.0037813269937371,0.0145529935314831,-0.0037549312849712,-0.0108290235816943,0.0093506375966348,-0.0138006529102141,0,0,0
38,45,2287.0,0.0001695059820074,0.0116325395220974,-0.0018874671765851,0.007806264045796,-0.001657784856389,-0.0057386209254669,0.0043051502619576,-0.00723152418343,0,0,0
38,46,2288.0,-0.0002675574158956,0.0158957167177077,-0.0039442920889043,0.0108544903327809,-0.0054666414023026,-0.0080146509641591,0.0117564999449147,-0.0097734642596731,0,0,0
38,47,2289.0,-0.0008631107547569,0.0212167710865363,-0.0065964246782002,0.014452299863931,-0.0103749828979129,-0.0104209655271825,0.0209609348921543,-0.0118751001022866,0,0,0
38,48,2290.0,-9.22844231774324e-05,0.0139976722943665,-0.0030861939053784,0.009520430859908,-0.0039136141110867,-0.0070376092224161,0.008735646577113,-0.008697248172601,0,0,0
38,49,2291.0,6.893470725669039e-05,0.011802669432965,-0.0022012899292026,0.0079893973899098,-0.0023489172145741,-0.0059160986583024,0.0056166392159251,-0.0074442704492628,0,0,0
38,50,2292.0,0.0001112402770915,0.011055979825008,-0.0019412962598832,0.0075155594335843,-0.0019121131716773,-0.0056296316274471,0.0047922910277222,-0.0072524200948057,0,0,0
38,51,2293.0,0.0003826277098329,0.0168250087921664,-0.0023506838994478,0.0112706066373903,-0.0014733051617439,-0.0083159950181242,0.0044928726633791,-0.0106571739445255,0,0,0
38,52,2294.0,0.0004994082927693,0.0153286599616487,-0.0016971211962106,0.010022568948767,-0.0003022492778967,-0.0071429619620648,0.001941710101098,-0.0088259484303909,0,0,0
38,53,2295.0,0.0006172746358017,0.013630011120967,-0.0009916455144498,0.008562427708513,0.0009216509519091,-0.0057314634044773,-0.0007685551908171,-0.0065769305852033,0,0,0
38,54,2296.0,0.0003632287107676,0.0124699639275713,-0.001510075544657,0.0082451989657358,-0.0005439575486647,-0.0059777284709101,0.0022123247253861,-0.0075357386163222,0,0,0
38,55,2297.0,0.000824089169842,0.020436160576009,-0.0017913959692425,0.0130820312734509,0.0007028313500882,-0.0090286799280591,0.0002704614070282,-0.0107626355841699,0,0,0
38,56,2298.0,5.548596001107991e-05,0.0124053215223599,-0.0023513837217879,0.0083749744203197,-0.00254486545994,-0.0061700745641761,0.0059863709619792,-0.0077095380717683,0,0,0
38,57,2299.0,0.0006966120569917,0.0193129575487657,-0.0019379067323449,0.012500609921772,8.222993464491268e-05,-0.0087768621680953,0.001482919481912,-0.0106716936409609,0,0,0
38,58,2300.0,0.000413453533045,0.0121675713597828,-0.0013005286271769,0.0079475465056896,-0.0001318224528036,-0.0056629248877562,0.0013448564547043,-0.0070138740725327,0,0,0
39,0,2301.0,0.0001433723373452,0.0169192471257068,-0.003046938467066,0.011482877079199,-0.0031339501847647,-0.0085641131858187,0.0077402645624174,-0.0109256555729955,0,0,0
39,1,2302.0,0.0001780959162674,0.0150264082720155,-0.0025625872160147,0.0101817260707386,-0.0024281057698875,-0.0075982504927154,0.0061899276392677,-0.0097607038873119,0,0,0
39,2,2303.0,0.0001297464012103,0.0129361881738963,-0.0022726275260071,0.0087683984990163,-0.002257462554716,-0.0065375268223095,0.0056501649676263,-0.0083641741115317,0,0,0
39,3,2304.0,0.0002500535113301,0.0121788974170223,-0.0017778287290855,0.0081760398762437,-0.001250455185953,-0.0060432855545238,0.003610163650434,-0.0077369574152562,0,0,0
39,4,2305.0,0.0004928245944757,0.0136205088568671,-0.0013590738539414,0.0087901992299864,7.187846434416467e-05,-0.0061386041534675,0.0009973344447759,-0.007404771941383,0,0,0
39,5,2306.0,0.0001388931202182,0.0170289674607599,-0.0030623706456506,0.0114983746725849,-0.0031132118438207,-0.0085005716545395,0.007573845015289,-0.0107231217663108,0,0,0
39,6,2307.0,0.0002323101387391,0.0115308548838097,-0.001690998659601,0.0077373231495642,-0.0011899881368221,-0.0057132057993961,0.0033987737078655,-0.0073063969854637,0,0,0
39,7,2308.0,0.0005611477470356,0.0161918738985086,-0.0016933537078755,0.0105405491975978,-8.006943273460976e-05,-0.0074653387676175,0.0015530391231891,-0.0091677294163556,0,0,0
39,8,2309.0,0.000589896078765,0.0142523318775439,-0.0012027919305463,0.0090692445945942,0.0005848888893991,-0.0062001800724087,-9.178286146850453e-06,-0.0073073051395512,0,0,0
39,9,2310.0,0.0005818084178258,0.0133055862610073,-0.0010283166946528,0.0083839750833703,0.0007566507380418,-0.0056365442673391,-0.0004612998129371,-0.0064936623837391,0,0,0
39,10,2311.0,0.0009353117335457,0.016785430253895,-0.0006890895909007,0.0100473159952329,0.0022943762618958,-0.0061678559426768,-0.0034092535507677,-0.0062403563404211,0,0,0
39,11,2312.0,0.001135633857017,0.020026164895844,-0.0007624801431523,0.0118655674199638,0.0028187416739689,-0.0071517842139165,-0.004211063757927,-0.0070439043871461,0,0,0
39,12,2313.0,0.0004271717569171,0.0126262269431449,-0.0013518952178764,0.0082156696868037,-0.0001537008225331,-0.005814658292959,0.0014125038938627,-0.0071315539139678,0,0,0
39,13,2314.0,0.0008147054934796,0.0184553113920796,-0.001406509973903,0.0116350653874914,0.0010965694393261,-0.0078326787911418,-0.0007145192745187,-0.0090485823499599,0,0,0
39,14,2315.0,0.0006419362928523,0.0149979544859871,-0.0012045246029981,0.009515747025523,0.0007582307835976,-0.0064742115501526,-0.0002971585524217,-0.0075828180292718,0,0,0
39,15,2316.0,0.0005832806670573,0.0151465702439063,-0.0014104355406356,0.0097512140792389,0.0003277994718565,-0.0067884984666899,0.0006112656276873,-0.0081708115015109,0,0,0
39,16,2317.0,0.0009920211238286,0.0254440000993961,-0.0023397034810792,0.0163824012171493,0.0006095014157662,-0.0114206479109634,0.0009557934633176,-0.0137999713963838,0,0,0
39,17,2318.0,0.0005868129456564,0.017685612829402,-0.0019251560009234,0.0115046135421487,-0.0002943315266853,-0.0081418652050998,0.0021284264775286,-0.0099925359336522,0,0,0
39,18,2319.0,0.0005790400323319,0.0142456883406909,-0.0012378357887894,0.009112616231695,0.0005050770622438,-0.0062853309777891,0.0001818652676412,-0.0074936727025759,0,0,0
39,19,2320.0,0.0009384642553326,0.0205770379435978,-0.0014777800132555,0.0129206754543178,0.0014398895313601,-0.008642794636554,-0.0012628072530688,-0.0099098177035096,0,0,0
39,20,2321.0,0.0005486069334811,0.0139275566057546,-0.0012594349039961,0.0089078476569622,0.0003669730387009,-0.0061386810207751,0.0004293355098653,-0.0073001482463836,0,0,0
39,21,2322.0,0.000746799137279,0.0179941230210298,-0.0015166424891609,0.0114815785111042,0.0007514649165689,-0.0078867359249671,-1.8070012761300715e-05,-0.0093544171445738,0,0,0
39,22,2323.0,0.000176628688129,0.0181031639152888,-0.0031877140910135,0.0122588694841664,-0.0031619576249526,-0.0091177218959223,0.0078607564763479,-0.0116144355892814,0,0,0
39,23,2324.0,-4.3080921599950936e-05,0.0117077702934332,-0.0024887453041005,0.0079681818628689,-0.0030480272557146,-0.0059137787706959,0.0069036281530477,-0.0073896587167723,0,0,0
39,24,2325.0,0.0002816836809771,0.0119466394473562,-0.0016331611114752,0.0079290592673027,-0.0009755328591641,-0.0057611007244961,0.0029997999391353,-0.0072287752304789,0,0,0
39,25,2326.0,0.00053588868103,0.0162958309354785,-0.0017960899411318,0.0106990589036886,-0.0002920244596887,-0.007682643141078,0.0020448974591061,-0.0095981694150417,0,0,0
39,26,2327.0,0.0003116085488712,0.0188932254311573,-0.002968386739726,0.01266471458993,-0.0024736491630059,-0.0093152799161993,0.0066159563001904,-0.0117924423291814,0,0,0
39,27,2328.0,0.0004321576487134,0.0136375492140241,-0.0015504567690926,0.0089590615966394,-0.0003673220117937,-0.0064358044038765,0.0019654744738052,-0.0080341098046074,0,0,0
39,28,2329.0,0.0007910107697435,0.0186244873799453,-0.0015157908428482,0.0118420853972603,0.000898214389521,-0.0080892674180876,-0.0002682985559083,-0.0095318819533212,0,0,0
39,29,2330.0,0.0003641085019733,0.0153359000081241,-0.0020908700618186,0.0102087389037862,-0.0012231528563736,-0.0074553618733489,0.0038026143356156,-0.0094262612694611,0,0,0
39,30,2331.0,7.775052845642213e-05,0.0127844046449554,-0.0023753655766423,0.0086660359941135,-0.0025126687550689,-0.0064370678083696,0.0060244496163392,-0.0081522908827913,0,0,0
39,31,2332.0,0.0003053084066156,0.0120430704086861,-0.001581745206939,0.0079373643155418,-0.0008406087635021,-0.0057103984629166,0.002724037821176,-0.0070932648849577,0,0,0
39,32,2333.0,0.0003363357353098,0.0147280008495637,-0.0020400622329512,0.0098034201258087,-0.0012374636626519,-0.007154448383197,0.0037355849794627,-0.0090348379098215,0,0,0
39,33,2334.0,-0.0002216697159666,0.0207376402161902,-0.0047972308196188,0.0141319918434337,-0.00630225229688,-0.0104509315422784,0.0138167060061691,-0.0128789936930974,0,0,0
39,34,2335.0,-0.0006690400845099,0.0121694056054375,-0.0042010079711397,0.0081833744516777,-0.0068244889301792,-0.0057007354305593,0.0131894770530756,-0.0060360684048162,0,0,0
39,35,2336.0,-0.0008395059088739,0.0079378207910231,-0.0037661318587087,0.0052170779828483,-0.0067478399922989,-0.0033163894535107,0.012235307890385,-0.0026163101268495,0,0,0
39,36,2337.0,-0.0039626466566902,0.0167968452768699,-0.0132963359450717,0.0100318643158407,-0.025577312092077,-0.0042386983923233,0.0419740040608249,0.0024727613885014,0,0,0
39,37,2338.0,-0.0042073926953047,0.0132086690530985,-0.0129645702318199,0.0072423284084745,-0.0249912933612401,-0.0017554642064253,0.0388121032236568,0.0059386531403809,0,0,0
39,38,2339.0,-0.0048790806394445,0.010146246191468,-0.0136538174485901,0.0045439100322756,-0.0260905336370267,0.0010391841479424,0.0373369609693829,0.0102699935486748,2,0,3
39,39,2340.0,-0.0034250548253981,0.0050009412139001,-0.0087890770970304,0.0015453929062852,-0.0160028206599038,0.0018988640113114,0.0203672217841214,0.007605085778123,2,0,0
39,40,2341.0,-0.0100684787574992,0.0084466526790381,-0.0237569011465513,-0.000264544639475,-0.0414689068869237,0.0092065650751449,0.0453594515136391,0.0247271973325147,2,0,3
39,41,2342.0,-0.010501215142347,0.0064897824922777,-0.0235379080981782,-0.002028302671205,-0.0391096571491304,0.0103940246546363,0.0380967894550204,0.0241258267539142,2,0,3
39,42,2343.0,-0.0098423866078536,0.0068330743458813,-0.022463434197981,-0.0013330757183977,-0.0379800027696516,0.0094741942629758,0.0386438275037834,0.0230739886778126,2,0,3
39,43,2344.0,-0.0099126043593232,0.0036397380796864,-0.0204205225328863,-0.0037530575208216,-0.0303089761744086,0.0100371237443125,0.022044105501387,0.0180287068198058,2,0,3
39,44,2345.0,-0.0151549585229141,0.0024983048582133,-0.0285740293201971,-0.0078929434350942,-0.0365889639157318,0.0149813195223949,0.0146914616257743,0.0197445083156713,2,3,3
39,45,2346.0,-0.0212387431316226,0.0020277544117704,-0.0381754936122894,-0.0118766240298388,-0.0447605982561261,0.0199074530933017,0.0105057602403156,0.0219769375193177,2,3,3
39,46,2347.0,-0.0180955942181837,0.0009241664607615,-0.0312559331038074,-0.0104684076298796,-0.0339158047382515,0.0160449715018661,0.0029724673589445,0.0148435238351904,2,3,3
39,47,2348.0,-0.0190532220675848,0.0007592239743844,-0.0324999719702581,-0.0110910510571175,-0.0342267746157279,0.0164502487940433,0.0015964808618822,0.014330430548086,2,3,3
39,48,2349.0,-0.019014954689676,-0.0017707677952642,-0.0249696216812939,-0.0105274533711407,-0.013833854901333,0.0088449584829819,-0.0107405230484098,3.598703175792927e-05,2,3,3
39,49,2350.0,-0.0415522319681681,-0.0042135264964233,-0.059796593253814,-0.0261961075227049,-0.0351025967399358,0.0248606892960965,-0.0449782406386218,-0.0076371836064542,2,3,3
39,50,2351.0,-0.0353213709637314,-0.0049764343572078,-0.0462617332841093,-0.0218556105217588,-0.0152874284643661,0.0151361403295726,-0.0447918083054378,-0.017199412998582,2,3,3
39,51,2352.0,-0.044330470440029,-0.0076106174519377,-0.0524581008247021,-0.0264319649152814,-0.0033405908744665,0.0117509976217856,-0.0582009826812276,-0.0306832309013591,2,3,3
39,52,2353.0,-0.0357052672710848,-0.0062714191388314,-0.0414195833542901,-0.0210489243508672,-0.0007245212311779,0.0083934541102725,-0.0456049161577239,-0.0248548739020495,2,3,3
39,53,2354.0,-0.0503704913400942,-0.0096666477021475,-0.0535529954938691,-0.0282804783835709,0.0107646313941347,0.0053837845887337,-0.0564866243588407,-0.0358671443615385,2,3,3
39,54,2355.0,-0.0417924021626294,-0.0073711119013717,-0.0478726526376316,-0.0243280716705485,-0.0008709306568994,0.0096794624947279,-0.0522746197013915,-0.0283532826138992,2,3,3
39,55,2356.0,-0.0282380291212682,-0.0050611614091955,-0.0263605230844702,-0.0131362555808658,0.000598890698771,0.0034022931792768,-0.0145771140991007,-0.0060864414471192,2,3,3
39,56,2357.0,-0.0267269949837762,-0.0064746259172713,-0.0124763566285498,-0.0077249566171947,0.0101764670160268,-0.0022969755511062,-0.0078046947279018,-0.0055789168845767,2,3,0
39,57,2358.0,-0.0479347843336516,-0.0115540646315809,-0.034223525682251,-0.021333564467195,0.0471381493754114,-0.016806719707131,-0.0121639489836441,-0.0236867647057459,2,3,4
39,58,2359.0,-0.0493558672967383,-0.0126573863616764,-0.0290307517730325,-0.0196853977628258,0.0602528070478301,-0.0247592869414309,0.0061086560305172,-0.0159625859288988,2,3,4
40,0,2360.0,0.0014387250403177,0.019119353236526,0.0003506925940028,0.0099599747146846,0.0047899842903274,-0.0044317673317729,-0.0083594258606846,-0.0018698459227944,0,0,0
40,1,2361.0,0.0011689287701564,0.0158912327252127,0.0002119072123331,0.0083849994987944,0.0038388234002238,-0.0038618681498359,-0.0066789639329561,-0.0018875488963279,0,0,0
40,2,2362.0,0.0010102912134247,0.0110864253412024,0.0007196330623064,0.0049351431439654,0.0035907998622203,-0.0011997164284894,-0.0063208029446589,0.0014196724925812,0,0,0
40,3,2363.0,0.00074324677158,0.0116256719088514,-0.000186480551545,0.00657076149345,0.0021425141201298,-0.0035930426668662,-0.0035005651745121,-0.0029483376449525,0,0,0
40,4,2364.0,0.0007218803595155,0.014154023884836,-0.0007828696667787,0.0086381380357996,0.0014825774715262,-0.0054965071227946,-0.0019146844001594,-0.0058750683365432,0,0,0
40,5,2365.0,0.0011398818389352,0.0173293917932824,-0.0001801245432443,0.0096872390947646,0.0033965258828334,-0.0051621283269194,-0.0056423388174589,-0.0039892185264208,0,0,0
40,6,2366.0,0.0015648037774608,0.0170340584844353,0.0011520803211832,0.0075828554160763,0.0056740903074564,-0.0018025754100115,-0.0101130028404624,0.0023700397457933,0,0,0
40,7,2367.0,0.001891787896925,0.0177055529628415,0.0019678870096374,0.006548868883612,0.0070290728306042,0.0002690447589483,-0.0124464285966429,0.0062856259036452,0,0,0
40,8,2368.0,0.0022784994132026,0.0151068269159872,0.0034899968984601,0.0021173659412404,0.0080746680064732,0.0052758677928345,-0.0131586867886808,0.0129458032385661,0,0,0
40,9,2369.0,0.0019379965911365,0.0159809499131699,0.0024218034517471,0.0047364478294823,0.0071816746122041,0.0020228227030554,-0.0124631277934976,0.0085534466601452,0,0,0
40,10,2370.0,0.0016370413970527,0.0137471139601395,0.0019896976995776,0.0042208799100659,0.0060123682280823,0.0014757271847663,-0.0103918419604444,0.0068134580530872,0,0,0
40,11,2371.0,0.0011916096004809,0.011722978001332,0.0011215678542159,0.0046571447257562,0.0043823283486722,-0.0003603151345703,-0.0077635004424453,0.0031485211219708,0,0,0
40,12,2372.0,0.0015984827296747,0.0130973893376617,0.0019979870502965,0.0038256340732591,0.0058381246758977,0.0016734890006966,-0.010022565723102,0.0068558635113226,0,0,0
40,13,2373.0,0.0019163594716796,0.0161225441612231,0.0023363366098089,0.0049885752853332,0.0071260528658753,0.0017290518516774,-0.0124409130457546,0.0081569182404269,0,0,0
40,14,2374.0,0.0013620968730967,0.0120243471715986,0.0015281223842678,0.0040499709877818,0.0049206822625486,0.0006724312374853,-0.0084801411391953,0.0047758316549822,0,0,0
40,15,2375.0,0.0010390529702203,0.0095837141475561,0.0011056055717304,0.0034771995194122,0.003857362062003,0.0002380803426245,-0.0068129215525297,0.0035281025924437,0,0,0
40,16,2376.0,0.001276129484518,0.0120493046486035,0.0012984061118075,0.0044991171743397,0.0046776879654219,7.961038485499258e-05,-0.008202835944329,0.0039874492212833,0,0,0
40,17,2377.0,0.0020643740834926,0.0150557200394726,0.0029316511112147,0.0031934433200586,0.0074911271411683,0.0037557471824889,-0.0125835483090552,0.0108413176881856,0,0,0
40,18,2378.0,0.0012204080238695,0.0093381881731365,0.0016341324041783,0.0023000631930777,0.0043562760562348,0.0017708721032112,-0.0072872943857936,0.0056445036072604,0,0,0
40,19,2379.0,0.0019260956987875,0.0094197424601512,0.0034487783627686,-0.0012736123290008,0.0061318812778883,0.0065958133008636,-0.0088701956231998,0.011975623707144,0,0,0
40,20,2380.0,0.0012966704340384,0.0077396096956238,0.002073356051073,0.0004582700674537,0.0042540148879695,0.0033172975163109,-0.0065153071803305,0.0069220940897795,0,0,0
40,21,2381.0,0.0023958718900609,0.0063204665013105,0.0048433627004219,-0.0061950203498514,0.0056307989961972,0.0101281521839228,-0.0055236861390786,0.0125029935030127,0,1,1
40,22,2382.0,0.005091448024888,0.0146890374694841,0.0104339775953767,-0.0125380246881371,0.01325080389458,0.0228213478459856,-0.0144822005078549,0.0312565476801526,0,1,1
40,23,2383.0,0.003357491469746,0.0097635526877039,0.0068961329515322,-0.0082355002597184,0.0088465643862816,0.0151681624417309,-0.0097998178352743,0.0210392621788932,0,1,1
40,24,2384.0,0.002468351935993,0.0056016318001902,0.0050965591985026,-0.0071992134534002,0.0054800234506261,0.0108672150290297,-0.0047022089446402,0.0125868706558433,0,1,1
40,25,2385.0,0.0038523593573108,0.005694356128874,0.0080976719648637,-0.0135792185381869,0.0068805445175657,0.0169635754427031,-0.0031710323748812,0.0155755955447148,1,1,1
40,26,2386.0,0.0057017537020278,0.0068792229985969,0.0119613364448224,-0.0211202434956527,0.009059878551969,0.0245038576435013,-0.0020773273168807,0.0194970628048246,1,1,1
40,27,2387.0,0.0033779909473357,0.0045600458061392,0.0070700315934392,-0.0121318288179084,0.0056978491799759,0.0145814769724389,-0.0021308667837345,0.0126465251424888,1,1,1
40,28,2388.0,0.0067324646951184,0.0030863082895329,0.0133193091798215,-0.0266319957574464,0.0057341730395222,0.0225062727128309,0.006010340503659,0.0059723687208534,1,1,1
40,29,2389.0,0.0075958697479868,0.0042727011662729,0.0152718072594644,-0.0300653433030518,0.0073797043476004,0.026972007148371,0.0056249949218831,0.009809943056864,1,1,1
40,30,2390.0,0.0043495032773111,0.003347027157459,0.0088015354181851,-0.0167100836014844,0.0049799900729571,0.0160856201290401,0.001613136819499,0.0082114447444836,1,1,1
40,31,2391.0,0.0060796838292153,0.0024289331629202,0.0121817685589523,-0.02470345112356,0.0049700995794529,0.0207628898852123,0.006617734977891,0.0042338408009167,1,1,1
40,32,2392.0,0.0089686587081415,-0.0004542966297204,0.0163288106782228,-0.035419971799135,0.0019856232149498,0.0197759936243474,0.0147912469206203,-0.0114926534077922,1,1,1
40,33,2393.0,0.0088309764343861,-0.0023350469911294,0.0149194524936197,-0.0333971406488915,-0.0008081793988085,0.0126122777810207,0.0153932442887402,-0.018792682654535,1,1,1
40,34,2394.0,0.0055059540212045,0.0005971207845697,0.0100986197370921,-0.0212160370899528,0.0024125273964691,0.0138341233746914,0.0068793306990106,-0.0017364469449723,1,1,1
40,35,2395.0,0.0068535033416308,-0.0006706137003125,0.0120146033997377,-0.0260862448734541,0.0012515028963714,0.0138086531257208,0.0103909709520306,-0.0080111276911795,1,1,1
40,36,2396.0,0.0089871281127692,-0.0011732317320148,0.0159006925748591,-0.0348689087538567,0.0009824097302569,0.0172704965694814,0.0150367166858273,-0.0140378446132923,1,1,1
40,37,2397.0,0.0051099365384425,-0.0024093283738868,0.0078117943165283,-0.0180248401958209,-0.0019429276965356,0.0031066444821668,0.0083470722140228,-0.0130286851512195,1,1,1
40,38,2398.0,0.0085129483074739,-0.0075496838717299,0.0098899479253447,-0.0246738337954701,-0.0081882285868064,-0.0099967054066115,0.0102380324233898,-0.0264209630157922,1,1,1
40,39,2399.0,0.0094347534151539,-0.0080902164824591,0.0113701410152826,-0.0282332954089504,-0.0089388755936699,-0.0101451768850507,0.0123465499178906,-0.0308737022672979,1,1,1
40,40,2400.0,0.0074222448777861,-0.0086588597331054,0.0061640140324425,-0.0166147848454265,-0.0094282977112736,-0.0178824368224037,0.002923693138816,-0.0161038902740728,1,2,2
40,41,2401.0,0.0092723918667654,-0.0120431229970754,0.0062844401526351,-0.0179866471803461,-0.0134621251319136,-0.028785674318206,-0.000550541939543,-0.015007155055501,1,2,2
40,42,2402.0,0.0093966389738509,-0.0109098746030111,0.0079992892285599,-0.0215445016963109,-0.0121206752544207,-0.022686170738587,0.0046503893346346,-0.0232506665150867,1,2,2
40,43,2403.0,0.008897939002236,-0.0132840584403762,0.0027411303179113,-0.0093889859626333,-0.0098163016605865,-0.0228185088066127,-0.0040385358125479,-0.001691426844053,1,2,2
40,44,2404.0,0.0110023176998915,-0.0160248499214968,0.0048874175429006,-0.0157396029022791,-0.016718626132019,-0.0399665220126108,-0.0083364881544721,-0.0017388278040379,1,2,2
40,45,2405.0,0.0080150945906307,-0.0105724139690587,0.0031317257951979,-0.0088297579024166,-0.0044557160508043,-0.0082385328955443,-0.0004105965196895,0.0003906516266803,1,2,2
40,46,2406.0,0.0107458911693582,-0.0185392476253024,-0.0007370398360268,-0.0022061891489298,-0.0117009785131138,-0.0334021888514154,-0.0184021297335158,0.0356165649621186,2,2,2
40,47,2407.0,0.0084459303020757,-0.0146275321151971,-0.0008444155454332,-0.0009508637432078,-0.0077181708483853,-0.0216905765426195,-0.0108194864155608,0.0188447679200309,2,2,2
40,48,2408.0,0.0094816131689633,-0.0167779783230695,-0.0024557750358559,0.0032304210387057,-0.0023552403658404,-0.0062716443245189,-0.0014560532160713,0.0003171519182996,2,2,2
40,49,2409.0,0.0111674516770217,-0.0199128274789017,-0.0019606843948678,0.000551020079063,-0.0110850582136341,-0.0331637856372864,-0.0210366672085878,0.0450646116564296,2,2,2
40,50,2410.0,0.0105294027499184,-0.0186619534949819,-0.0018859104706391,0.0008395345906185,-0.008520194652651,-0.0247388559434883,-0.0135593203916335,0.0257566719290702,2,2,2
40,51,2411.0,0.010914253954584,-0.0200741625470655,-0.0040220882913849,0.0063826723416838,-0.0028246178324225,-0.0093679709772134,-0.0055939509198567,0.0102670410778857,2,2,2
40,52,2412.0,0.0128395651918306,-0.0230138692458797,-0.0033546198865676,0.0040278426918243,-0.0058962269675706,-0.017156121680915,-0.0083784072250031,0.0143559163381264,2,2,2
40,53,2413.0,0.0120814651960005,-0.0232967107087384,-0.0064265113898883,0.0117300548146962,-0.0018033439710203,-0.0094944249843452,-0.0114660612321225,0.0313730018215873,2,2,2
40,54,2414.0,0.0127355460689945,-0.0229799055617926,-0.0036403140853847,0.0047674324789187,-0.0053428193130169,-0.015835935201579,-0.007965498946079,0.013789371734754,2,2,2
40,55,2415.0,0.0089232540676302,-0.0181640437971067,-0.0072751141001454,0.0153370724937591,0.0059043288081026,0.0129739258881297,0.0037704304781777,-0.0058279100868583,2,2,2
40,56,2416.0,0.0089339099863719,-0.0182852392256476,-0.0075136487884455,0.0159403080059977,0.0063892474374194,0.0141877538209142,0.0042519046088355,-0.0066435083733551,2,2,2
40,57,2417.0,0.0088938917739692,-0.018151804684636,-0.0073617791114973,0.0155683469084768,0.0061147671199163,0.0135063346820844,0.0039859570255614,-0.0062041166563932,2,2,2
40,58,2418.0,0.0061375955016304,-0.0115947805959805,-0.0029349490607187,0.0052824280836646,-0.0003043341257504,-0.0021163378448816,-0.0020110302025501,0.0040806659700604,2,2,2
41,0,2419.0,0.0011861850058011,0.0125552279063329,0.0009445852660319,0.0054337156117517,0.0043308485493884,-0.0010793478231508,-0.0077223401510187,0.0021950591274747,0,0,0
41,1,2420.0,0.001151168793508,0.0132442385808338,0.0007045232564357,0.0062102499822477,0.0041168507159562,-0.0019109209730536,-0.0073452906025795,0.0009280606635242,0,0,0
41,2,2421.0,0.0010674577555511,0.013951144404445,0.0003084181948811,0.0071879975411985,0.0035854967257603,-0.0031013273655164,-0.0062780062216558,-0.0011116894620783,0,0,0
41,3,2422.0,0.0013818167527927,0.0131923599236883,0.0013738905088416,0.0050132431396315,0.0050489837444495,-6.90082363004706e-05,-0.0088558673878775,0.0040557742502476,0,0,0
41,4,2423.0,0.0010790174041228,0.0132461882639658,0.0004877970260423,0.0065399823274322,0.0037436382402788,-0.002468219034218,-0.0066173586255883,-0.0001505830296651,0,0,0
41,5,2424.0,0.0014292009614477,0.0123337115405535,0.0016752245403294,0.0039816125792644,0.0052471831123804,0.0010335263841332,-0.0090923931725736,0.0056429497380082,0,0,0
41,6,2425.0,0.0016695463522312,0.0142875158733548,0.0019810494798384,0.0045618490201245,0.006156002440097,0.0012769869214599,-0.0107006467304155,0.0066925452512623,0,0,0
41,7,2426.0,0.0021733563631526,0.0144278517042164,0.003309266389728,0.0020483088056657,0.0076309487222739,0.0049251595950379,-0.0123698788436579,0.0120199403696578,0,0,0
41,8,2427.0,0.0013199428069842,0.0099484872354124,0.0018128048287829,0.0023583117111476,0.0048068913749483,0.0020974663808518,-0.0081445786562164,0.0065372148678227,0,0,0
41,9,2428.0,0.0017638426293228,0.0148998682419479,0.0021265055524027,0.0046275586562664,0.0064764374199646,0.0015181480954017,-0.0112094284584644,0.0072613402828959,0,0,0
41,10,2429.0,0.0021903175919674,0.011647754411963,0.0038017833538387,-0.0006263910467823,0.0072281187281561,0.007039392499715,-0.0108418943770663,0.0136932941195906,0,0,0
41,11,2430.0,0.0019153283538778,0.010184159986119,0.0033208542432625,-0.0005357188664687,0.0063134091022185,0.0061169321865433,-0.0094725511747029,0.0118756794266694,0,0,0
41,12,2431.0,0.0018221704413517,0.0081609420109095,0.0033988868133504,-0.0019256003619662,0.0057313739634389,0.006875709488602,-0.0080733499734895,0.0119965900040233,0,1,0
41,13,2432.0,0.0033021182378654,0.0112785271936372,0.006638019031313,-0.0066894964412802,0.0094447451013143,0.0144894576843083,-0.0116791929679551,0.0220324780812714,0,1,1
41,14,2433.0,0.0030610114424448,0.0099651796739929,0.0062127536639743,-0.0066402025981906,0.0085924833854524,0.0136665594367835,-0.0103378178013342,0.0203099171282395,0,1,1
41,15,2434.0,0.0026573385684435,0.0059728052271669,0.0055591893360233,-0.0079127438272692,0.0060702803049615,0.0121363471421373,-0.0053336120435088,0.0144715131869073,0,1,1
41,16,2435.0,0.0026687000841973,0.0071625357632374,0.005481984508574,-0.0069654701814708,0.0066118316892484,0.0118869658544403,-0.0067730304436533,0.0154642185329595,0,1,1
41,17,2436.0,0.0042241668161641,0.0054285924951941,0.0087948581457618,-0.0152556518191981,0.0068705354914199,0.0179264357293996,-0.0022199981015824,0.0150140628142874,1,1,1
41,18,2437.0,0.0041398009364276,0.0049952235906747,0.0086614090652288,-0.015289073041168,0.0065057368986221,0.017590525090174,-0.0014437929484345,0.0137861231822914,1,1,1
41,19,2438.0,0.0053464267195868,0.0057809480971352,0.0111060185003472,-0.0200261986436556,0.0078086871744286,0.0220525082699949,-0.0008061015892535,0.0159105736097904,1,1,1
41,20,2439.0,0.003750326501504,0.0026990245103309,0.0074149221433814,-0.0141015977344026,0.0040442435295352,0.0131055471634702,0.0012787311922574,0.006586949620082,1,1,1
41,21,2440.0,0.0043472279151027,0.0055444745837894,0.0090818631869698,-0.0157946667233535,0.0070953146134723,0.0185917924347411,-0.0022620048147209,0.015602439658942,1,1,1
41,22,2441.0,0.0038516093905551,0.0039565903733703,0.0078124333412612,-0.0141129033170555,0.0052725946670863,0.0148673955034734,-0.0006300280828275,0.0105704006074861,1,1,1
41,23,2442.0,0.0046716776477284,0.0010421140885791,0.0087970202547689,-0.0181907497384765,0.0026127280479934,0.0128758789280672,0.0054259036010738,-0.0001347383387556,1,1,1
41,24,2443.0,0.0071580245972816,0.0014417871940619,0.0137603663557335,-0.0287077611809441,0.0040121743853848,0.020739216816168,0.0095732548186609,-0.0011477663033219,1,1,1
41,25,2444.0,0.0049202630336813,0.0020632644255501,0.009709237078432,-0.0195407719735364,0.0040261425446197,0.016291394282116,0.0047414390951527,0.0037795229392864,1,1,1
41,26,2445.0,0.0068188429414207,0.0001334284046823,0.0123060862600181,-0.0262299194981643,0.0023087370983281,0.0160045563474037,0.009555900583398,-0.0048060028275735,1,1,1
41,27,2446.0,0.0079632882272801,-0.00148447967711,0.0137586279230847,-0.0303831407792459,0.0003177946487464,0.0138065163613936,0.0132773214933504,-0.0135192007716852,1,1,1
41,28,2447.0,0.0100945793061474,-0.0057584623947434,0.0149927534744159,-0.0353264519581391,-0.0055909180615528,0.0022173122004233,0.0178607902220005,-0.0323251754074904,1,1,1
41,29,2448.0,0.0083934369508592,-0.0070666204827507,0.0102004887647577,-0.0252203014891337,-0.0076240655007083,-0.0080940556434066,0.0111458099644061,-0.0269298299932472,1,1,1
41,30,2449.0,0.007314151909605,-0.0038280956899382,0.0107045400213292,-0.0248059237649025,-0.0029136087065086,0.0036366356079601,0.0112796432254673,-0.0177751035493609,1,1,1
41,31,2450.0,0.0079204636757678,-0.007888607701004,0.0082291516108439,-0.0210602800592234,-0.0086024615794238,-0.0130170139920962,0.0074623706168943,-0.0228714840446845,1,1,1
41,32,2451.0,0.0094746560882511,-0.0117060004230478,0.007168672027514,-0.0198845149521615,-0.0129257101887323,-0.0259852005303696,0.0022227502645249,-0.019842862081052,1,2,2
41,33,2452.0,0.0109496758433392,-0.0158317895684715,0.0047969504956236,-0.0152886974146607,-0.015324209221486,-0.0359033146110877,-0.0064718388380816,-0.0034971221443817,1,2,2
41,34,2453.0,0.0091665689127276,-0.0119544768471269,0.0047530232743658,-0.0134302237532965,-0.008198190136772,-0.0162268829746172,0.0002438630684002,-0.0068707190865597,1,2,2
41,35,2454.0,0.011381323877224,-0.0168177538561986,0.0046747947213084,-0.0154328182382925,-0.0173768930330621,-0.0422317756414119,-0.0102217926701716,0.0024564757936884,1,2,2
41,36,2455.0,0.0116344097370136,-0.0203555137009796,-0.0011743489514442,-0.0016055120745022,-0.0130226463184554,-0.0378435722076716,-0.0220164488120414,0.0441543463474114,2,2,2
41,37,2456.0,0.0106977117913996,-0.0182618732568736,-0.0001250965361147,-0.0038251144934456,-0.0131851684987966,-0.0370030293261787,-0.0189375908649607,0.0337475656688107,2,2,2
41,38,2457.0,0.0117841286581224,-0.0201763774557803,-0.0003238908909876,-0.0037069415733143,-0.0138974275299455,-0.039004629464491,-0.0198465562666404,0.0351649745955652,2,2,2
41,39,2458.0,0.0123408731143413,-0.02355397552836,-0.0063342470705186,0.0116440155184866,-0.0002520983518626,-0.0037595832736811,-0.0046825963474729,0.0108940161932846,2,2,2
41,40,2459.0,0.0089174437072911,-0.0181284973527148,-0.0071875325847676,0.0150954537197445,0.0055605764404112,0.0119635359640507,0.0030415770787936,-0.0040128294670569,2,2,2
41,41,2460.0,0.011337429707985,-0.0216949352678028,-0.0055849458777075,0.0098272049490897,-0.0030000537745453,-0.0125324124631468,-0.0129175468630869,0.0341712771534347,2,2,2
41,42,2461.0,0.008942232268071,-0.0182664036127179,-0.0074182566635114,0.0156799125068756,0.006060992306135,0.013250682527997,0.0036191874711474,-0.0050822690539668,2,2,2
41,43,2462.0,0.008957362958993,-0.0183521473539418,-0.0075757519110649,0.0160890362511238,0.0064860314071299,0.0144178597178284,0.0043206223086369,-0.0067188367563248,2,2,2
41,44,2463.0,0.0089562989162257,-0.0183465090864345,-0.0075687538128756,0.0160730089942227,0.0064839969120425,0.0144233605911068,0.0043465233119753,-0.0068061156110841,2,2,2
41,45,2464.0,0.0089421919302486,-0.0182695932855965,-0.0074531905441132,0.0157891129330691,0.0062976936086132,0.0139921250326797,0.0042459444698766,-0.0067503618909303,2,2,2
41,46,2465.0,0.0133274958638319,-0.025626974877899,-0.0076149049473914,0.0147843192659394,0.0031498928285512,0.0060205312567015,0.0019859399392228,-0.0050581149087747,2,2,2
41,47,2466.0,0.0090948065649672,-0.0174542653314604,-0.0049146358327925,0.009226576364323,0.0004617576736974,-0.0010383581799455,-0.0025589526374882,0.006248169976509,2,2,2
41,48,2467.0,0.0089385958174113,-0.0182487239932688,-0.0074110181813683,0.0156773693102433,0.0061699567589748,0.0136356744979408,0.0040277853582547,-0.0062491955020169,2,2,2
41,49,2468.0,0.008934738831887,-0.0182288500831015,-0.0073911352649054,0.0156360656158098,0.0061929633178918,0.0137439318230946,0.0041686081458955,-0.006629359276249,2,2,2
41,50,2469.0,0.0132651016815799,-0.0249809230237369,-0.0064456607868627,0.0118877593200929,0.0011948264879633,0.0014362357858371,0.0006073587202237,-0.0027795522929677,2,2,2
41,51,2470.0,0.0089386816999558,-0.0182506134064282,-0.0074261283381868,0.0157237717261475,0.0062623306598521,0.0139178696968557,0.0042393177795521,-0.0067541670553933,2,2,2
41,52,2471.0,0.0089571297629803,-0.0183513255175735,-0.0075785811448289,0.0160991989286858,0.0065159960594292,0.0145150724726232,0.0044096939324036,-0.0069634663531514,2,2,2
41,53,2472.0,0.0089565683530039,-0.0183480162598518,-0.0075714822015925,0.0160801619961019,0.006492972083562,0.0144502816557254,0.0043705850115272,-0.0068799967094067,2,2,2
41,54,2473.0,0.0089460445996121,-0.0182889431810255,-0.0074684094228307,0.0158163215346552,0.0062508782502036,0.0138155355450712,0.004069211349088,-0.006324157547336,2,2,2
41,55,2474.0,0.0125480187333327,-0.0245487970398503,-0.0077744451461136,0.0152052820693162,0.0023901169429313,0.0028156289734674,-0.0017669387980947,0.0042797511648229,2,2,2
41,56,2475.0,0.0122350863581528,-0.0234117921041562,-0.0064232367984456,0.0119124971849547,7.174741641576609e-05,-0.0029072540342511,-0.0043139049764445,0.0103140676682814,2,2,2
41,57,2476.0,0.0118812463492705,-0.0230056286017955,-0.0066961096667514,0.01261592742893,0.0001062001539741,-0.0035102737102978,-0.0060731931850544,0.0156873160267441,2,2,2
41,58,2477.0,0.0083896194103479,-0.0162391899571675,-0.0049504221810102,0.009637172570322,0.0017420894389676,0.0026714960371647,-0.0003069451151107,0.0012425674013262,2,2,2
42,0,2478.0,0.0006282113194977,0.0141884363269605,-0.0010725582548571,0.0089302926094009,0.0008690917140444,-0.0059895824991242,-0.0006315859267827,-0.0068718152432115,0,0,0
42,1,2479.0,0.0003676640485147,0.0164955773850803,-0.002318974471911,0.0109999728490684,-0.0014903722880558,-0.0080502518499394,0.0044494716257091,-0.0101906275024982,0,0,0
42,2,2480.0,-0.0003649033196055,0.0144233020537083,-0.0038754956890476,0.0097488875964225,-0.0056103224778209,-0.0070220302355965,0.0115743820784485,-0.0081634571429764,0,0,0
42,3,2481.0,0.0007163908546558,0.0168612694219975,-0.00135016429209,0.0105548063184977,0.0008349788115683,-0.0069956132337,-0.0004259887131492,-0.007854552719865,0,0,0
42,4,2482.0,5.793834481479743e-05,0.0110385018849042,-0.0020673435205987,0.0074106227096,-0.0022244079624793,-0.0054073801635375,0.0052384384832446,-0.006654313535033,0,0,0
42,5,2483.0,-0.0007144967953716,0.0130822900168569,-0.0045387790771859,0.0088486020652537,-0.0074831934302468,-0.0062198484874156,0.0146923877119742,-0.0066306131079681,0,0,0
42,6,2484.0,-0.0018988271141358,0.0186910837985497,-0.0086980308755508,0.0123686688585101,-0.0155796531284849,-0.00800371881842,0.0285773732646798,-0.0066476301290545,0,0,0
42,7,2485.0,-0.0002704028545804,0.0108076683870801,-0.0029153756594188,0.0073765640286027,-0.0042580808160499,-0.0054073074737088,0.0089282011134496,-0.0064588751207704,0,0,0
42,8,2486.0,-0.0005579800647526,0.0092140501943926,-0.0033166233101743,0.006195180155992,-0.0054838166016371,-0.0042951167377757,0.0105454521392127,-0.004468828132418,0,0,0
42,9,2487.0,-0.0033118000728927,0.017547353866644,-0.0119687909375859,0.0109532914118417,-0.0229326957825246,-0.0056023400192263,0.0392112408855503,-0.0004368163721513,0,0,0
42,10,2488.0,-0.002675720018805,0.0131943881130908,-0.0094551258402889,0.0081545506892553,-0.0182188432817355,-0.0039825386949831,0.0308943546483647,0.0003459404080443,0,0,0
42,11,2489.0,-0.002699888267764,0.0079949813125442,-0.0082142943634221,0.0043106735337659,-0.0158898723946128,-0.0008694166875393,0.02455716701776,0.0041322065791674,0,0,0
42,12,2490.0,-0.0035507909926736,0.0146991895499611,-0.011852683117689,0.0087612323584193,-0.0228975716919918,-0.0036390175928533,0.0376471224781444,0.0024411851767542,0,0,0
42,13,2491.0,-0.0042606629949182,0.0089341051799359,-0.0117451683200987,0.0039728782183755,-0.0218533151331459,0.0007731490691038,0.0304038992438975,0.0080292450292776,2,0,3
42,14,2492.0,-0.0048843871792205,0.004992466705189,-0.011517772512827,0.0005590005188733,-0.0195243512460536,0.0036333608465632,0.0212927155387318,0.0100096802914553,2,0,3
42,15,2493.0,-0.0034928640840081,0.0044278104129806,-0.0084665343696277,0.0009882925184109,-0.0143879801303355,0.0022043880065072,0.0160699968013182,0.0068006326866074,2,0,0
42,16,2494.0,-0.0136266959148361,0.008479985743615,-0.0305237570057327,-0.0026118726416648,-0.0505290898653768,0.0134471222628193,0.0487434735855765,0.0309440001841686,2,0,3
42,17,2495.0,-0.0130446516394061,0.0056651176990016,-0.0275341833991341,-0.0043081739030968,-0.0423061089200042,0.0131958165443273,0.0339070287478152,0.0255558339371548,2,0,3
42,18,2496.0,-0.0066167338450776,0.0033007105659328,-0.0139779534528041,-0.0018304322580057,-0.0212936549311689,0.0062494720568119,0.0173736405545509,0.0120625488502944,2,0,3
42,19,2497.0,-0.016059829185551,0.0026346595563963,-0.0301589137862253,-0.0083402368458163,-0.0383761387386924,0.0157234118227281,0.0151790650360338,0.0205401194834789,2,3,3
42,20,2498.0,-0.0150013573322694,0.0028923703937271,-0.0287392186699764,-0.0075502667684492,-0.0378787385749901,0.0150374273553899,0.0173754975993527,0.0210166155900043,2,3,3
42,21,2499.0,-0.0188876592023156,0.0023015918048667,-0.0347139935887853,-0.0103404623437054,-0.0423638363221597,0.0182651149401113,0.0128079806714976,0.021785316345685,2,3,3
42,22,2500.0,-0.0195110258688039,0.0012217846737592,-0.0342932546278082,-0.0113029098244231,-0.0381480720025357,0.0178239297671609,0.0045446924921201,0.0172263442275979,2,3,3
42,23,2501.0,-0.0175062838407189,0.0002851843043814,-0.0293968453501106,-0.0104820479625881,-0.0292801434313371,0.0147559722529285,-0.0025744162797583,0.0105742349846919,2,3,3
42,24,2502.0,-0.0312407906094095,-0.002360257245499,-0.0468998602698012,-0.0196034572095702,-0.0329645765605067,0.0209032384716413,-0.0277205839742881,0.000272669778849,2,3,3
42,25,2503.0,-0.0210134785093713,-0.0025544919075471,-0.028355942192404,-0.0128363668137395,-0.0134271510174039,0.010598900602551,-0.0232992445831878,-0.0061921468866608,2,3,3
42,26,2504.0,-0.0432640969541978,-0.0067254054428837,-0.0542430947734242,-0.0263935642983662,-0.0116446403058109,0.015373970238009,-0.0560565603841916,-0.0250867856505402,2,3,3
42,27,2505.0,-0.0372006312278262,-0.0070166081631371,-0.0405013356752813,-0.021231420574674,0.0064063655210548,0.0049176516818679,-0.0435540699126647,-0.0269839713803373,2,3,3
42,28,2506.0,-0.0384626681859458,-0.0076789704034223,-0.0392085336891707,-0.0211415654616654,0.0129033807866713,0.0015521950889843,-0.0399235497601614,-0.0276192125330894,2,3,3
42,29,2507.0,-0.0500364575971467,-0.0124153914938265,-0.0330985012216406,-0.0213789622162565,0.0554121259402507,-0.0213588385524316,-0.0038665813197767,-0.0211106461233138,2,3,4
42,30,2508.0,-0.0516907088439154,-0.0107673908543411,-0.0492270293302779,-0.0271612921110291,0.0232289917305537,-0.0015005267018064,-0.0466720684661228,-0.0352893616290423,2,3,3
42,31,2509.0,-0.0310341037704291,-0.008306496009571,-0.0080687152995198,-0.0065325834384162,0.0202175444007338,-0.0079325628244209,0.0017507666310039,-0.0033084958914529,2,3,0
42,32,2510.0,-0.0486870920496127,-0.0127761039488513,-0.0251946202389556,-0.017854505009813,0.0610647212733372,-0.0260346450964188,0.0136730642753609,-0.0099612546200182,2,3,4
42,33,2511.0,-0.0457830676640887,-0.0134361668106044,-0.0043054398774834,-0.0074596073680488,0.0570272893125564,-0.0284135808575887,0.0498500524572492,0.0270368364256059,2,3,4
42,34,2512.0,-0.0563733091526141,-0.0160917786314134,-0.0130861045754474,-0.0132429198893305,0.0768893447809857,-0.037122634925439,0.0545925703585857,0.021546188470989,2,3,4
42,35,2513.0,-0.0514092663745638,-0.0142882731306019,-0.0170665865268391,-0.0145198717552451,0.0695606028897342,-0.0324050303366273,0.0385317378889267,0.0087432610769739,2,3,4
42,36,2514.0,-0.0308542340014569,-0.0087650026608166,-0.0018476166984908,-0.0036099567250371,0.0200357521773673,-0.0088186338224321,0.0079622947694117,0.0011670994896014,2,3,0
42,37,2515.0,-0.0562577669945051,-0.0160105781842467,-0.0134097174528437,-0.0133282256973342,0.0755902886989245,-0.0363140903448519,0.0520691034732271,0.0196708181719766,2,3,4
42,38,2516.0,-0.0497110548419771,-0.0155767980583558,0.0126985089999692,0.001043750561217,0.0437382947896782,-0.023824226772717,0.0576163475308379,0.0427279731804575,2,3,4
42,39,2517.0,-0.054093718526678,-0.0163414625151551,0.0026923429670179,-0.0047953850698704,0.0612940343951012,-0.0317029233658957,0.0648745222053902,0.0414439442709929,2,3,4
42,40,2518.0,-0.0292415181674344,-0.0085402265888227,0.0042752654731804,-5.122044336006605e-05,0.0107439149322116,-0.0051708882598556,0.0106379474291346,0.009047508978834,2,3,0
42,41,2519.0,-0.0516166767614452,-0.0166335239431304,0.0221662530886027,0.005951972923679,0.0325973205348099,-0.0190250390885774,0.0546085683909953,0.0453586292633055,2,3,4
42,42,2520.0,-0.0547192410325554,-0.0190150016061007,0.0512475365794287,0.0215567288237697,-0.0138817617439076,0.0036757105078064,0.0071718009277272,0.0100996331518974,2,3,0
42,43,2521.0,-0.0518136575959782,-0.0176248984083209,0.0405383203970781,0.0159698524973707,0.0023790431415629,-0.0044235169911122,0.0265233203809928,0.0264989081576921,2,3,4
42,44,2522.0,-0.0145100422712186,-0.0049209214707161,0.0115910115883193,0.0046738025395593,-0.0014044486026143,-2.271501799025581e-05,0.0032265686434083,0.0033735968113452,2,0,0
42,45,2523.0,-0.030123902270756,-0.0100682777324924,0.0227470658728704,0.0091930052902677,-0.0054596999848157,0.0017467511891601,-0.0012351346542956,-0.0010212249305293,2,3,0
42,46,2524.0,-0.0415458421987481,-0.0147845512597427,0.0462340313129906,0.0204429554418438,-0.0248270360198422,0.0100716491700351,-0.0128473069457316,-0.008154539175028,2,3,0
42,47,2525.0,-0.0416254427308684,-0.0148591778170304,0.047108169269179,0.0208955248652512,-0.0258547451479569,0.0105354629151412,-0.0135987181791103,-0.0086580735181571,2,3,0
42,48,2526.0,-0.0416341492630452,-0.0148686484767929,0.0472299196708882,0.0209594220075253,-0.0260157741304803,0.0106109512685814,-0.0137446036124485,-0.0087696132624227,2,3,0
42,49,2527.0,-0.0416395521921537,-0.0148737464994058,0.0472875517642986,0.0209889477150899,-0.0260783788930727,0.010638769169925,-0.0137891299874667,-0.0088007432994959,2,3,0
42,50,2528.0,-0.0416253938047172,-0.0148588445382946,0.0470900057665818,0.0208846234834833,-0.0258233923804964,0.0105241526095429,-0.0136361988049408,-0.0087317700411424,2,3,0
42,51,2529.0,-0.0186390357208417,-0.0065897096832287,0.0199269716474245,0.0087331457276795,-0.0100273931540608,0.0040223492447713,-0.0051754946226225,-0.0034702016365485,2,3,0
42,52,2530.0,-0.041561065298764,-0.0147973615853574,0.0462958609704221,0.0204645048771373,-0.024779650547606,0.0100536365607529,-0.0130214599988447,-0.0084801539643636,2,3,0
42,53,2531.0,-0.0207061107421668,-0.0070043444790347,0.0162326446875585,0.0065295076344909,-0.0029789976418815,0.000785722836991,-0.0010397575259403,-0.0020558946574972,2,3,0
42,54,2532.0,-0.0415732060355711,-0.0148091256424369,0.0464454780890057,0.0205432350833748,-0.0249695060007958,0.0101389078691712,-0.0131378304522016,-0.008536500729905,2,3,0
42,55,2533.0,-0.0416334101887081,-0.0148665806848164,0.0471864945580002,0.0209351523972115,-0.025941953302659,0.0105771885183623,-0.0137107801752903,-0.0087719981294954,2,3,0
42,56,2534.0,-0.0415550736096988,-0.0148418173180711,0.0471580840369858,0.0209282548923326,-0.0259776907735061,0.0105955746355024,-0.0137347219393113,-0.0087748075029591,2,3,0
42,57,2535.0,-0.0414432675362882,-0.0148050117766113,0.0470898505319476,0.0209034838915453,-0.0259892564280637,0.0106038419141932,-0.0137444641109801,-0.008768373015363,2,3,0
42,58,2536.0,-0.0402841559693696,-0.0143902672169974,0.0457606186727444,0.0203122944642837,-0.0252438678411165,0.0102982768825087,-0.0133393289046829,-0.0085049083160261,2,3,0
43,0,2537.0,0.0001664647545856,0.0147556319126372,-0.0025322348865887,0.0099556453717341,-0.0024219619184398,-0.0073646214202111,0.0060774204694163,-0.0093191373229884,0,0,0
43,1,2538.0,0.000585034735856,0.0140344569752923,-0.0011725816378288,0.0089123973451163,0.0005943036461876,-0.0060729504466934,-4.2928996432914864e-05,-0.0071254138470541,0,0,0
43,2,2539.0,0.000388990688896,0.0122345108893801,-0.0013832283739035,0.0080236286215787,-0.0003032335769492,-0.0057441367226492,0.0016753120377396,-0.0071322413267181,0,0,0
43,3,2540.0,0.0005559261224588,0.0138091440396712,-0.0012074850676797,0.0087915321086751,0.0004704301945031,-0.00600630763079,0.0001551249348716,-0.0070495713759493,0,0,0
43,4,2541.0,-5.883588277566563e-05,0.0095476732699343,-0.0020820749041984,0.0064409034991183,-0.002605462249099,-0.0046962166581862,0.0057545770554365,-0.0056929511103125,0,0,0
43,5,2542.0,-0.0003794293838563,0.0114642803008522,-0.0033397645525435,0.007807500000766,-0.0051068055260295,-0.005657928276135,0.0104990247216589,-0.006544307785556,0,0,0
43,6,2543.0,-7.769437341423826e-05,0.0093738150594156,-0.0021085715472315,0.0063863373141854,-0.0027101183475864,-0.004730659483438,0.0060040804269516,-0.0058626513843732,0,0,0
43,7,2544.0,7.138363029068343e-05,0.0126185652869487,-0.0023567582846493,0.008511349362788,-0.0025299339581784,-0.0062695363934583,0.006030276327383,-0.0078394580039446,0,0,0
43,8,2545.0,0.0006870920282749,0.0180193764001005,-0.0016926513534951,0.0115423200268884,0.0003283511996531,-0.0079664653464968,0.0008302035067938,-0.0094748432507594,0,0,0
43,9,2546.0,0.0002471524740803,0.0117499349694115,-0.0016947469761478,0.0078614212586226,-0.0011579654710919,-0.0057785007836762,0.0033603196808859,-0.0073441177691043,0,0,0
43,10,2547.0,0.000534567105794,0.0195439814943463,-0.0024683755546196,0.0129752629180428,-0.0010903433728422,-0.0094580031529614,0.0039527471111126,-0.0119787485163621,0,0,0
43,11,2548.0,0.0003276105723549,0.0148780447875597,-0.0021055859428398,0.0099351168226603,-0.0013805980076982,-0.0072866379227235,0.0041028748647795,-0.0092460919725831,0,0,0
43,12,2549.0,0.0005276037584189,0.0131071801588771,-0.0011456158277314,0.008323798622188,0.0004347179958141,-0.0056664638837234,0.000178717021934,-0.0066286173266404,0,0,0
43,13,2550.0,3.923576029240238e-06,0.0094809700997081,-0.0018951378240943,0.0064095040350651,-0.0021539446876081,-0.0047237203189049,0.0049174893478742,-0.0059003793625386,0,0,0
43,14,2551.0,0.0001693773652821,0.0133951129511351,-0.002252556837176,0.0090755550875694,-0.002075933397068,-0.0067730044280841,0.0053245979796188,-0.0087081695040896,0,0,0
43,15,2552.0,-2.3375862466293227e-05,0.0152664628785141,-0.0031669710822269,0.0104251940041907,-0.0038032084558374,-0.0077948342225471,0.0087754705524929,-0.0098643703448165,0,0,0
43,16,2553.0,0.0003239776227257,0.0153903689080713,-0.0022197310025925,0.0102947351223297,-0.0015201496218877,-0.0075647868001302,0.0044123626719071,-0.0096098801082955,0,0,0
43,17,2554.0,2.606266848403024e-05,0.0134853614792681,-0.0026642940013896,0.0091668596717773,-0.0030417447244455,-0.006818493500475,0.0071216341551401,-0.0085996245214839,0,0,0
43,18,2555.0,9.525077940496191e-05,0.0171617481841383,-0.0032255414372575,0.0116862547106707,-0.003474895079051,-0.0087490971588056,0.0083838113497625,-0.0112032642373491,0,0,0
43,19,2556.0,0.0007462290043887,0.022670074399672,-0.002485231183196,0.0147918324455134,-0.0003942579001043,-0.0105084837654053,0.0027550428712853,-0.0129375873978337,0,0,0
43,20,2557.0,0.0001924101887236,0.0128094902200377,-0.0020668761864346,0.0086301958646952,-0.0017900127641252,-0.0063894394310591,0.0047035500463637,-0.0081383426970013,0,0,0
43,21,2558.0,0.0003171398821791,0.0118135095231538,-0.0015050471799377,0.0078202283646774,-0.0006942004539511,-0.0056706327604969,0.0024346994520699,-0.0071285998362054,0,0,0
43,22,2559.0,0.0007344353503552,0.0180731563159956,-0.0015720800620234,0.0115825927260477,0.0006474057446357,-0.0080148561733789,0.0002201799638726,-0.0095996429841083,0,0,0
43,23,2560.0,0.0006216419665343,0.0147358206097151,-0.0012135915951078,0.0093941111999239,0.0006820954290195,-0.006445727236729,-0.0001424917526836,-0.0076406951681615,0,0,0
43,24,2561.0,0.0004471054106019,0.0118547942667408,-0.0011288002436162,0.0076093249776244,0.0001833231598405,-0.0052694594418926,0.0006156091302793,-0.0062925247282803,0,0,0
43,25,2562.0,0.000496412831034,0.0152117118139958,-0.0016798495053421,0.0099068092945713,-0.0003089001810299,-0.0070146178361634,0.0019400784236589,-0.0085910063837553,0,0,0
43,26,2563.0,0.0009309375563615,0.0153898029108199,-0.0004062227837085,0.0088867215980397,0.0025216864973605,-0.0050799323727847,-0.0039901759576524,-0.0045404681589197,0,0,0
43,27,2564.0,0.0008967419280221,0.0160842610446123,-0.0006530950115209,0.0095544947210157,0.0021866995924069,-0.0057710736752532,-0.003265281634579,-0.005664784456579,0,0,0
43,28,2565.0,0.0002336285852431,0.0139708921467833,-0.0021704196063214,0.0092686826381404,-0.0017746731945001,-0.0066987307270554,0.0046782188562475,-0.0082795452937882,0,0,0
43,29,2566.0,0.0009968606785997,0.0173210565582069,-0.0006103234644601,0.0101829896253391,0.002537317223039,-0.0060322269059115,-0.0038803520621884,-0.0057412450148502,0,0,0
43,30,2567.0,0.0011576837551773,0.0212392235821241,-0.0009511734820162,0.0127877760578721,0.0027270965131696,-0.0079387412873895,-0.0039294332176821,-0.0081801702742722,0,0,0
43,31,2568.0,0.0008664117879627,0.0193751751694056,-0.0014428792939421,0.0122266804618109,0.0012563796850262,-0.0082431876761087,-0.0009913421147086,-0.0095416273863934,0,0,0
43,32,2569.0,0.0007948450821998,0.02427008448288,-0.002684657982694,0.01593262839889,-0.0004630088492967,-0.0114407500639129,0.0031086670459773,-0.0142989328510261,0,0,0
43,33,2570.0,0.0004116033714894,0.0097114465962796,-0.0007912558167592,0.0061176177933046,0.0004310725480388,-0.0041198963056503,-5.342354595720048e-05,-0.0047765261689848,0,0,0
43,34,2571.0,0.0006110256815674,0.0104207380611257,-0.00033584949325,0.0060511953001799,0.0015520750863157,-0.0035116519757649,-0.0023484813970654,-0.0032550440861372,0,0,0
43,35,2572.0,0.0016769327718391,0.0178154814444264,0.0013157441894145,0.0077001471200194,0.0060511811920136,-0.001541828539686,-0.0107098312572567,0.0030208945033891,0,0,0
43,36,2573.0,0.0011731758501146,0.0121544353975172,0.0009701464635846,0.0051072930804999,0.0041881790011092,-0.0008723503765766,-0.0073297240467086,0.0022452187996607,0,0,0
43,37,2574.0,0.0014728568305868,0.0139916781860232,0.0014826024996079,0.0052922388656609,0.0054189915870578,-1.4646050546831293e-05,-0.0095469642859562,0.0044594685644657,0,0,0
43,38,2575.0,0.0013327172199063,0.0174305623901703,0.0003781432882999,0.0090077909750559,0.0044651871306154,-0.0039393268820483,-0.0077896431387729,-0.0015683421281752,0,0,0
43,39,2576.0,0.0010018126060455,0.0130853272469686,0.0002963154304484,0.0067324635814663,0.0033925823769569,-0.0028701152028035,-0.0059870304776223,-0.0009026742869442,0,0,0
43,40,2577.0,0.0011560435868516,0.0166291266709234,1.2358502474250868e-05,0.0090428243716928,0.0035942193635369,-0.0045294211300152,-0.0060717097742002,-0.0030187315815673,0,0,0
43,41,2578.0,0.0008038968241939,0.0115918383410234,5.61176218740369e-06,0.0063216045730889,0.002519202325233,-0.0031748309350048,-0.0042890254263212,-0.0020998383195969,0,0,0
43,42,2579.0,0.0011449869650485,0.0197417175900409,-0.000672345604687,0.0116848933211905,0.0030017441510627,-0.0070097271327452,-0.0046625487367734,-0.0068061377825058,0,0,0
43,43,2580.0,0.0011547272171315,0.0150208222991684,0.0003477939642523,0.0077091367486482,0.0038827533934676,-0.0032907064960867,-0.0068028952293949,-0.0011037447331641,0,0,0
43,44,2581.0,0.0017727311762289,0.0195290381646724,0.0012567592085611,0.0087802554175431,0.0063852030225383,-0.0022149406856903,-0.0113474519002139,0.0024216395037373,0,0,0
43,45,2582.0,0.0012749582228036,0.0142316347894822,0.0008556890784314,0.0064525490635641,0.0044959393928213,-0.0017493375843102,-0.0078872785966962,0.001390352353983,0,0,0
43,46,2583.0,0.002099982839756,0.0145776359964416,0.0030854297523937,0.0025758009691489,0.0074319736131625,0.0042550460460929,-0.0121941104163814,0.0111000437538434,0,0,0
43,47,2584.0,0.0015519149212211,0.0119546004119984,0.0020628307583509,0.0030002348276108,0.0055399577880112,0.0021794884685092,-0.0092737484318409,0.0070691164881481,0,0,0
43,48,2585.0,0.002633756363695,0.011786929458964,0.0049099061672149,-0.0028086832887419,0.0082408750306324,0.009950477010112,-0.0115197864517824,0.0172697976345904,0,1,1
43,49,2586.0,0.0014147404441334,0.0106261625427891,0.0019325426030797,0.002471628662248,0.0050397205408005,0.0022367265682711,-0.0083868163690288,0.0067683716531072,0,0,0
43,50,2587.0,0.0030595525049961,0.0125058498981054,0.0058860791580366,-0.0043398565515292,0.0093678219270744,0.0123315622636804,-0.0127150836852594,0.020546952647215,0,1,1
43,51,2588.0,0.0021422875320307,0.0107042652381581,0.0038621013167997,-0.0012692421767979,0.007108762213809,0.0075483609598178,-0.0106099221507596,0.014357451878344,0,1,0
43,52,2589.0,0.003614495735822,0.0122232430561571,0.0072748743008465,-0.0074261705287356,0.0102766272098304,0.015891801914705,-0.0126129172384922,0.0240172920480326,0,1,1
43,53,2590.0,0.0030067382871633,0.0062013671607415,0.0062568624692611,-0.0092638858429018,0.0064238588131869,0.0133649265382613,-0.005124637331964,0.0149757337131616,0,1,1
43,54,2591.0,0.0052858739369316,0.0106849808611771,0.0111468693830187,-0.0167217687521824,0.011517672540553,0.0244017128414475,-0.0091170909396931,0.0278092679868719,1,1,1
43,55,2592.0,0.0044872529702886,0.0092065831347069,0.0094673681645173,-0.0141153139115001,0.0098674509300105,0.0207649315719026,-0.0079292580473471,0.0238440929240447,1,1,1
43,56,2593.0,0.0038134958858797,0.0056887724502842,0.0079897146378173,-0.0133390652251398,0.0068273862682665,0.0166851672998049,-0.0033050567730666,0.0155112166419398,1,1,1
43,57,2594.0,0.0069395114784128,0.0061270576908626,0.0142933388161798,-0.0266750028555444,0.0089790281523702,0.0275515368859014,0.0012991727355663,0.0168098136266808,1,1,1
43,58,2595.0,0.0029755073695378,0.0076288283884273,0.0061566680689785,-0.0080896575755174,0.0072541630806997,0.0134294308864391,-0.0071986677971427,0.017172577966259,0,1,1
44,0,2596.0,0.0001888863035606,0.0075037484502929,-0.0009826600541084,0.0049201344504283,-0.0005090762496158,-0.003504997010453,0.0016185467765046,-0.0042900877793102,0,0,0
44,1,2597.0,0.000544731037026,0.0187443325130271,-0.0022716634199238,0.0123743061444044,-0.0008287242266254,-0.0089470985693297,0.0033349170873049,-0.0112343185544794,0,0,0
44,2,2598.0,0.0001370300829535,0.0194012739355795,-0.0035682865953369,0.0132060739729784,-0.0037477719104899,-0.0098896034231277,0.0091542910332943,-0.0126827830558203,0,0,0
44,3,2599.0,6.336703020745433e-05,0.0169803156894369,-0.0032814200222805,0.0115621036636559,-0.0036775391052984,-0.0086395592973589,0.0087751630444745,-0.010989218337472,0,0,0
44,4,2600.0,8.25323031501605e-05,0.0110444394552233,-0.0020190654207048,0.0075065683223332,-0.0021111613625199,-0.0056072571175386,0.0051690060007219,-0.0071610158240862,0,0,0
44,5,2601.0,0.0001466262627472,0.0093766661667716,-0.0014933922911933,0.0062957051754357,-0.0012622532627504,-0.004633813856509,0.0033215280135335,-0.0058531024435071,0,0,0
44,6,2602.0,-0.0002343917697792,0.0169012845305435,-0.0040675594669933,0.0115622466292549,-0.005532388363494,-0.0085852957612907,0.0120773651635561,-0.0105913286646865,0,0,0
44,7,2603.0,0.0003119630840009,0.0136658270440637,-0.0018946211235438,0.0090488917309157,-0.0011892003401353,-0.006544682070279,0.0035608815475256,-0.0081497710877663,0,0,0
44,8,2604.0,0.0002221092156425,0.0128770636072856,-0.0019841835566113,0.008590192173263,-0.0015720100142533,-0.0062642762815741,0.0041981681027216,-0.0078389328608952,0,0,0
44,9,2605.0,0.0001725327497616,0.0168387279642699,-0.0029351512203068,0.0113786566156279,-0.0028561253395842,-0.0084366937680064,0.0070953871199008,-0.0107149397429253,0,0,0
44,10,2606.0,5.0878706876436504e-05,0.0181177170253255,-0.0035479937602093,0.0123669184302433,-0.0040218636473275,-0.0092726640021965,0.0095501225392738,-0.0118428822645318,0,0,0
44,11,2607.0,-1.6692314218195485e-05,0.0124937531300272,-0.0025801585208043,0.0084973738341516,-0.0030879779092827,-0.0063096786658239,0.0070969280077359,-0.007903685007919,0,0,0
44,12,2608.0,9.700957596238414e-05,0.0117140069479842,-0.0020997616224939,0.0079018423506115,-0.0021184255269092,-0.0058313590518408,0.0051390205094977,-0.0073396635959047,0,0,0
44,13,2609.0,0.000200178815786,0.0104483014942592,-0.0015333636920984,0.0068902112246974,-0.0010647813089139,-0.0049388790500587,0.0028770145983983,-0.006076088674628,0,0,0
44,14,2610.0,5.281107946137258e-05,0.0135749680378377,-0.0026081491221308,0.0092075341674379,-0.0028918888604006,-0.0068350718006346,0.0068534079313856,-0.0086184463703626,0,0,0
44,15,2611.0,-0.000354424811647,0.0182701578973917,-0.004670683820481,0.0125116088014316,-0.0066282859633386,-0.009264144372104,0.0142226551206382,-0.0112976892917142,0,0,0
44,16,2612.0,6.767113709199482e-05,0.011641637421614,-0.0021764886649754,0.0079030802131909,-0.0023321236627636,-0.005885739553561,0.0056109135108381,-0.0074791221313267,0,0,0
44,17,2613.0,0.000516869274693,0.0148213145613984,-0.0015407386741021,0.0096173741421846,-7.075389657787571e-05,-0.0067792936348356,0.0014273674288277,-0.0082809525899619,0,0,0
44,18,2614.0,0.0002797871532899,0.0124979255850282,-0.0017559667586485,0.0083537109622794,-0.0011220184087165,-0.0061388794539519,0.0033721992053751,-0.0078186622060979,0,0,0
44,19,2615.0,0.0003626545410776,0.0146523263716992,-0.0019502279901299,0.0096775757129659,-0.001078425380317,-0.0069807598231008,0.0034268785051387,-0.0086881904433475,0,0,0
44,20,2616.0,-0.000125290862686,0.0100325755694265,-0.0023658286560415,0.0068144577000959,-0.0031566244353364,-0.0050021273836422,0.006846380885891,-0.006077227314973,0,0,0
44,21,2617.0,-0.0002103559262477,0.0199520759166937,-0.0046095444616474,0.0135878173814333,-0.006063829503216,-0.0100387663646359,0.0133193803690505,-0.0123495279111256,0,0,0
44,22,2618.0,0.0002404591162219,0.0129305987253226,-0.0019330373283747,0.0085527395592505,-0.0014387193229141,-0.0061527834488468,0.0038727498520933,-0.007569365084365,0,0,0
44,23,2619.0,0.0003299525160289,0.0127115004032522,-0.0016075386020651,0.008135187936963,-0.0007451341492554,-0.0055481963811389,0.0023137920538504,-0.0063675792975228,0,0,0
44,24,2620.0,-0.0018877504778119,0.0167649289172197,-0.0082508291075756,0.0109556889533604,-0.0149479957466032,-0.0068227718429184,0.0269635263588696,-0.00494489577854,0,0,0
44,25,2621.0,-0.0001667419359551,0.0134021136042681,-0.003159214734492,0.0091080295830822,-0.0042124038361231,-0.0066915992573789,0.0091399740288382,-0.008139890501729,0,0,0
44,26,2622.0,-0.0004608731772628,0.0146874087449435,-0.0041814560195422,0.0099604230737571,-0.0062349793916242,-0.0071876536172812,0.0126997181056316,-0.0083406257417339,0,0,0
44,27,2623.0,0.0001090107797453,0.0119657240379631,-0.0021153595371171,0.0080451728059719,-0.0021004348310892,-0.0059077187930284,0.0051147477613271,-0.0073886186854404,0,0,0
44,28,2624.0,-0.0003307773739204,0.0124021882812408,-0.0034085229925348,0.0084857513205275,-0.0050515342563071,-0.0062364146106154,0.010600108230888,-0.007450053912815,0,0,0
44,29,2625.0,-0.0012098725255075,0.0155845380880142,-0.0063059074616385,0.0104380769399497,-0.010876907596326,-0.0070723502178862,0.0205147509319149,-0.0068274768948484,0,0,0
44,30,2626.0,-0.0006062329165856,0.0153394133130091,-0.0046984375550459,0.0103826104964928,-0.0072909918163303,-0.0074101561322692,0.0145985488830776,-0.0083311637633675,0,0,0
44,31,2627.0,-0.0009624802654776,0.0116288509784138,-0.0048490707873552,0.0077716294751936,-0.0084164138851285,-0.0052292836046702,0.0157631877475285,-0.004958880015531,0,0,0
44,32,2628.0,-0.001541332709519,0.0122619729705681,-0.0064259540999003,0.0079661187751992,-0.0117491662421457,-0.0048454699328686,0.0208967952136081,-0.0031887818342417,0,0,0
44,33,2629.0,-0.0021795065385302,0.0091851153193119,-0.0072855990325934,0.005475616357924,-0.0139774599282,-0.0023072871791899,0.0228790202789695,0.001343739807467,0,0,0
44,34,2630.0,-0.0033630194402625,0.0118815193466345,-0.0106898266598259,0.0067768863117273,-0.0205882311979495,-0.0022223069977501,0.0327167151359815,0.0037101926941653,0,0,0
44,35,2631.0,-0.0039358369277803,0.0091702031543578,-0.0112973085651465,0.0044064381807089,-0.0216944804674688,0.0002581729611143,0.0318110986682018,0.0077181918533555,2,0,0
44,36,2632.0,-0.0032689513236707,0.0086085187806363,-0.009528949135259,0.0043514492466884,-0.0179769407620725,-0.0003865043285183,0.0263822623913644,0.005324897839501,0,0,0
44,37,2633.0,-0.0080651491056694,0.008713756153295,-0.0197628378651822,0.0012925978106099,-0.0353635435374622,0.0063210717744853,0.0417524223985574,0.0195429968497121,2,0,3
44,38,2634.0,-0.0032357137304021,0.0062012469786037,-0.0086203677985129,0.0025464595208584,-0.0155985917320546,0.0008736299729332,0.0207163366986247,0.0059332070566202,2,0,0
44,39,2635.0,-0.0043089556979869,0.0052578316062734,-0.0101976125077506,0.001155723214171,-0.0169485031691919,0.0024603027737979,0.0189823369336625,0.0074521633047075,2,0,0
44,40,2636.0,-0.0147017124672257,0.0094079053083956,-0.0331023901306794,-0.0026107920790632,-0.0551727476276928,0.0144388890197678,0.0541476014988826,0.0338219657337357,2,0,3
44,41,2637.0,-0.0089422581153569,0.0034332584209714,-0.0183700704941249,-0.0032449483709836,-0.0271182000656629,0.0088282366781612,0.0198514431558716,0.0158248268216671,2,0,3
44,42,2638.0,-0.0072266467812916,0.0019538098108443,-0.0137755149857088,-0.0031009879618189,-0.0180431638706994,0.0065253964951858,0.0096545547754445,0.0093072142155326,2,0,3
44,43,2639.0,-0.0242115331631545,0.0021896130307829,-0.0434735707715825,-0.0136753849547802,-0.0505875354596665,0.0227482760750567,0.0104900099095401,0.0244010243321975,2,3,3
44,44,2640.0,-0.0185759049015104,0.0017477183225553,-0.0333765290343498,-0.0104240884842569,-0.0389345259506897,0.0173869300815277,0.0085910563258132,0.0188134691096349,2,3,3
44,45,2641.0,-0.0354566981177379,-0.00147860075873,-0.0559119517992025,-0.0220303113655614,-0.0464280739028841,0.0265667892247303,-0.0221130168711482,0.008742269424972,2,3,3
44,46,2642.0,-0.0095493304562558,-0.0006724892046235,-0.0139669052416107,-0.0057358471430048,-0.0098478753022941,0.0060122909892975,-0.0067763342130455,0.0006987395561919,2,0,3
44,47,2643.0,-0.0139039785251638,-0.001489644239918,-0.0183504419278366,-0.0079885497343677,-0.0098041038855918,0.0068226791119893,-0.0111552138251905,-0.0015560309953873,2,3,3
44,48,2644.0,-0.0369431787163951,-0.0059033832984273,-0.045175692398616,-0.0221414457239616,-0.0083262924264805,0.0122567870746174,-0.0474765234400092,-0.022191639372054,2,3,3
44,49,2645.0,-0.0380325056669012,-0.0053600018161062,-0.0499350779635501,-0.0235832845877222,-0.0171427681092474,0.0167387828276488,-0.0490491286253933,-0.0184554193737927,2,3,3
44,50,2646.0,-0.0384424374064832,-0.0066226578009782,-0.0451805900726441,-0.0227770169259838,-0.0027744181264848,0.0100628630589535,-0.0499942292145419,-0.0263749907340443,2,3,3
44,51,2647.0,-0.0367821567493773,-0.0066977646806032,-0.0400083746122886,-0.0205001761312178,0.0005595633705115,0.0074912568358482,-0.0429506829871016,-0.0234660204867572,2,3,3
44,52,2648.0,-0.0471596009896896,-0.0084761104397962,-0.053510295220942,-0.0274309423174426,0.0014281196999736,0.0097857975637866,-0.058794852134539,-0.0330662459646408,2,3,3
44,53,2649.0,-0.0476733487528682,-0.0100705269092879,-0.0443888328703051,-0.0247021331303158,0.0233138720429116,-0.0024979168245173,-0.0411289179463629,-0.0321877798302035,2,3,3
44,54,2650.0,-0.0343518723874191,-0.0089295082834086,-0.0107883678449117,-0.0078124787783534,0.0169416848629693,-0.0055185734221499,-0.0045041024592115,-0.004815611142424,2,3,0
44,55,2651.0,-0.0185301141490136,-0.0045278682809557,-0.0091231896011401,-0.0057756444506043,0.0107942738097822,-0.0035583134497691,-0.0023126716404479,-0.0030930642357633,2,3,0
44,56,2652.0,-0.0556634780908735,-0.0140331902922932,-0.0347689484209985,-0.022960642695205,0.0643036566270376,-0.0255663357113632,0.0007068257029415,-0.0209791649220041,2,3,4
44,57,2653.0,-0.0589140240753378,-0.0164940753080961,-0.0178860400554551,-0.0158339323325128,0.0799174618584353,-0.037670881072852,0.0487651841528294,0.0148345086523072,2,3,4
44,58,2654.0,-0.0425530418505699,-0.0101677010439434,-0.0312807033546769,-0.0193172252369505,0.0410104303079309,-0.0143145579072103,-0.0124698932621557,-0.0216689271681985,2,3,4
45,0,2655.0,0.0015195552046983,0.0220304830279208,-1.2122626369237892e-05,0.0120707478338227,0.0047717665910575,-0.0061217985007208,-0.0081526950590045,-0.0041356927104946,0,0,0
45,1,2656.0,0.000850325664671,0.0102337436466827,0.0004252084921666,0.0049572914141629,0.0029536051203062,-0.0017529823771256,-0.0052034529022,0.0001569025877928,0,0,0
45,2,2657.0,0.001379525091309,0.0177785976510535,0.0004534839622327,0.009108720105131,0.004713864982646,-0.0038525613600641,-0.0083378747541404,-0.0011773835267603,0,0,0
45,3,2658.0,0.0012950242715001,0.0130876460198184,0.0011356054343329,0.0053240790544765,0.0046271089631228,-0.0006623443094517,-0.0080740396201483,0.0029002960909069,0,0,0
45,4,2659.0,0.0019184163523708,0.0084068214973405,0.0035865031437789,-0.0022078632715713,0.0058834447605096,0.0072869188931548,-0.00804657382268,0.0123454092775962,0,1,1
45,5,2660.0,0.0022105857384203,0.0117750836220519,0.0038480239935041,-0.0006182324546321,0.0073640907157659,0.0071554348091488,-0.0111260040294594,0.0140341960382006,0,0,0
45,6,2661.0,0.0020757011155186,0.017199454492307,0.0025700441106423,0.0051483439498696,0.0076499558452636,0.0020634550879699,-0.0132401182807916,0.0089334448603929,0,0,0
45,7,2662.0,0.0015006910284804,0.0163400422066638,0.0010950345439719,0.0072522790072014,0.0053727762329223,-0.0017334920401176,-0.0094880558669028,0.0021578134672791,0,0,0
45,8,2663.0,0.0011397192294318,0.0127409279912104,0.0007604255109906,0.0058295537661934,0.0040525473099652,-0.0016576197313263,-0.0071688954615263,0.0010922034861039,0,0,0
45,9,2664.0,0.0017721971359569,0.0140915800423308,0.0022671439394937,0.0038554714599958,0.0063286414352606,0.0020653917544698,-0.0106734655426869,0.0075066099120647,0,0,0
45,10,2665.0,0.0027412250868617,0.0085415680361834,0.0054965038550389,-0.0061399180219524,0.0071604933002658,0.0117121411239893,-0.007973131656688,0.0161128749011449,0,1,1
45,11,2666.0,0.0030189422057504,0.0157860088366485,0.005310282369894,-0.00113005535197,0.0100386322387921,0.0100383036143056,-0.0151013768117651,0.0195005641017469,0,1,1
45,12,2667.0,0.0010332005088687,0.0115961433697819,0.0006671614135845,0.0052863441118203,0.0035678091557801,-0.0015337443575299,-0.0061808548144814,0.0007934499954691,0,0,0
45,13,2668.0,0.0012488368991599,0.0133400914629713,0.0009573095200275,0.0058225975812181,0.0044781605155022,-0.0012837411440737,-0.0079077673369446,0.0019516617033988,0,0,0
45,14,2669.0,0.0014216703339462,0.0098353608767801,0.00208247434042,0.001713788905158,0.0049668968394107,0.0028503142551348,-0.0080731566768166,0.0073216594569308,0,0,0
45,15,2670.0,0.0024752666670766,0.0098796975120403,0.0047804515421545,-0.0037120675135806,0.007462020871516,0.0100304447471899,-0.00996454723613,0.0164014375347727,0,1,1
45,16,2671.0,0.0029640653639075,0.0096217229735465,0.0059043647380513,-0.0062637936935563,0.0079596920405089,0.0124944279878513,-0.009350109039189,0.0178530306128485,0,1,1
45,17,2672.0,0.0020533738720254,0.01034863634145,0.0036534260875122,-0.0011072234000035,0.0066824655640111,0.0069799570563428,-0.0098498512159132,0.0130901438884656,0,0,0
45,18,2673.0,0.0025779127278936,0.0111400931938515,0.004866054502946,-0.0030956179037938,0.0080118850830319,0.0099798268894388,-0.0111176676850536,0.0170808687001079,0,1,1
45,19,2674.0,0.0029555713967648,0.0098620145827957,0.0059279107721461,-0.0061365296928188,0.0082285509077888,0.0128035644030048,-0.0099005436569501,0.0188919689381064,0,1,1
45,20,2675.0,0.0048286822639149,0.0098064604441377,0.0101473663369572,-0.0151747419313023,0.0104648907663038,0.0220746854605776,-0.0082962655712237,0.0250481634054787,1,1,1
45,21,2676.0,0.0041737451411878,0.0079403419496083,0.0087109611404258,-0.0133735179694717,0.0085165291294696,0.0185252195299623,-0.0060800055245109,0.0197265567423288,1,1,1
45,22,2677.0,0.0051179909076809,0.0065317630668681,0.0106897027519887,-0.0185950814879622,0.0083416093266715,0.0218975651979094,-0.0025838191849773,0.0183011969981351,1,1,1
45,23,2678.0,0.0039978098852355,0.008946942309897,0.0084011738367557,-0.0120021182465657,0.0092093469890946,0.018504991652178,-0.008115196482719,0.022276635691295,0,1,1
45,24,2679.0,0.0036960166341537,0.0066505584408866,0.0078377866157787,-0.0123544058390831,0.0075630505597898,0.0170593374941071,-0.0050634035734907,0.0180740725476789,1,1,1
45,25,2680.0,0.0043282905386475,0.0070064090556717,0.0091678317036701,-0.0149918783765348,0.0082736723224291,0.0196505669110346,-0.0045759761883052,0.0193044931504227,1,1,1
45,26,2681.0,0.0058357494179444,0.0080355445781899,0.012342301990829,-0.0211378004177311,0.0101742732346943,0.0259939752564943,-0.0039457990339069,0.0231320061900794,1,1,1
45,27,2682.0,0.0057654504828092,0.0032633321483638,0.0115626420439409,-0.0227302904962733,0.0056247791393219,0.0204442091814109,0.0041592667021754,0.0076214765135813,1,1,1
45,28,2683.0,0.0068929978922274,0.0017920479125725,0.0133768706383311,-0.0276538764657981,0.0043434082999591,0.0208095486888522,0.008597947320113,0.0005692217327506,1,1,1
45,29,2684.0,0.0047201176066414,0.0010097833647158,0.0089019191265318,-0.0184313858673144,0.0026955668328277,0.013237274561533,0.0054824864992303,0.0003297936326544,1,1,1
45,30,2685.0,0.0061274992418366,-0.0026009669918577,0.009550616975901,-0.0218620952750318,-0.0019044814084136,0.004874426143493,0.0101947773244481,-0.0152829894876356,1,1,1
45,31,2686.0,0.0059605485939751,-0.0044220481855532,0.0067837480313756,-0.0160119486005569,-0.0030186103306549,-0.0013425590468789,0.0049801803360626,-0.0085294168934209,1,1,1
45,32,2687.0,0.0077305180844593,-0.0015857175393817,0.0133830493044637,-0.0296898869415602,6.532322404378129e-05,0.0130858509085276,0.0133640455654834,-0.0142392609559985,1,1,1
45,33,2688.0,0.0065407152758317,-0.0021994596946239,0.010504439276437,-0.0236687374627172,-0.0011868265675256,0.0071546622544858,0.0103285921243248,-0.0134528574883749,1,1,1
45,34,2689.0,0.008431915480852,-0.0006436935098864,0.0151388863784568,-0.0329073118187569,0.0016406490780963,0.0178368101584774,0.0136369966787996,-0.0107860842868852,1,1,1
45,35,2690.0,0.0093509813973666,-0.0076605560484648,0.0115556769285021,-0.0284298223977719,-0.0081958181936884,-0.0080869357436945,0.0126794410828312,-0.0298055769721742,1,1,1
45,36,2691.0,0.0078971137615423,-0.0040971818436215,0.0117736372043069,-0.0273594986321476,-0.0033606729581071,0.0038440944565426,0.0130097613311338,-0.021224909514451,1,1,1
45,37,2692.0,0.0084951729509521,-0.0089306600768873,0.0070213297728375,-0.0178230067231433,-0.0065532244473255,-0.0097475472529871,0.004147064329263,-0.0115042568739899,1,1,1
45,38,2693.0,0.0099749481312753,-0.0098273526618055,0.0105646968995354,-0.0269952634645436,-0.0109251722654116,-0.0163483613207853,0.0098743927856268,-0.0300057358479087,1,1,1
45,39,2694.0,0.008727259975533,-0.0081731091284673,0.0096434372820212,-0.0243223549825363,-0.0088876464022546,-0.0121455296896789,0.0093725059237119,-0.026005697035451,1,1,1
45,40,2695.0,0.0076620468758667,-0.0091014684267937,0.0059323570532755,-0.016040400921066,-0.0089246236862062,-0.0166685451376844,0.0030737304451479,-0.015559828148497,1,2,2
45,41,2696.0,0.0076096133665887,-0.0096280354963527,0.0040414038239663,-0.0110434684559323,-0.0050351835220505,-0.0080426574183188,0.0032224136695889,-0.0103529532167267,1,2,2
45,42,2697.0,0.0080173128792894,-0.0114371397917126,0.0037176633377999,-0.0116396492726947,-0.0113545945871474,-0.0266465157643044,-0.0052954931164931,-0.0006533258400503,1,2,2
45,43,2698.0,0.0084750920220242,-0.0116329594157302,0.0043128888215351,-0.0128691276081564,-0.0103667513324287,-0.0226995393642885,-0.0019320309647687,-0.0067973169840209,1,2,2
45,44,2699.0,0.0113989498868994,-0.0164627678791184,0.0052497354570668,-0.0166784826597003,-0.0169389770182493,-0.0398625430800554,-0.007140609015596,-0.0048210801430183,1,2,2
45,45,2700.0,0.010855017900919,-0.018284118476953,0.0003522734323696,-0.0050326127910493,-0.0138049419564787,-0.0380853132695363,-0.0182322749343534,0.0304387763070465,2,2,2
45,46,2701.0,0.0081778151971691,-0.0132524031625375,0.0010572798203286,-0.0055269004489149,-0.0100742931310483,-0.0263874401279426,-0.0101245077526267,0.0132247083084547,2,2,2
45,47,2702.0,0.0114334413472344,-0.019783895044298,-0.0007911538427956,-0.0023996833797659,-0.0127805296571049,-0.0364925025143959,-0.0199585239276855,0.0381556346426474,2,2,2
45,48,2703.0,0.0094246999924837,-0.0164290895195244,-0.00177254642599,0.0014277155156422,-0.0044681992560495,-0.0122648003773225,-0.0053037154085983,0.0090217467404885,2,2,2
45,49,2704.0,0.0114483034983871,-0.0202987184318226,-0.0017708468679513,-2.093696436144842e-05,-0.0116292277480892,-0.0343969512753425,-0.0209577117663744,0.0433433082720542,2,2,2
45,50,2705.0,0.0103896360836378,-0.0210462942072475,-0.0081660444271662,0.0170320981405266,0.0058334361079151,0.012126664128078,0.0023841064966311,-0.0019110351547638,2,2,2
45,51,2706.0,0.008951994391022,-0.0183223018413778,-0.0075257433809179,0.0159621476270114,0.0063747065340317,0.0141283000180243,0.0041838876752575,-0.006460145775468,2,2,2
45,52,2707.0,0.0089586711950962,-0.0183593982195806,-0.0075877754379566,0.0161195196964267,0.0065137729190882,0.014492399906566,0.004366768167252,-0.0068410987884151,2,2,2
45,53,2708.0,0.0089617039242413,-0.0183764161467132,-0.0076175184743866,0.0161957534499658,0.0065851066102705,0.0146812954869326,0.0044623161082744,-0.0070319235838635,2,2,2
45,54,2709.0,0.008962118231916,-0.018378750400661,-0.0076216822527504,0.0162064847992778,0.0065956031204791,0.0147095398551721,0.0044778164417984,-0.007065517222459,2,2,2
45,55,2710.0,0.0089621815031283,-0.0183791053448384,-0.0076223029836502,0.0162080769220559,0.0065971121237238,0.0147135643104549,0.0044799526631568,-0.0070700436385201,2,2,2
45,56,2711.0,0.0089441808395657,-0.0183421304607922,-0.007606864417931,0.016175200778237,0.0065836362855252,0.0146834765546389,0.0044707918770804,-0.0070556255190555,2,2,2
45,57,2712.0,0.0089189584015071,-0.0182901808928126,-0.0075848861868982,0.0161282390584436,0.0065639073018213,0.014639082283583,0.0044568344661281,-0.0070331660558974,2,2,2
45,58,2713.0,0.0086697163406811,-0.0177775797494543,-0.0073694573760777,0.0156686581908753,0.0063727828673351,0.0142101946596431,0.0043232633058921,-0.0068193712780331,2,2,2
46,0,2714.0,0.0011570145221475,0.0138854319726296,0.0005955403639682,0.0067916495450635,0.0041372292236745,-0.0024496093350212,-0.0074415885304147,0.0001985847109468,0,0,0
46,1,2715.0,0.0008174016324616,0.0098237247848988,0.0004161081953147,0.0047757698990043,0.0028851366377079,-0.0016917467895926,-0.005147231124748,0.0001944164225214,0,0,0
46,2,2716.0,0.000658304829664,0.0106129524790946,-0.0002289149037163,0.006047039846624,0.0018324205595115,-0.0033561171800921,-0.002952352349487,-0.0028180656226752,0,0,0
46,3,2717.0,0.001320236806112,0.0174423290958095,0.0003484335504727,0.009107391810444,0.0044834406620639,-0.0040539015236883,-0.0079286594983159,-0.0016509544773909,0,0,0
46,4,2718.0,0.0012073365366601,0.0112651671051508,0.0012499933812067,0.0041349563662541,0.0044067309766533,0.0001647408815915,-0.0076965580541442,0.0038332703157042,0,0,0
46,5,2719.0,0.0010669931565578,0.0137975416741337,0.0003291595711302,0.0070162042015229,0.0035175425297883,-0.002954201711662,-0.00605521076734,-0.0010021961534203,0,0,0
46,6,2720.0,0.0021581082932172,0.0159260122954418,0.0030183474619284,0.0035158806648323,0.0077810327092231,0.0037120641591627,-0.0130411085966601,0.010926067977519,0,0,0
46,7,2721.0,0.0020801058692845,0.0190218159369126,0.0022442982799564,0.0068171641424769,0.0077272337112991,0.000599878043031,-0.0136417765455316,0.0072142659288139,0,0,0
46,8,2722.0,0.0018908901955306,0.011212597966259,0.0030934974341427,0.0005562516343136,0.0064383705671487,0.0052082143994051,-0.0100750037373385,0.0111459851548187,0,0,0
46,9,2723.0,0.0026135003784938,0.0108630999877949,0.0050134850827181,-0.0035546118937572,0.0080886580172885,0.0104920782928964,-0.0110991263532694,0.0177160328016725,0,1,1
46,10,2724.0,0.0035442939856422,0.0145465529390135,0.0068043810017842,-0.0049593669754821,0.0108500584780619,0.0141987624443584,-0.0147469716453957,0.0236576423854365,0,1,1
46,11,2725.0,0.0020624141770246,0.0080003122359013,0.0039922006493989,-0.0032663491696107,0.0060918433074873,0.0083552007663094,-0.0080046968552685,0.0133932630169444,0,1,1
46,12,2726.0,0.0033840922614857,0.005203803482499,0.007006455472481,-0.0115605122218494,0.0059786824119548,0.0143373921795029,-0.0030137760345267,0.0132203287001939,1,1,1
46,13,2727.0,0.003277225267548,0.0086921467521464,0.0067844893498298,-0.0087195115834868,0.0081945399995528,0.0149064427109098,-0.0083840247869893,0.0195397032040503,0,1,1
46,14,2728.0,0.0047805890274456,0.0091063994986367,0.0100907646233313,-0.015534084742054,0.0100285359867558,0.0219242506593068,-0.0072840213851414,0.0239205556001752,1,1,1
46,15,2729.0,0.0037563102985363,0.0064222356410502,0.0078709387951866,-0.0125844580056194,0.0072803886700998,0.0167029641941401,-0.0045130712435336,0.0169278271323549,1,1,1
46,16,2730.0,0.0057501945466505,0.0062419001142551,0.0119095628826459,-0.0214021323511488,0.0085256393408315,0.0238257086627726,-0.0013293537808454,0.0181617019058057,1,1,1
46,17,2731.0,0.0049892840863397,0.0067253483957564,0.0103783091830025,-0.0177787911950356,0.008314068112739,0.0211922902711713,-0.0031554176158019,0.0182918203453352,1,1,1
46,18,2732.0,0.006352749632935,0.0008788330957083,0.0116264798931804,-0.0242805119523227,0.0029356102345993,0.0160411369010126,0.007649682930504,-0.001728500452333,1,1,1
46,19,2733.0,0.0061744250649446,0.0058407571526111,0.0127263252466968,-0.0234620877319612,0.0083439258692587,0.0247590568675849,0.0002435808354649,0.0164384356915696,1,1,1
46,20,2734.0,0.0063844745510944,0.0014424140953204,0.0123132551756455,-0.0255904110115227,0.0037366107649903,0.0187346242795399,0.0082973200026703,-0.0004811968176687,1,1,1
46,21,2735.0,0.0057854936455426,0.003885884118908,0.0116813308763987,-0.0225539038649028,0.0062265781247695,0.0211744083766239,0.0030539872680957,0.0097142988403755,1,1,1
46,22,2736.0,0.0082528517197416,-0.0003839742153758,0.014514453482705,-0.0311734515316382,0.0022009079618519,0.0178382847363667,0.0116062758519633,-0.00693626473773,1,1,1
46,23,2737.0,0.0059668234531009,-0.0025820085933466,0.0092591666028377,-0.0212216488627446,-0.0019228263155212,0.0045548410848267,0.0099262767125108,-0.01506213920801,1,1,1
46,24,2738.0,0.0089638534102146,-0.0004306673234697,0.0161116865679749,-0.0348156402260652,0.002132777406058,0.0195764396056235,0.0139038461576924,-0.0099189738317044,1,1,1
46,25,2739.0,0.0062965386703644,-0.0045212092133763,0.0071902842667843,-0.0168420375431056,-0.0028690162104619,-0.0007427877418897,0.0050369954571566,-0.0079965402857272,1,1,1
46,26,2740.0,0.0069218349167927,-0.0030720978256722,0.0092877566484257,-0.0206069586526524,-0.000463179483809,0.006627160981976,0.0063589257146306,-0.0048835538152518,1,1,1
46,27,2741.0,0.0072662516211395,-0.0068811948358738,0.0076981763642545,-0.0193763621643094,-0.006979788200521,-0.0095973974138752,0.0069247217439881,-0.0191448895588079,1,1,1
46,28,2742.0,0.0063650509769302,-0.0051033684430146,0.0077918911908103,-0.0190351080834641,-0.0052028649244378,-0.0048921237489593,0.0079762699988968,-0.0182381560866431,1,1,1
46,29,2743.0,0.0071795629368382,-0.0053858663778688,0.0090489939165779,-0.0218480522028367,-0.0053157925932838,-0.0040319526869732,0.0090409671751281,-0.0194103526014463,1,1,1
46,30,2744.0,0.0110160358177212,-0.0112938846486744,0.0111992304919268,-0.0289337123114429,-0.0127152102020501,-0.020350595363518,0.009717904987522,-0.0321888120398731,1,1,1
46,31,2745.0,0.0099550116945906,-0.0121856050463438,0.0076894177045391,-0.0212401332511892,-0.0136946787357381,-0.0275628169839481,0.0021192496523925,-0.0202368013382656,1,2,2
46,32,2746.0,0.0075013415735878,-0.0093758524254766,0.0045117953820941,-0.012407942703088,-0.0071475460284272,-0.0139534799564302,0.0005151015971005,-0.0067095472411412,1,2,2
46,33,2747.0,0.0057111537773165,-0.0081631490021911,0.0020709819133243,-0.0065182705045581,-0.0053279711969103,-0.0114538233683762,-0.0007584398088824,-0.0034832930746433,1,2,2
46,34,2748.0,0.0102824430926223,-0.0138987237741355,0.0059994809140503,-0.0176703300580291,-0.0141997951689116,-0.0309675808098312,-0.0015364122458752,-0.0138832902620482,1,2,2
46,35,2749.0,0.007680922444873,-0.0114867938596616,0.0020738064328536,-0.0072336940273085,-0.0072981345784698,-0.0166045723464466,-0.0024228911154525,-0.0021903266137994,1,2,2
46,36,2750.0,0.0113431151324092,-0.0173546188185151,0.003675209969404,-0.0131375457489046,-0.0170796894565039,-0.0428024875587803,-0.0126374939811775,0.008851446328973,2,2,2
46,37,2751.0,0.0113422128580609,-0.018338670509497,0.0018034768441129,-0.0086766807561565,-0.0156323948670355,-0.0413329702552254,-0.016532194824971,0.022239385177332,2,2,2
46,38,2752.0,0.0107795927990544,-0.0170606419408176,0.0025340628233334,-0.0102924491613266,-0.0160409608114229,-0.0415994709350852,-0.0148728385080249,0.0162140605133621,2,2,2
46,39,2753.0,0.010066631639353,-0.0174367320321333,-0.0017352093859088,0.0011714837627243,-0.0048580551894809,-0.0131695330793136,-0.0052469108954294,0.0075207089002663,2,2,2
46,40,2754.0,0.0110690834427753,-0.0186325743208599,0.0002898363400551,-0.0048890082254435,-0.0134587101917263,-0.036921692471323,-0.0171771129033373,0.0278664086249491,2,2,2
46,41,2755.0,0.0087499030435528,-0.014729714428613,-0.000534429048006,-0.0014364711477014,-0.0059717824982806,-0.015554362722595,-0.0057014804600211,0.0080437451044814,2,2,2
46,42,2756.0,0.0125705714012175,-0.0244095278632744,-0.0071174396248085,0.0133281993699448,-0.0007799622214777,-0.0069668149318372,-0.0104501138765061,0.0296442037811338,2,2,2
46,43,2757.0,0.0116606756256589,-0.0217557431548259,-0.004254853102788,0.0061662454069517,-0.0074127131531576,-0.0248416246944535,-0.0203778156668835,0.0508520988805309,2,2,2
46,44,2758.0,0.011934560420998,-0.0233075792699735,-0.0070736540835591,0.0134673454534574,2.7781629741561324e-06,-0.0046591525357271,-0.0089214116481963,0.0260341420952961,2,2,2
46,45,2759.0,0.0127059401155698,-0.0240908317743237,-0.0064608553267751,0.0120587113043931,0.0013551614488678,0.0016352301097831,0.0002241444608254,-0.0014309900134293,2,2,2
46,46,2760.0,0.0089202297463069,-0.0181474280727519,-0.0072492842776889,0.0152730993633986,0.0058599513218738,0.0128692163914994,0.0037413157797294,-0.0057915920221522,2,2,2
46,47,2761.0,0.010127387747383,-0.0196844554371655,-0.0060585164703562,0.0117774657868564,0.0018759354013449,0.0024381171463622,-0.0008571362018136,0.0020351517039276,2,2,2
46,48,2762.0,0.008409745377874,-0.0153333952131937,-0.0027590038824782,0.0040451884601194,-0.0028225351671492,-0.0086961254478123,-0.0045347018035829,0.0077529377702748,2,2,2
46,49,2763.0,0.0089300670000792,-0.0182017403797423,-0.0073367400318276,0.0154924113684294,0.0060348842830834,0.0133103502224068,0.0039308176006876,-0.0061586149945193,2,2,2
46,50,2764.0,0.0089561264988876,-0.0183456276677874,-0.007568107008987,0.0160720550051759,0.006489082183071,0.014442996402239,0.0043726496232266,-0.0068910119687119,2,2,2
46,51,2765.0,0.0089594181321528,-0.0183638425561488,-0.0075977249519333,0.01614647990087,0.0065487415518717,0.0145928790697302,0.0044328320283887,-0.0069920256762648,2,2,2
46,52,2766.0,0.0089616339527337,-0.0183760831738871,-0.0076174457010546,0.0161959054001632,0.006587529294702,0.0146896105737799,0.0044705088712246,-0.0070543334631788,2,2,2
46,53,2767.0,0.0089598399123082,-0.0183662162921298,-0.0076017996579843,0.0161567952977992,0.0065569166835755,0.0146129225542085,0.0044394915764158,-0.0070011680595446,2,2,2
46,54,2768.0,0.0089578494100609,-0.0183552539969807,-0.0075843139853107,0.0161130286541187,0.0065224071574238,0.0145263362303941,0.0044043400020101,-0.0069408428591189,2,2,2
46,55,2769.0,0.008935800926518,-0.0182339323737038,-0.007391593378345,0.0156311483720801,0.0061451508334667,0.0135818026868773,0.0040240640612275,-0.0062918264657168,2,2,2
46,56,2770.0,0.0109546791148545,-0.0203469932661883,-0.0045067218685611,0.007609940139871,-0.0017952424350969,-0.0067433216957925,-0.0044603381779587,0.0082291334501348,2,2,2
46,57,2771.0,0.0088924376992336,-0.018144234410093,-0.0073529272349187,0.0155481722019041,0.0061093959587098,0.0135008507021756,0.0039981698052616,-0.0062499409568064,2,2,2
46,58,2772.0,0.008665346891995,-0.0177535213257188,-0.0073311252183808,0.0155727409860951,0.0062973186699016,0.0140209863505663,0.0042466825705178,-0.0066882338488245,2,2,2
47,0,2773.0,0.0004168706306324,0.0140362887294949,-0.0016736347470014,0.0092384966385896,-0.0005612925777879,-0.0066485241619139,0.0023687372895389,-0.0082996881267145,0,0,0
47,1,2774.0,0.0002258066968559,0.0099658701576036,-0.0013957138256708,0.0066628267360349,-0.000894073264134,-0.0049041544027316,0.0027164737209455,-0.0062692948215845,0,0,0
47,2,2775.0,0.0004443978687334,0.0166134731795862,-0.0021209579728909,0.0109970242380512,-0.0009876789176144,-0.007976808573251,0.0034481277409054,-0.0100404963426565,0,0,0
47,3,2776.0,0.0002253447778061,0.0180038003752153,-0.0030344731148284,0.0121779351609407,-0.0028223049576663,-0.0090592981799677,0.0072200542698604,-0.0115804210206972,0,0,0
47,4,2777.0,0.0003356761876589,0.0150614024168858,-0.0021264895521314,0.0101055336554696,-0.0013756411841625,-0.0074753750162543,0.0041562041014652,-0.0096087287753389,0,0,0
47,5,2778.0,0.0002830702239201,0.013214936659517,-0.0018878520313339,0.0088066989143805,-0.0012651667454138,-0.0064299741324745,0.0036788927591968,-0.0080942765712929,0,0,0
47,6,2779.0,0.0003003873566455,0.0151377320629145,-0.0022407539928955,0.0101650040755409,-0.0016379150333449,-0.0075158760427477,0.0046658334086612,-0.0096225813090147,0,0,0
47,7,2780.0,0.0002382053202669,0.0116016313292684,-0.0016882294849819,0.0077418357675025,-0.0011898793908279,-0.0056633326065859,0.0034019559709436,-0.0071432508133657,0,0,0
47,8,2781.0,-0.0002314732942559,0.0174139150397307,-0.0041721493728094,0.0119521556538853,-0.005661159098518,-0.0089317013075882,0.012442888717529,-0.0111383306357503,0,0,0
47,9,2782.0,8.907837569842855e-05,0.0163424733736873,-0.003084191344006,0.011149080080785,-0.0033556826949574,-0.0083702034849237,0.0081282366768814,-0.0107452540952665,0,0,0
47,10,2783.0,-0.0005234126947534,0.0122809660174258,-0.0038553680119657,0.0082788576641397,-0.0060482334281608,-0.0058479796267742,0.011988766159328,-0.0064259916115918,0,0,0
47,11,2784.0,0.0001522475617199,0.0130170142730272,-0.0022028450642488,0.0086735355861022,-0.0020738668690753,-0.0062837201059992,0.0051340565662267,-0.0077263675957709,0,0,0
47,12,2785.0,0.0007940753697431,0.015406930182702,-0.0008234715911693,0.0093474800390143,0.0016692879649472,-0.0058802718720645,-0.0022256942290676,-0.0061667839690145,0,0,0
47,13,2786.0,0.0008476821139563,0.0147731715847532,-0.0005339817446762,0.0086860222425298,0.0021099369711414,-0.0051734546414862,-0.0031563961285532,-0.0050231240653493,0,0,0
47,14,2787.0,0.0006461031843553,0.0119422066026723,-0.0005491125000019,0.0072036947026363,0.0015038054272385,-0.004486989970094,-0.0021505543289148,-0.0046452853138465,0,0,0
47,15,2788.0,0.0006269089299439,0.011407675682143,-0.0004957003375428,0.0068694708372727,0.0015077841266497,-0.0042657139429003,-0.0022058213085072,-0.004396964762976,0,0,0
47,16,2789.0,0.0006493633451106,0.0127597790289069,-0.0007142836357036,0.0078123900390666,0.0013161753943887,-0.0050125816163032,-0.0016567431801552,-0.0054500115949141,0,0,0
47,17,2790.0,0.0006360326470971,0.0148905631816888,-0.0012013949239564,0.0094731126644692,0.0007503693634758,-0.0064761329467743,-0.0002860112178838,-0.0076372374584231,0,0,0
47,18,2791.0,0.0004604530070405,0.0123280530965695,-0.0011946145644142,0.0079958542297948,0.0001649472687468,-0.0056376618359641,0.0007354378018953,-0.0069036689682147,0,0,0
47,19,2792.0,0.000614532445827,0.0178937907679249,-0.0018922140102738,0.0116950782997185,-0.0001281448816595,-0.0083374794559259,0.0018217748265803,-0.0103248539535805,0,0,0
47,20,2793.0,0.0006776410023042,0.0191383298489526,-0.0019664542210506,0.0124765708519545,-1.3316079525036236e-05,-0.0088674015985685,0.0017195807734333,-0.0109602227340233,0,0,0
47,21,2794.0,0.0007818237227362,0.0126085801922265,-0.000276925519442,0.0072131616991995,0.0021699118220013,-0.0040527000051084,-0.0034687780697484,-0.0035240645705823,0,0,0
47,22,2795.0,0.0008277312881102,0.0204651401200802,-0.001791037699713,0.0131077118689106,0.0007001069477084,-0.0090605634539306,0.0003163932251646,-0.0108345155958584,0,0,0
47,23,2796.0,0.0006019990402448,0.0176400144052445,-0.0018770708624596,0.0115163666100612,-0.0001691368261806,-0.0081974760729468,0.0018955616458739,-0.0101348265632267,0,0,0
47,24,2797.0,0.0001475939079023,0.0146568524476271,-0.0025689723471156,0.0099194696448503,-0.0025358574244429,-0.0073700185582729,0.0063171436247467,-0.0093696406114039,0,0,0
47,25,2798.0,0.0002565826501247,0.0170281881093924,-0.0027547885523637,0.0115090974300938,-0.0024080949185159,-0.0085682675595805,0.0063794048096181,-0.0109945819718659,0,0,0
47,26,2799.0,0.0004323083763522,0.0139467784027108,-0.0016104707950503,0.0091544446501466,-0.000436093581887,-0.0065624057109138,0.002112452863357,-0.0081609032450446,0,0,0
47,27,2800.0,0.0002191458456752,0.0130534147901947,-0.0020452695671401,0.0087896994556667,-0.0016869779524943,-0.0065114344665718,0.0045602404225126,-0.0083177522833689,0,0,0
47,28,2801.0,0.0007303858592587,0.0191609156285906,-0.0018085806701213,0.0123770457483562,0.0003697670720676,-0.0086630329817778,0.0008728839553163,-0.0104961975485887,0,0,0
47,29,2802.0,0.0007714698163613,0.0181809038181358,-0.0014816845413842,0.0115793005154692,0.0008856009077286,-0.0079274238031408,-0.0002897867252777,-0.0093582173636226,0,0,0
47,30,2803.0,0.0008492676412294,0.01709755937329,-0.0010097827911409,0.0104781005470693,0.0016584844317232,-0.0067104654215473,-0.0020735860297565,-0.0072230187620207,0,0,0
47,31,2804.0,-0.0002921035495971,0.0171655118868706,-0.0042595085646994,0.0116495607206951,-0.0059197860954397,-0.0085060554287085,0.0126640062693813,-0.010177907807186,0,0,0
47,32,2805.0,0.0007387905951821,0.0187770737626571,-0.001691061426464,0.0119601199951219,0.0005136107972296,-0.008172091928862,0.0004697848810549,-0.0095785517519004,0,0,0
47,33,2806.0,0.0003017983397472,0.0113941803034071,-0.0014530658425271,0.0074808431949659,-0.000677960039494,-0.0053434234818792,0.0022923567329034,-0.0065677311908412,0,0,0
47,34,2807.0,0.0010941202785958,0.0219118381822136,-0.0012838007649096,0.0134652609365957,0.0021550077446456,-0.0086749705050699,-0.0026723937107539,-0.0094408457612973,0,0,0
47,35,2808.0,0.0008318646328499,0.0195595963893376,-0.0015887819181692,0.0124467323227356,0.0009586732815412,-0.0085134780395861,-0.0003188395525813,-0.0100480977028099,0,0,0
47,36,2809.0,0.0008312655971778,0.0154960457119266,-0.0007341565396807,0.0093073026398226,0.001861667619425,-0.0057620353267658,-0.0025801388035246,-0.0059326970018366,0,0,0
47,37,2810.0,0.0006896747179837,0.0149550502370187,-0.0010505320576029,0.0093362253180153,0.0010759414056015,-0.0061853334863024,-0.0009731814555554,-0.0070023521824283,0,0,0
47,38,2811.0,0.0008092084476488,0.0139296086793548,-0.0004681771798061,0.0081648286133346,0.0020872739689451,-0.0048104880025302,-0.0032189198767176,-0.0045400160897812,0,0,0
47,39,2812.0,0.0003853292435946,0.0090040093403794,-0.0007168434949858,0.0056077038103751,0.0004217795846709,-0.0036974155080392,-0.0001297090561989,-0.0041501926739422,0,0,0
47,40,2813.0,0.0007699805503464,0.0112173120082479,-2.574447271503188e-05,0.0060251094125363,0.0022621239897146,-0.0029576941766992,-0.0036868014876925,-0.0019282035969201,0,0,0
47,41,2814.0,0.0004067742582769,0.0109757858417498,-0.0010661860745141,0.0070390426340652,0.0001080103735906,-0.0048740753667136,0.0007061273004659,-0.005835640913735,0,0,0
47,42,2815.0,0.0006014429393057,0.0128273865923783,-0.0008736389097618,0.007996901948282,0.0009835940921607,-0.005293521088943,-0.000944270990806,-0.006006490391695,0,0,0
47,43,2816.0,0.0004096018958534,0.0111940485576781,-0.001106577109008,0.0072496586858656,9.41210966282987e-05,-0.0050959105869334,0.0007638950198669,-0.006208797474635,0,0,0
47,44,2817.0,0.0003193099718208,0.0148010690269749,-0.00211283787871,0.0099033463933672,-0.0014045793488014,-0.0072851966907208,0.0041353823800924,-0.0092816807099924,0,0,0
47,45,2818.0,1.1924271690584287e-05,0.011554146798995,-0.002294042073384,0.0078119450389004,-0.0025984791106773,-0.0057561271189705,0.0059581104952022,-0.0071761519755909,0,0,0
47,46,2819.0,-0.0008042518840552,0.0168827934936861,-0.0055148698655397,0.0113950220637028,-0.0087696955394321,-0.0080413180387531,0.0172037794875066,-0.0087991911998891,0,0,0
47,47,2820.0,2.4062466427177258e-05,0.0145250246907821,-0.0028637148105535,0.0098351635242563,-0.0032248153342941,-0.0072695092016894,0.0074483883051271,-0.0091094389238363,0,0,0
47,48,2821.0,-0.0017736363060712,0.0189689306521618,-0.0084369520320169,0.0126034848930974,-0.0149350677783933,-0.0082869525370472,0.0276200556092032,-0.007280865826418,0,0,0
47,49,2822.0,-0.0039319138015228,0.0203165697830766,-0.0140818775934589,0.0126308188796019,-0.0269844214183805,-0.0063607327556173,0.0459155856041941,-0.0001932587772458,0,0,0
47,50,2823.0,-0.0020791194836476,0.0086863681048774,-0.0068663356053265,0.0051202396438421,-0.0129638399577462,-0.0021108551001385,0.0207897989175067,0.0012175246859488,0,0,0
47,51,2824.0,-0.0037852708027936,0.0128648534041981,-0.0118770708726958,0.0072395528066798,-0.022782837422378,-0.0021986249382658,0.0357690279485577,0.0044199674874462,0,0,0
47,52,2825.0,-0.0061805251859576,0.0075509259760811,-0.015451072611609,0.0016550615561893,-0.0279306945549925,0.0043671666933088,0.034044845359378,0.0147137439662721,2,0,3
47,53,2826.0,-0.0035114802089133,0.0038605651905126,-0.0085312522182885,0.0005855299950707,-0.0149795214813211,0.0026774803529301,0.0171741716481601,0.0080531251207632,2,0,0
47,54,2827.0,-0.0106371848393251,0.0075992471922756,-0.0244576425143942,-0.0012980239179123,-0.0417019297714169,0.010280860553424,0.0429851488736051,0.0255052687215025,2,0,3
47,55,2828.0,-0.0122300015457471,0.0065435076513579,-0.0267771858593799,-0.00313609578293,-0.0432318406295899,0.0123427044629254,0.0391905714977802,0.0266490360972324,2,0,3
47,56,2829.0,-0.0169834594997533,0.0037683805955704,-0.0329607937559286,-0.0081891276416351,-0.0445168736364128,0.0170740865419624,0.0230586486629083,0.0252120721742472,2,3,3
47,57,2830.0,-0.0182466833903349,0.0028673123062001,-0.0343517565750128,-0.0096139981314265,-0.0439609516732244,0.0181542786078235,0.0173603006991377,0.0239702654043225,2,3,3
47,58,2831.0,-0.0176007685452807,0.0028910492698682,-0.033249305371526,-0.0091903848220022,-0.0427743423523436,0.0175181352918978,0.0174479640831298,0.0233633818716312,2,3,3
48,0,2832.0,0.0013108348065343,0.0164388619666181,0.0005210436926026,0.0082118138435134,0.0044790392929846,-0.0032252120877923,-0.0078748436429948,-0.0005010103753669,0,0,0
48,1,2833.0,0.0008337878250786,0.0149371347135043,-0.0006075139449074,0.0089028255502593,0.0020348561652599,-0.0054203227550839,-0.0030170526196488,-0.0054093116726491,0,0,0
48,2,2834.0,0.001480899349362,0.0198698721314373,0.0003304048979728,0.0104961860298836,0.0050181781153403,-0.0048131190628935,-0.008900772255302,-0.0022204757100743,0,0,0
48,3,2835.0,0.0010087058004833,0.0137474358997076,0.0001710407398786,0.007321286027285,0.0033216318017721,-0.0034753065069095,-0.0057765697798752,-0.0019450668954525,0,0,0
48,4,2836.0,0.0014018863659975,0.0151437286015585,0.001052910689883,0.0066930248793994,0.0050820326090471,-0.0015376258297068,-0.0090494646797509,0.0021952885291694,0,0,0
48,5,2837.0,0.0013337245576174,0.0117606802002232,0.0015219758664616,0.0039592945707938,0.0049444937539181,0.0007648892164491,-0.0086651863304131,0.0051086563421316,0,0,0
48,6,2838.0,0.0010778742809551,0.011811659658255,0.0007634170327479,0.0052381599727637,0.003778943513984,-0.0012798979743526,-0.0065774177734106,0.0014131767261351,0,0,0
48,7,2839.0,0.0015705111021545,0.0172097732128111,0.0011342280173709,0.007676945436259,0.005663875459691,-0.0018412332802182,-0.0100734814417044,0.0023703431670378,0,0,0
48,8,2840.0,0.0009587797757067,0.019570778229868,-0.0012046766858372,0.0120472278338959,0.0017673944986062,-0.0077935162142265,-0.0020248015753402,-0.0085483693548663,0,0,0
48,9,2841.0,0.0013041859732845,0.0190005599605756,-3.272544103955942e-05,0.0104443369578126,0.0040687336235508,-0.0053526365342556,-0.0069238437684164,-0.0037481615398687,0,0,0
48,10,2842.0,0.0009658069621667,0.0163255101141526,-0.0004956278756616,0.0095625107579764,0.0025922472275108,-0.0056143617528354,-0.0040970715991927,-0.0052383896146615,0,0,0
48,11,2843.0,0.0014130247258054,0.0256932409967385,-0.0011116450007527,0.0154372238560346,0.0033894962853157,-0.0095432750289902,-0.0049521783314756,-0.0097647363162621,0,0,0
48,12,2844.0,0.0006842738729349,0.0144564227408437,-0.0009621764906275,0.0090116982947798,0.0011811602581368,-0.0059510482045343,-0.0012482661826833,-0.0067012543714547,0,0,0
48,13,2845.0,0.0004757535391464,0.0124727425237512,-0.0011733013176232,0.0080224050353881,0.0002381800683263,-0.0055767088152605,0.0005606657869777,-0.0067002788084579,0,0,0
48,14,2846.0,0.0008934421744696,0.0187714179369901,-0.0012382760412539,0.0117102302570837,0.0015588985001531,-0.0077546919747431,-0.0016525222245009,-0.0087915463003578,0,0,0
48,15,2847.0,0.0007529211845215,0.0177817132476848,-0.0014467332807079,0.0111826830202411,0.000798115104183,-0.0075032824514341,-0.0001522460721877,-0.0086405244608569,0,0,0
48,16,2848.0,0.0003616149870301,0.0134314421840135,-0.001707625575974,0.0088801468959508,-0.0007858662135067,-0.0064284787887206,0.0027616035123908,-0.008069042540806,0,0,0
48,17,2849.0,0.0002988890186271,0.0117228051469423,-0.0015384639693639,0.0077801610863601,-0.0007910563962933,-0.005660907708041,0.0026129219646557,-0.0071395176398634,0,0,0
48,18,2850.0,-0.0001341512815333,0.0132654116242589,-0.0030334623645248,0.0090140171442397,-0.0039125257766631,-0.0066446129713167,0.0085259023993227,-0.0081923507906874,0,0,0
48,19,2851.0,0.0003261377245362,0.0124138603961632,-0.0015789002938079,0.0081370332797018,-0.0006983005805622,-0.0058026312752847,0.0023554553059553,-0.0071481087171794,0,0,0
48,20,2852.0,0.0005513021621251,0.0217948741781564,-0.002875752074232,0.0144434590549633,-0.0015368748804972,-0.0104858600336707,0.0050213166168825,-0.0131828912908882,0,0,0
48,21,2853.0,0.0015069925493376,0.0192905568219114,0.0005272334354272,0.009780623969857,0.0051535290095573,-0.003988862048359,-0.0091255796318058,-0.0008657613594584,0,0,0
48,22,2854.0,0.0010474382021411,0.0135029474287227,0.0003489128025045,0.0069382423232292,0.0036225386029675,-0.0029353941526794,-0.0064602579663583,-0.0008500609486857,0,0,0
48,23,2855.0,0.0009791277235,0.0136245765329121,0.0001154264461418,0.0073337596221703,0.0032184637363131,-0.0035411699659039,-0.0056316541843563,-0.0020179248205244,0,0,0
48,24,2856.0,0.001293315404252,0.0155755023023259,0.0006452536728004,0.0075400223971263,0.0044902641287348,-0.0026581604059499,-0.0079197045595495,0.0002690219461135,0,0,0
48,25,2857.0,0.001288818337249,0.0171486763563413,0.0003145763706478,0.0089637850432323,0.0043359281801842,-0.0040053971108206,-0.0076400877009062,-0.0016664446354167,0,0,0
48,26,2858.0,0.0007225225462112,0.0200069660655479,-0.0020057474382433,0.0129362395888716,7.72212575401375e-05,-0.0090699114425292,0.0015657161542108,-0.0110133723166367,0,0,0
48,27,2859.0,0.0004838236274905,0.0175720793263131,-0.0022033190235567,0.0115911015127969,-0.000965718452822,-0.0083609321665143,0.0034895943494656,-0.0104449776648913,0,0,0
48,28,2860.0,0.0005811235882119,0.0159103603550237,-0.0015710120290535,0.0102318178818366,0.0001054666664325,-0.0071038502446158,0.0011234020367477,-0.0085006330670725,0,0,0
48,29,2861.0,0.0008673867887225,0.0127306896590981,-3.967652059108446e-05,0.0069774071615826,0.0026657388458475,-0.0035466625544586,-0.0045053661239041,-0.0024234604680655,0,0,0
48,30,2862.0,0.0010767994650834,0.0141368953714919,0.0002940308619833,0.007239429349646,0.0035392946936112,-0.0030886596362372,-0.0061221762514004,-0.0010748542890406,0,0,0
48,31,2863.0,0.0005901909490227,0.0189080441868941,-0.0021681026640324,0.0123576015082366,-0.0005751949906752,-0.0088012463317151,0.0028168995244328,-0.0108624467949748,0,0,0
48,32,2864.0,0.0001827360071732,0.0109037312021325,-0.0017036372195142,0.0073152088794582,-0.0013942025533445,-0.0053870998079678,0.0037398723551849,-0.0068323228013268,0,0,0
48,33,2865.0,0.000202392619519,0.011623270665203,-0.001803086091147,0.0078468977813156,-0.0014512721073049,-0.0058445992655398,0.0039809647059562,-0.0075389937460034,0,0,0
48,34,2866.0,0.0002644888772963,0.014030928402992,-0.0021109507986618,0.0094173210447078,-0.0015892818405014,-0.0069519524693413,0.0044254194677238,-0.00887411444568,0,0,0
48,35,2867.0,0.000111478426093,0.013209136270278,-0.0023729376101154,0.0089549069926599,-0.0024134000821759,-0.0066676557149326,0.0059295574117928,-0.0084987581721317,0,0,0
48,36,2868.0,-7.4296510017270285e-06,0.0108013559908759,-0.0022151539702028,0.0073835666985639,-0.0026224147057434,-0.005536740313069,0.0060839413817437,-0.0070537027671399,0,0,0
48,37,2869.0,-7.617099306925747e-05,0.0148267662114527,-0.0031965609069595,0.0100985136006667,-0.0039153183779401,-0.0075045083105433,0.0087530516566152,-0.0094205321229778,0,0,0
48,38,2870.0,-0.0005345192255577,0.0089545333857051,-0.0031432191927142,0.0059436561014507,-0.0049974509600021,-0.0040552747960372,0.0093258893936848,-0.0042125232933909,0,0,0
48,39,2871.0,-0.0005132665705972,0.0084133305346204,-0.0029680325101175,0.0055508582613431,-0.0046952343265393,-0.003744105457947,0.0086453230249228,-0.0038273019109685,0,0,0
48,40,2872.0,-0.0021555471780243,0.0137019425344514,-0.0082371906184523,0.0086797208331172,-0.0153821422095315,-0.0048113998900654,0.0265398662638822,-0.0018243483110598,0,0,0
48,41,2873.0,-0.004913176596527,0.0124742731511079,-0.0143467179650689,0.0062409938510786,-0.0275012431956114,-0.0002587302701283,0.0407879893429549,0.0089359364836402,2,0,3
48,42,2874.0,-0.0020148015114382,0.0154311266612286,-0.0082703629379441,0.0100079457035123,-0.0151683597453746,-0.0060448364736087,0.0268630461326099,-0.0038684535613359,0,0,0
48,43,2875.0,-0.0040958237954939,0.0145358179510909,-0.0130613177186119,0.0082969141483415,-0.0252287777411908,-0.0027051094636322,0.0401720720983467,0.004661239863595,0,0,0
48,44,2876.0,-0.0017381066369457,0.0127421191138939,-0.0069850006356824,0.0081898501916098,-0.0127984014158794,-0.0048307094703137,0.0224160634695555,-0.0028125828831613,0,0,0
48,45,2877.0,-0.0004185332227781,0.0123291083759234,-0.0035770172359086,0.0083204037209514,-0.005354329896931,-0.0059440011019598,0.0107467414353931,-0.0067842754900658,0,0,0
48,46,2878.0,-0.0009041213894324,0.0082934467129763,-0.0039405230266401,0.0053881631544944,-0.0068891903822839,-0.0033742497204647,0.0121449697083287,-0.002691139644633,0,0,0
48,47,2879.0,-0.0017679499375289,0.010448684283757,-0.0065480361863456,0.0065676797930476,-0.012178067660841,-0.0035634416137175,0.0206799912291036,-0.001221486195358,0,0,0
48,48,2880.0,-0.0039307151497745,0.007492583371622,-0.0106264310051833,0.0030803565039439,-0.0196751309072217,0.0012116618651445,0.0266378972973443,0.0079705226090626,2,0,0
48,49,2881.0,-0.0023647408206206,0.0075333435758699,-0.0072077855977666,0.0040870999907368,-0.0135695542896105,-0.001009332102914,0.0205574571724867,0.0030179643647604,0,0,0
48,50,2882.0,-0.0056628558408336,0.0131948936056213,-0.0162548048998669,0.0063534365747994,-0.0312288266718477,0.000339774643866,0.0458915326134045,0.011045521729291,2,0,3
48,51,2883.0,-0.0039269899299017,0.0056229336260979,-0.0100447363243518,0.0016908380108344,-0.0182796776470005,0.0022379023675728,0.0231937121268719,0.008784719241581,2,0,0
48,52,2884.0,-0.0099018465184813,0.0076016828700297,-0.0229853666298519,-0.0007821577922491,-0.0395411109621475,0.0092713058891027,0.0419467586937242,0.0237981249120708,2,0,3
48,53,2885.0,-0.0076127424457026,0.0049698291878231,-0.0171879351102704,-0.0012601147224933,-0.0287758681988704,0.0074088342314574,0.0286770680227373,0.0176045422644751,2,0,3
48,54,2886.0,-0.0112186434525595,0.0053489464367593,-0.0239376756495221,-0.0032957923352437,-0.0375172186822766,0.0111543878839474,0.0322964516145375,0.0228798391690332,2,0,3
48,55,2887.0,-0.0064585240230355,0.0016611581956519,-0.0123743715270767,-0.0028009863296292,-0.0167749163175599,0.0060144634855283,0.0103019034868679,0.0095612447843447,2,0,3
48,56,2888.0,-0.0215105880550764,0.003375841236565,-0.0403120863133514,-0.0112791149955752,-0.0511915439914003,0.0211230696845542,0.0198999274472052,0.0275207288132531,2,3,3
48,57,2889.0,-0.0195478449063471,0.0007372616951644,-0.0332862111232559,-0.0114139152182681,-0.0347358877535532,0.0167851473261715,0.0009363875994311,0.0141380926757157,2,3,3
48,58,2890.0,-0.0144459266018819,-0.0006096927240623,-0.0206923969318346,-0.0079560230289885,-0.0152975023714217,0.0082295676935626,-0.003914717411888,0.0036929350101727,2,3,3
49,0,2891.0,0.0012698705909444,0.0163626211700801,0.0004156276540292,0.0083707609859678,0.004314261536172,-0.0035346440858099,-0.0075865542427365,-0.001102137183501,0,0,0
49,1,2892.0,0.0008824428755275,0.0116241112615283,0.0002305364659243,0.0059944264909591,0.0028993264384459,-0.0026179642023609,-0.0049989283076369,-0.0010622928577811,0,0,0
49,2,2893.0,0.0012652142183119,0.0143286318564988,0.0008150600981029,0.0066310267869289,0.0045220518576845,-0.0019488394228224,-0.0080411904750472,0.0011593043904569,0,0,0
49,3,2894.0,0.0012028280441285,0.0140828258637479,0.0006781130311294,0.0066568177395579,0.0041942421736396,-0.0021581656031392,-0.0073760109610879,0.0006439644438767,0,0,0
49,4,2895.0,0.0023166010132249,0.0152285356808088,0.0035542286021184,0.00204580649727,0.0081256765698288,0.0053648463758091,-0.0131484133750458,0.0129343356437038,0,0,0
49,5,2896.0,0.0010334737989645,0.0106632688996297,0.0008707804750066,0.004468545467194,0.0037377959043256,-0.0007129008945486,-0.0065906833945224,0.0021406981950375,0,0,0
49,6,2897.0,0.0012384975778681,0.0112786911016462,0.0013438421576767,0.0040186100880111,0.0045951987969984,0.0003849181495686,-0.0080988440300173,0.0043059149036432,0,0,0
49,7,2898.0,0.0013989697219382,0.0115711842836163,0.0017329982742716,0.0034455204409121,0.0051337280105804,0.0014026650733084,-0.0088496803524117,0.0059917697616404,0,0,0
49,8,2899.0,0.0019113821051822,0.0109485739511644,0.0031922224959693,0.0001998184285674,0.0064530025398436,0.0055516219516411,-0.0099703402201783,0.0114758146318479,0,0,0
49,9,2900.0,0.001594432969701,0.007763763897023,0.0028442158354072,-0.0010801651884938,0.0049889931577723,0.0053948392079065,-0.00709403726102,0.00958362200419,0,0,0
49,10,2901.0,0.001913448472379,0.010012802513415,0.00333380013752,-0.0006746803129777,0.006242585473742,0.0061669745591265,-0.0092793060520124,0.0117714077380836,0,0,0
49,11,2902.0,0.0038709534732854,0.0115850261167387,0.0079196782848674,-0.009218825707847,0.0103331058991278,0.0173997145719297,-0.0116610566496698,0.0245014839460657,0,1,1
49,12,2903.0,0.0023901727644933,0.0079921158458813,0.0047978319971607,-0.0049562988633847,0.0066836511361816,0.0103918910996028,-0.0080811475526115,0.0154299580201035,0,1,1
49,13,2904.0,0.001846747722759,0.0066248326836394,0.00360725738367,-0.0033586628780171,0.0051643392794027,0.0075229260963645,-0.0064003450278955,0.0112910170637049,0,1,1
49,14,2905.0,0.0034350781301272,0.0062907246227859,0.0070834525306383,-0.011006475073371,0.0066180142539064,0.0145782295646058,-0.0043540684888403,0.0145631993721362,1,1,1
49,15,2906.0,0.0041166268610122,0.0046322031772152,0.0084462511572938,-0.0150588801587507,0.0059497512915524,0.0163923251007782,-0.0009255307399533,0.011845183810925,1,1,1
49,16,2907.0,0.0040212918293301,0.0067007286948121,0.0083910910924792,-0.0135263226241045,0.0075604672250104,0.0175268276324007,-0.0044207256664784,0.0171244362560441,1,1,1
49,17,2908.0,0.0047155151936914,0.0009761152279152,0.0088362711031467,-0.0183258947218316,0.0024468602195746,0.0125537362580114,0.0056347393215172,-0.0008988092692161,1,1,1
49,18,2909.0,0.0057599943003622,0.0027780748193557,0.0113925774751138,-0.0226773154297359,0.0050121063443664,0.01928365425853,0.0048113639254104,0.0056124653670175,1,1,1
49,19,2910.0,0.0070052856813381,0.0018627519337299,0.0136720745560083,-0.0282624470598465,0.0045309675362535,0.0215474647217555,0.0087740291484152,0.0010215457030855,1,1,1
49,20,2911.0,0.0062217395924202,0.0005929380410702,0.0114807542549549,-0.0242522478949296,0.0024324217753072,0.015205867161217,0.0083934741160212,-0.0037190495216633,1,1,1
49,21,2912.0,0.00585289497911,0.0009398492672798,0.0109942025341566,-0.023006504590075,0.0028674113157311,0.0156597313773253,0.0076150397775799,-0.0017975148513202,1,1,1
49,22,2913.0,0.0088128698933257,-0.0043174269341715,0.0135100660038751,-0.0313443646772825,-0.0037296907932095,0.004793822710689,0.0152180477297543,-0.0248800908780746,1,1,1
49,23,2914.0,0.0095234765951169,-0.0068500402677979,0.0128592046848232,-0.0311056255861813,-0.0073861316402099,-0.0044873514688185,0.0150870084365675,-0.0323918769213823,1,1,1
49,24,2915.0,0.0047850452694714,-0.0025986673656228,0.0062439989204695,-0.0142024478791249,-0.0012756144790835,0.0023297516444554,0.0046800071858347,-0.0057616040764611,1,1,1
49,25,2916.0,0.0099863676702868,-0.0119191998116561,0.0080263139930498,-0.0218783004330074,-0.0131578756787666,-0.0255894979238261,0.0035253376961828,-0.0225672661118389,1,2,2
49,26,2917.0,0.0089360522715895,-0.0094999933879305,0.0086209591809423,-0.0224921108522648,-0.010581435749264,-0.017878006406176,0.0066240935599636,-0.0241619147156677,1,2,2
49,27,2918.0,0.0100034063631502,-0.0119859902642504,0.0080930425389507,-0.0221160442390806,-0.0134290013965579,-0.0261154086541064,0.0037863855364087,-0.0236208488095725,1,2,2
49,28,2919.0,0.0105344813004705,-0.0144215052267447,0.0060834687619444,-0.0181679441690137,-0.0158079947750217,-0.0357114819015717,-0.0040778875378527,-0.0101591347682245,1,2,2
49,29,2920.0,0.009873214461784,-0.0131162950394622,0.0061783133248014,-0.0179452779544778,-0.0138491317856919,-0.0297483875477946,-0.0005805596589502,-0.015769411590372,1,2,2
49,30,2921.0,0.0088820869346963,-0.0142456663604846,0.0013922906893409,-0.0065479718803677,-0.0108345955953651,-0.0278669621087034,-0.0097522230053,0.0114581603979404,2,2,2
49,31,2922.0,0.0113945060569337,-0.0180839893016052,0.0026041989146281,-0.0107186925303049,-0.0170129665136469,-0.0442893110426001,-0.0162005987392402,0.0184976618210491,2,2,2
49,32,2923.0,0.0100739758308298,-0.0166007475845877,0.0008593617413594,-0.0058008683141445,-0.0122342492455417,-0.0325359848627229,-0.0132517444425114,0.0187766334124962,2,2,2
49,33,2924.0,0.0117824605310804,-0.0216042376248476,-0.0033547787206511,0.0037822121504804,-0.0097227503427012,-0.0308291087185022,-0.0228085012328547,0.0540786339274521,2,2,2
49,34,2925.0,0.0111759801557916,-0.0199540474909774,-0.0019836986487259,0.000579217679141,-0.0112498038288481,-0.0337447539207238,-0.021601137724605,0.0465395785272906,2,2,2
49,35,2926.0,0.0108920759334785,-0.019572757946713,-0.0025127233467908,0.0022561875076175,-0.007988979757163,-0.0238401029545494,-0.0140738630961848,0.0281718174801593,2,2,2
49,36,2927.0,0.0123967983243807,-0.0231560156209007,-0.0053940030578333,0.0093640735265658,-0.001335683707602,-0.0058008552267017,-0.0043032345638838,0.0087344464126568,2,2,2
49,37,2928.0,0.0094726466539324,-0.0180218671095828,-0.0050100246573365,0.0094958733210817,0.0013121958562796,0.0017178255124321,-0.0003371273879842,0.0007811089737606,2,2,2
49,38,2929.0,0.0089363828713995,-0.0182379257943634,-0.0074040739288011,0.0156662867737877,0.0061933938862833,0.0137168251519918,0.0040949285295832,-0.0064169356425966,2,2,2
49,39,2930.0,0.0089556801822718,-0.0183433629055497,-0.0075658124709748,0.0160670343594243,0.0064878493259238,0.0144407448921808,0.0043704501719926,-0.0068814978887078,2,2,2
49,40,2931.0,0.0089580515778643,-0.0183562638306604,-0.0075851137432164,0.0161144979124701,0.0065204505726439,0.0145188963104761,0.0043973120495061,-0.0069262963931462,2,2,2
49,41,2932.0,0.0089480937709227,-0.0183003962513685,-0.0074880215300516,0.0158663148666762,0.0062958972120961,0.0139334902847174,0.0041274560147201,-0.0064426169497972,2,2,2
49,42,2933.0,0.0125595623125198,-0.0246128989258728,-0.007880829841165,0.0154742911516813,0.0026187369416525,0.0034038226919587,-0.0014971811057328,0.0037563189696563,2,2,2
49,43,2934.0,0.0089319563171152,-0.0182107806795735,-0.0073393409809563,0.0154904415057408,0.0059776248049415,0.0131162046356269,0.0037568751729046,-0.0057303504535769,2,2,2
49,44,2935.0,0.0120452062595311,-0.023122600871815,-0.0065039081416418,0.0121934515566532,0.0005012046327276,-0.0017332509524332,-0.0036956255707152,0.0090630119032038,2,2,2
49,45,2936.0,0.008940152955399,-0.0182565851837657,-0.0074174578164509,0.0156891605430735,0.006151088652348,0.0135628143360673,0.0039491072334431,-0.0060443331151765,2,2,2
49,46,2937.0,0.0089435044182283,-0.0182744116234141,-0.0074403726825751,0.0157425004833286,0.0061656804542452,0.0135730911714903,0.0038986455268582,-0.0058736140797987,2,2,2
49,47,2938.0,0.0095457490273827,-0.0185466057767313,-0.0055336100762023,0.0105332045141295,0.0004544058101447,-0.0018486728202577,-0.0043868741809592,0.0115711597152858,2,2,2
49,48,2939.0,0.0109594885406436,-0.0215923387381992,-0.0072010444184985,0.014367601772491,0.0032325674583672,0.0055366074147424,-3.55167234259167e-05,0.0011900389254978,2,2,2
49,49,2940.0,0.0089458391229397,-0.0182879396368322,-0.007467878056787,0.015815735215256,0.0062551012150923,0.0138301953068296,0.0040820063053093,-0.0063511442107825,2,2,2
49,50,2941.0,0.0089428390186806,-0.0182708012339379,-0.0074359370326559,0.0157329817970634,0.0061771588990091,0.0136291886466289,0.0040102929613937,-0.0063037044221131,2,2,2
49,51,2942.0,0.0094858238428796,-0.0184344544390205,-0.0055499574231059,0.0106380213286289,0.0010295688520393,0.0002048062480146,-0.0017096273469216,0.00226849691949,2,2,2
49,52,2943.0,0.0120374576030331,-0.0230792200540768,-0.006429449281271,0.012003867836455,0.0003366076042338,-0.0021539655438261,-0.0038625807135678,0.0092891707071862,2,2,2
49,53,2944.0,0.0089400377326062,-0.0182561887748349,-0.0074188616772952,0.0156941299820277,0.0061648616439698,0.013606933461621,0.0039886122544349,-0.0061545404569049,2,2,2
49,54,2945.0,0.0089430882346753,-0.018273917357219,-0.0074545077537226,0.0157882163818363,0.0062673308666721,0.013887002989209,0.0041436586620064,-0.0064868194079918,2,2,2
49,55,2946.0,0.011887496229419,-0.0230936925302642,-0.0072258615698931,0.0142061468388718,0.0030083802315139,0.005225703935681,0.000318965080489,0.0001877404847828,2,2,2
49,56,2947.0,0.0089288997885779,-0.01825818269594,-0.0074748281241708,0.0158460439065178,0.0063319568980828,0.0140578264891253,0.0042235626671888,-0.006632399125823,2,2,2
49,57,2948.0,0.0089164267623987,-0.0182762646788339,-0.0075629361361043,0.0160734807293739,0.0065218404479767,0.0145343658643505,0.0044152484191544,-0.0069617674406018,2,2,2
49,58,2949.0,0.0086683503250273,-0.0177700737764714,-0.00735763990034,0.0156391910045422,0.0063502170429537,0.014154074525433,0.0043010538121327,-0.006781318714909,2,2,2
50,0,2950.0,0.0006660558526908,0.016581628742426,-0.001458730094863,0.0105949431061952,0.0005511336767804,-0.0072837895476161,0.0002435511772173,-0.0086233076686333,0,0,0
50,1,2951.0,0.0004664180367642,0.0162469638777417,-0.0019820781477157,0.0106898031838985,-0.0007649976923105,-0.007679889589049,0.0029636681810567,-0.0095441335461118,0,0,0
50,2,2952.0,0.0006256031529252,0.0130383563598014,-0.0008387681209612,0.0080512193982542,0.0011057149204496,-0.0052263739701927,-0.001226211229277,-0.0057349481537652,0,0,0
50,3,2953.0,0.0001482451816133,0.012940416818869,-0.0022075809996753,0.0086575826475495,-0.0021159393233266,-0.0063160975629659,0.0052756238655428,-0.0078385749041311,0,0,0
50,4,2954.0,0.0006277852979087,0.0124523995470487,-0.0007087496149881,0.0075561281021599,0.0012251386227636,-0.0047605445174583,-0.0015175796377764,-0.0050149612516668,0,0,0
50,5,2955.0,0.0006891994134111,0.0143988864881325,-0.000934341972637,0.0089279133352635,0.0012139491454036,-0.0058475092921849,-0.0013218908962524,-0.0065243734732967,0,0,0
50,6,2956.0,0.0011345725314852,0.0146347081099729,0.0003682560871087,0.0073940503348918,0.0037833891323726,-0.0030089710556397,-0.0065926042329674,-0.0007031829062237,0,0,0
50,7,2957.0,0.0003917480173095,0.0131839400957783,-0.0015606972679246,0.0085692344026997,-0.0005337088649241,-0.0060417357590699,0.0021820860966324,-0.0073455658019047,0,0,0
50,8,2958.0,0.0005084848447356,0.0151510990547795,-0.0016369063361993,0.0098834231597569,-0.0002165375600324,-0.0070267233292785,0.0017798411403817,-0.0086755290993006,0,0,0
50,9,2959.0,0.0009425623301195,0.0144984583599059,-0.0001871221807224,0.008136926227293,0.0027538828648631,-0.0043889569124853,-0.0045210004588268,-0.0035130600219311,0,0,0
50,10,2960.0,0.0011608055664513,0.0164080414098238,7.547295927255534e-05,0.0088647709300921,0.0036927495268812,-0.0043582814612071,-0.0063212733407824,-0.0027250069060439,0,0,0
50,11,2961.0,0.000968459668519,0.0122129515050805,0.0003734510117246,0.0061561882914637,0.0033364939055832,-0.0024762267550309,-0.0059023181865454,-0.0004888324596477,0,0,0
50,12,2962.0,0.0017766213947302,0.0171968332899162,0.001724909204617,0.006679575649931,0.0065260056560501,-0.000297992130062,-0.0115252650685611,0.0049964160449616,0,0,0
50,13,2963.0,0.001285275883956,0.0130758957990932,0.0011204701747139,0.0054083759437836,0.0046815804752242,-0.0007590775005799,-0.0082927183445718,0.0028528821590795,0,0,0
50,14,2964.0,0.0008162813578482,0.0119857864600005,-4.323850240317462e-05,0.0065342743273411,0.002453545106052,-0.0033045853381571,-0.0040755700127501,-0.0022836779779727,0,0,0
50,15,2965.0,0.0016708428305583,0.021711208616473,0.0005173266190742,0.0112072705645989,0.0057283933111951,-0.0048227821415199,-0.0101723038864665,-0.0016040432474821,0,0,0
50,16,2966.0,0.0010620538033131,0.0118451325130945,0.000721714917559,0.0053682245078223,0.0037887831665361,-0.0014227832841324,-0.0067146556304486,0.0013047841326644,0,0,0
50,17,2967.0,0.0007387126837509,0.0116872553243618,-0.0002096549836152,0.0066025407317049,0.0021010838481329,-0.00359814972068,-0.0034295588178002,-0.0029090504465186,0,0,0
50,18,2968.0,0.0003389101814134,0.0173375840698611,-0.0025655481908116,0.0115438369912675,-0.0018848202565114,-0.0084123781922104,0.0052584794552574,-0.0105571544444961,0,0,0
50,19,2969.0,0.0004496263998463,0.0129437397442326,-0.0013433838781859,0.0083214622417742,-8.373697979058996e-05,-0.0057714241026643,0.0012531756891067,-0.0068887566423132,0,0,0
50,20,2970.0,0.0005413836806624,0.0114660863655378,-0.0007669587888462,0.0071406946004241,0.0009223197674641,-0.0047073632913608,-0.0009597167335387,-0.0052859907862714,0,0,0
50,21,2971.0,0.0008922967597223,0.0136024215895548,-0.0001457593361896,0.0076444254761635,0.0026932400799385,-0.0041074376070774,-0.0045274809834901,-0.0031966572607924,0,0,0
50,22,2972.0,0.0011717413521453,0.0151035264495999,0.0003847462111989,0.0077080228230684,0.0039802443587985,-0.0032211106141914,-0.0070125774663757,-0.00090415671289,0,0,0
50,23,2973.0,0.0007116182891397,0.0106578963508294,-7.998961478697978e-05,0.0059126308908138,0.0021406823933386,-0.0031025476834989,-0.0035674550070156,-0.0023243946965902,0,0,0
50,24,2974.0,0.0006337652424352,0.010161013405187,-0.0002134354429305,0.0058052042799127,0.0017665385064593,-0.0032592053799158,-0.0028252768993049,-0.0028432961742769,0,0,0
50,25,2975.0,0.0006881346078139,0.0159551432915952,-0.0012602092264192,0.0100575249986981,0.0008391212472766,-0.0067647424991875,-0.0004138072803489,-0.0077947893886906,0,0,0
50,26,2976.0,0.0006640695351974,0.0141631503112073,-0.000962466388781,0.0088673599233754,0.0011266749253077,-0.0058987457740916,-0.0011628331666118,-0.0067063215068799,0,0,0
50,27,2977.0,0.0004527402817404,0.0163563779715243,-0.0020408024089538,0.0107630342363431,-0.0008779384237019,-0.0077303468762993,0.0031805605300428,-0.009597692338874,0,0,0
50,28,2978.0,0.0005429732042161,0.0157302749927453,-0.0016534101812689,0.0102453941214249,-0.0001037836727807,-0.0072636405795595,0.0015783261818096,-0.0089327042176282,0,0,0
50,29,2979.0,0.0009188513808121,0.0185547749107767,-0.0011095398281223,0.0114202756538742,0.0017763067745972,-0.0073739091501975,-0.0021646606115219,-0.0080405309082778,0,0,0
50,30,2980.0,0.0006085657430674,0.0125262251604038,-0.0007863732515414,0.0077617666263204,0.001123910395665,-0.0050727540802148,-0.0012920636049892,-0.0056314577159628,0,0,0
50,31,2981.0,0.0007692973373941,0.0127345738653575,-0.0003389323133948,0.007398332591317,0.0021118948536463,-0.0042765099182393,-0.0033744342442476,-0.003889442890377,0,0,0
50,32,2982.0,0.0009297130124909,0.0153027858721014,-0.0003935724284026,0.0088512138220736,0.0025410170880993,-0.0050819798053225,-0.0040325227488777,-0.0045924105349003,0,0,0
50,33,2983.0,0.0005880007579249,0.0112869474632035,-0.0005861372411202,0.0068521104421695,0.0012674885362633,-0.0043176273135229,-0.0017142037768851,-0.0045462608810811,0,0,0
50,34,2984.0,0.0002743334267988,0.0102721375635274,-0.0012961026622388,0.006673507244915,-0.0005961913463005,-0.0046800524009944,0.0019898292179418,-0.0056012416116249,0,0,0
50,35,2985.0,0.0005554326962793,0.012500646782694,-0.0009310835616756,0.0077632383349585,0.0007592071368255,-0.0050830930492468,-0.0005792429539484,-0.0056295479958419,0,0,0
50,36,2986.0,0.0003875763409933,0.0127288476044472,-0.0014791967646501,0.0082958927862759,-0.0004237351579436,-0.0058685207828256,0.0019028574869069,-0.0071527755351575,0,0,0
50,37,2987.0,0.0005783362741037,0.0126096240928414,-0.0008920975282051,0.0078836268778312,0.0009091973933964,-0.005228403335133,-0.0008539738858965,-0.0059115301072192,0,0,0
50,38,2988.0,0.0004640687820877,0.0111952554433919,-0.0009361170599557,0.007024661786395,0.0004375434221529,-0.0046903971985616,1.2073306373433768e-05,-0.0053538046296324,0,0,0
50,39,2989.0,0.0006300175851441,0.0146871906802112,-0.0011549712872713,0.0091537191687216,0.0007688734274739,-0.0060215185980374,-0.0004741914951107,-0.0066926424872107,0,0,0
50,40,2990.0,-0.0005864494777049,0.015285690165521,-0.0046248066073497,0.010302578062398,-0.0071224890496619,-0.0073058435909363,0.0142201157717152,-0.0081447314930794,0,0,0
50,41,2991.0,0.0001776304402481,0.0098471529379897,-0.0014807428742221,0.0064793231568322,-0.0011156922148011,-0.0046124733529925,0.0029368475885255,-0.0055741400920233,0,0,0
50,42,2992.0,0.0007393728043182,0.017032589327081,-0.0013247175852609,0.0106890197851915,0.000941892501492,-0.0071320609577116,-0.000578468302229,-0.0081231311390038,0,0,0
50,43,2993.0,8.120038176701128e-05,0.0095457007666375,-0.0016817627875336,0.0063443364823945,-0.001637687826243,-0.0045717940158862,0.0038824269466716,-0.0055856399698101,0,0,0
50,44,2994.0,-0.0005449913918508,0.0096890976184282,-0.0032839661584247,0.0063946282418644,-0.0050769963471455,-0.0043496706396465,0.0094070599370411,-0.0045733230979335,0,0,0
50,45,2995.0,0.0001599737213198,0.0132173823816445,-0.0021967476367052,0.0087347779944302,-0.0019689106146892,-0.0062514520649974,0.0048021030916338,-0.0076002286860656,0,0,0
50,46,2996.0,-0.000909076958929,0.0227784432837192,-0.0070327897565547,0.0155180970079831,-0.0110157349018676,-0.0112032765754856,0.0222819129438667,-0.0128195874237186,0,0,0
50,47,2997.0,-0.0018429917241541,0.0110660200172301,-0.0068216804769255,0.006909210599164,-0.0125429542500788,-0.0037109496808059,0.021057405331357,-0.0012657910634701,0,0,0
50,48,2998.0,-0.0025675075226802,0.0097657405968428,-0.0082093825480213,0.0056147146093597,-0.0154049350477146,-0.0020699096558962,0.0241200954085327,0.0019897785795342,0,0,0
50,49,2999.0,-0.004088062264754,0.0060329454052099,-0.0104720892586028,0.0018706834162209,-0.0189460906053831,0.0022417456583733,0.0238653646674456,0.0089257510281656,2,0,0
50,50,3000.0,-0.0084888892432887,0.0071242921050475,-0.0199981779998349,-0.0002141445653533,-0.0348392541934688,0.0077151299362194,0.038081401240038,0.0206964872568366,2,0,3
50,51,3001.0,-0.0079905448352295,0.0053545562796555,-0.0181449188564378,-0.001229659578501,-0.0305514621811743,0.0077784308839212,0.0307400524433517,0.0187147337392751,2,0,3
50,52,3002.0,-0.0097066910227861,0.005684474099867,-0.0214084920144998,-0.0020716776729827,-0.0348758250509132,0.0094478375536551,0.0330209734617555,0.0211830985720958,2,0,3
50,53,3003.0,-0.0074461683319782,0.0025059401962625,-0.0146983066353582,-0.0028250659544876,-0.0206344365033253,0.0068359197955207,0.0143853968668403,0.0116020267795693,2,0,3
50,54,3004.0,-0.0207150027009306,0.0030477609860937,-0.0385333833112369,-0.0109539502181152,-0.048377480492768,0.020144999960959,0.0180817822372041,0.0258615297155941,2,3,3
50,55,3005.0,-0.0132740921157875,0.0001234338087944,-0.0206059981881983,-0.0072721008774802,-0.0184982447911757,0.0089862045120015,8.156650609052962e-05,0.0066317971472239,2,3,3
50,56,3006.0,-0.0197563983712986,0.0003113731715958,-0.0332151954776604,-0.0118493833988128,-0.0332806402453855,0.0167778333758622,-0.0027022870067907,0.0123406973817861,2,3,3
50,57,3007.0,-0.0238322046109057,-0.0005584408871257,-0.0385904762579403,-0.0147402694563563,-0.0346179294311504,0.0189567404533646,-0.011372954982808,0.0091198094236005,2,3,3
50,58,3008.0,-0.0210538516842499,-0.0012273097649951,-0.0324090111513797,-0.013148816637528,-0.0247406017208062,0.014849256290804,-0.0159558611432101,0.0024856765288797,2,3,3
51,0,3009.0,0.0004176164332175,0.0154771533323979,-0.0019737804840601,0.010280969488236,-0.0009192014772593,-0.0074999178677172,0.003262902986257,-0.0095025453029945,0,0,0
51,1,3010.0,0.0004261578327476,0.0137881004339202,-0.0015988431966836,0.0090631477539028,-0.0004512523028313,-0.0065187072747987,0.0021531286226819,-0.0081555556287521,0,0,0
51,2,3011.0,0.0012796175385552,0.0200680401754186,-0.0003314092957193,0.0114320780887243,0.0037383963304382,-0.0063487340936824,-0.0061666338347236,-0.0053539577020737,0,0,0
51,3,3012.0,0.0006506756028267,0.0107205756471443,-0.0002769173035992,0.0061993490246205,0.0017790563059622,-0.0035546557409884,-0.0028323160531532,-0.0031936739306734,0,0,0
51,4,3013.0,0.0005432372743102,0.0094844742458758,-0.0003450039971968,0.0055809584500762,0.001352162032291,-0.0033214723349319,-0.0020196398711619,-0.0032081342439179,0,0,0
51,5,3014.0,0.0012204276369256,0.014053853182157,0.0007394836552565,0.0065616984417749,0.0043092666150865,-0.0020016120751608,-0.0076156966996564,0.000969155389411,0,0,0
51,6,3015.0,0.0015546754409506,0.0195333062925185,0.0006191771745317,0.0098461116382363,0.005413325077291,-0.0039394225549061,-0.0096460326752501,-0.0006795794357019,0,0,0
51,7,3016.0,0.0008976265363346,0.0096346201090121,0.0006757738118592,0.0041815181329265,0.0031611030791291,-0.0008998806101462,-0.0055051042587842,0.0014091814032173,0,0,0
51,8,3017.0,0.0008722906121895,0.012555783963916,5.609971856572159e-06,0.0068323958563755,0.002702563655031,-0.0034383517773508,-0.0045576499681931,-0.0023376647047952,0,0,0
51,9,3018.0,0.0008938579031335,0.0132346216596174,-9.897727610822692e-05,0.0071839262032382,0.0024598464283473,-0.0037247268728039,-0.0037810019369004,-0.0029991035630931,0,0,0
51,10,3019.0,0.0025374782869945,0.0121843051879139,0.004575817141046,-0.0019530486244886,0.0079473481204586,0.0089243164218736,-0.0112040925552763,0.0158329102940739,0,1,1
51,11,3020.0,0.0019869622305365,0.0197509963013814,0.0018129014282889,0.0079120506683081,0.0071728639640612,-0.00078392561009,-0.0125534440935205,0.0047946933604995,0,0,0
51,12,3021.0,0.0016488344422279,0.009750175063009,0.0027004405816153,0.0004307476492233,0.005570919401208,0.0045976947057001,-0.0086246972399774,0.0097290569333913,0,0,0
51,13,3022.0,0.0012183781107845,0.0118958044234421,0.0011245745416944,0.0046132592195486,0.0042197847333369,-0.0003611606549772,-0.0071599955963537,0.0027616885882164,0,0,0
51,14,3023.0,0.0027541255104123,0.0106820899870138,0.0053093450253394,-0.0043610738253735,0.0080120846118236,0.0110344167862164,-0.0103215356203739,0.0173302625200753,0,1,1
51,15,3024.0,0.0015627112324249,0.0090878256631694,0.002591981219124,0.0002791868544286,0.0053091371264492,0.0044805058701171,-0.0082513305528357,0.0094192245558667,0,0,0
51,16,3025.0,0.0029788674582301,0.0164242358146001,0.0051339684277578,-0.0003433414637337,0.0101819146375097,0.0094618342771801,-0.0157476839088934,0.019353195723118,0,1,0
51,17,3026.0,0.0025430221407906,0.0116906916277404,0.0047169347886218,-0.0024403401128216,0.0081232032624943,0.0095271780355049,-0.0116024272683682,0.0169898089897098,0,1,1
51,18,3027.0,0.0028652098791467,0.0090454590209784,0.0058182261189924,-0.0064180463446023,0.0078502917318336,0.0127233716208196,-0.0092076611383927,0.0184388403002759,0,1,1
51,19,3028.0,0.0024209263925554,0.0078216930272769,0.0048101292423813,-0.0051171363351662,0.0064466462785488,0.0101162219260762,-0.0075483580635444,0.014372721319077,0,1,1
51,20,3029.0,0.0046952471133278,0.0037870781232429,0.0094756404029463,-0.0178966540499003,0.0053450861602245,0.0171498432902403,0.0018444385912415,0.0082344340722522,1,1,1
51,21,3030.0,0.0038987091212389,0.0038002549723566,0.008061821627608,-0.0148069785197093,0.0053507902957684,0.0157604962934042,8.633907608475289e-05,0.0105189956808271,1,1,1
51,22,3031.0,0.0060428558517563,0.0018347779602597,0.0115444149944066,-0.0235796936072515,0.0039627667363203,0.0177458529324732,0.0063728545021259,0.0018201422012369,1,1,1
51,23,3032.0,0.0077125313897362,0.002601946557087,0.0151681574128781,-0.0309894647549184,0.0056144194420691,0.0247041681078178,0.0087969943120332,0.0031551280225168,1,1,1
51,24,3033.0,0.007192647084337,0.0010043048409158,0.0136479640667017,-0.028734693240184,0.0034724294236489,0.0197280681088159,0.0101637797621496,-0.0029567342921254,1,1,1
51,25,3034.0,0.0051250108342663,0.0040211578835718,0.0101618762124582,-0.0191027486248308,0.0057995922460958,0.0181182844334148,0.0010750530219162,0.0101655130984291,1,1,1
51,26,3035.0,0.0063122438287669,0.0022219510133537,0.0125046906145373,-0.0255258613995332,0.0047283674038347,0.0206420357637995,0.0072733636908158,0.0028842219461354,1,1,1
51,27,3036.0,0.0079033827676598,0.0024010031836988,0.0155608143591823,-0.0320070697573305,0.0054875911751682,0.0251470671576677,0.0097250404183221,0.0020686437318513,1,1,1
51,28,3037.0,0.0089202847408696,0.0007653196923832,0.0167615731104694,-0.0355972435743594,0.0036474460158947,0.0231734313919167,0.0132717354727748,-0.0059216628834814,1,1,1
51,29,3038.0,0.0091180578828629,-0.005105039228568,0.0134501087349011,-0.0315616114410879,-0.004763845339745,0.0023077156898355,0.0153243382854334,-0.0271436039312064,1,1,1
51,30,3039.0,0.0079478109427733,-0.0054161426976031,0.0109506269194806,-0.026277371509157,-0.0056204559124059,-0.0022121982160232,0.012796440406171,-0.0261316136886094,1,1,1
51,31,3040.0,0.0059504978920919,-0.0040652702468532,0.0069766954970224,-0.0162387693978138,-0.0024871223632574,5.104417510700606e-05,0.0051543609884315,-0.0079119917517641,1,1,1
51,32,3041.0,0.0053423826502175,-0.0035448519547411,0.0065566020979576,-0.0152586153368284,-0.0019553432814805,0.0015070921776283,0.0060248969098794,-0.0092483984261789,1,1,1
51,33,3042.0,0.0065199501278606,-0.0061112829994565,0.0065223571013742,-0.016227422577593,-0.0054478095308547,-0.0074299756003651,0.0046555034789155,-0.0123171276725839,1,1,1
51,34,3043.0,0.009005551156837,-0.0118680863928495,0.005641198073093,-0.0162728446569855,-0.0121708726573036,-0.0258905460999405,-0.0002582212227313,-0.0140475011988004,1,2,2
51,35,3044.0,0.0111304759557153,-0.0164202740941436,0.0044943309834988,-0.0148024424696708,-0.0162024547839609,-0.0388861126358904,-0.0084474620671684,-0.0003910138458263,1,2,2
51,36,3045.0,0.0092427736343562,-0.0137857826978735,0.0022748189770948,-0.0079888737748049,-0.0077673516073507,-0.0175509514617039,-0.003168892962239,0.0012571328848584,2,2,2
51,37,3046.0,0.0106324884786819,-0.0157315036411684,0.0042520187775512,-0.0140912517309921,-0.0158957842005821,-0.0386664879849426,-0.0095867810421781,0.0031979087470374,1,2,2
51,38,3047.0,0.0112025946890304,-0.0177842277248049,0.0025436069645223,-0.0104918932974387,-0.0166655181508728,-0.0433702089835801,-0.0158195863998088,0.0179527233252657,2,2,2
51,39,3048.0,0.0106360778816585,-0.0155681861514442,0.0043113689011282,-0.0140254774937872,-0.0145910005288036,-0.0344640080089196,-0.0067243237004373,-0.0018389952086286,1,2,2
51,40,3049.0,0.0089518580480295,-0.0130778825952144,0.0026163652106904,-0.0086072771439907,-0.0068978992861914,-0.0141973851984766,0.0002067054177731,-0.0067500093562207,1,2,2
51,41,3050.0,0.0096001640011848,-0.0177351510615064,-0.0032949956168742,0.0046867626252299,-0.0054874741909174,-0.0180411446239909,-0.0140356696585518,0.0343339093994394,2,2,2
51,42,3051.0,0.0120899923694017,-0.0225147038833954,-0.0043899081365526,0.0063897672341814,-0.0073642694674461,-0.0246728483716562,-0.0202086911495457,0.0506052489573108,2,2,2
51,43,3052.0,0.0094996532576283,-0.0165464489615619,-0.0018205903945792,0.0015655890387962,-0.0041900791810685,-0.0114373387123763,-0.0048425252971307,0.0083590208028722,2,2,2
51,44,3053.0,0.0073661275155481,-0.0138735736153456,-0.0034235722956063,0.0060863815734751,-0.0006036294600258,-0.0031949587456054,-0.0029127041003756,0.0065206349562948,2,2,2
51,45,3054.0,0.0132338601945395,-0.024806300155768,-0.0061450921371438,0.0111195793614931,0.0004801729916101,-0.0004638239139203,-0.0004032837279439,-0.0006018102813452,2,2,2
51,46,3055.0,0.0122817465088485,-0.0227658531866792,-0.0041048962610762,0.005515798865123,-0.0087045585276329,-0.0284561765286753,-0.0222842745145642,0.0542799704986762,2,2,2
51,47,3056.0,0.0125619074365731,-0.0243107345224542,-0.0074057159501081,0.014414845627588,0.0026001745901345,0.003975357762306,-0.0004952920428921,0.0019976347905222,2,2,2
51,48,3057.0,0.0089102971103055,-0.018092539993697,-0.0071599214988284,0.0150479640320632,0.0056707543000724,0.0123818325275723,0.0035154904693247,-0.0053665686554004,2,2,2
51,49,3058.0,0.0084076625303306,-0.0153209669237287,-0.0027310879397161,0.0039696078117674,-0.0029193187975498,-0.0089729167690871,-0.0047131512017981,0.008152042760436,2,2,2
51,50,3059.0,0.012372631469925,-0.0242090009224912,-0.0076733419198726,0.015012218362723,0.0023767615102799,0.0028322982085866,-0.001706024787477,0.0041331191600605,2,2,2
51,51,3060.0,0.0089308636484576,-0.0182037263991594,-0.0073193577146707,0.0154342725428137,0.0058929284955111,0.0128660911573919,0.0035784062425993,-0.0053045578613454,2,2,2
51,52,3061.0,0.0113997167441591,-0.0221652534473287,-0.0066390873337488,0.0126519954182505,0.0005672299333611,-0.0021796462826743,-0.0053024047986868,0.0140678819653173,2,2,2
51,53,3062.0,0.0089328858717597,-0.0182144171934369,-0.0073321514572308,0.0154629429230218,0.0058893854475144,0.012828547013854,0.0034903514831652,-0.0049951257400527,2,2,2
51,54,3063.0,0.0109263345146491,-0.0212706648530699,-0.0064260400857753,0.0122882157946208,0.0006909823080292,-0.0017053944881249,-0.0049019886377431,0.0131426530826881,2,2,2
51,55,3064.0,0.0089440054550567,-0.0182773730072003,-0.007446743941647,0.0157595637221827,0.0061858227408025,0.0136291425682984,0.0039307614320019,-0.0059400623322179,2,2,2
51,56,3065.0,0.0089230265241001,-0.0182262444385192,-0.0074277385871992,0.0157311552143118,0.0062630525434416,0.0139065402697311,0.0042072385371212,-0.0066714607574589,2,2,2
51,57,3066.0,0.0141662610108693,-0.0271589912103224,-0.007953411659995,0.0153849906593693,0.0032295929344372,0.0062084958247065,0.0021881556240736,-0.0056644328860935,2,2,2
51,58,3067.0,0.0086504255115081,-0.0176722529311655,-0.0072096235148905,0.0152745953080453,0.0061024698297803,0.0135693028605618,0.0041352678283254,-0.006598817511959,2,2,2
52,0,3068.0,0.000893171029434,0.0158449906854268,-0.0006194282799832,0.0094243356731769,0.0022108830762956,-0.0057199111764611,-0.0033011986185306,-0.0056904968876771,0,0,0
52,1,3069.0,0.0012295775444056,0.0150718310670699,0.0005577091377484,0.0074249552056786,0.0042500214915734,-0.0027941670532029,-0.0075008919901495,-0.0001672731244772,0,0,0
52,2,3070.0,0.000787795727789,0.0113318220184085,1.6973520192340617e-05,0.0062226878052792,0.0025458591757427,-0.0031515971527211,-0.0044397502283411,-0.0020683009631759,0,0,0
52,3,3071.0,0.0017707540086023,0.0235792159371477,0.0004315177368439,0.0123889753940139,0.0060150014271761,-0.0056011114713411,-0.0106669674619128,-0.0024298067079104,0,0,0
52,4,3072.0,0.0016451998680128,0.0202135998548476,0.0007492594106644,0.0099956393735599,0.0057639771363659,-0.0037510315892889,-0.0102662793115572,-8.80660459548182e-05,0,0,0
52,5,3073.0,0.0011239120722359,0.0193130287351844,-0.0006466683790412,0.01144239713827,0.0029748284738967,-0.0068782273782211,-0.0046471138913365,-0.0067052526889644,0,0,0
52,6,3074.0,0.0009573971807655,0.0169420626463242,-0.0006513706742254,0.0100480289774081,0.0023864440883382,-0.0060519523057146,-0.0035981676802711,-0.0059171984091082,0,0,0
52,7,3075.0,0.0011038587922447,0.0148530914575333,0.0002323232782182,0.0077742521532093,0.0036404993701933,-0.0035001768022091,-0.0063430330089736,-0.0015427557830415,0,0,0
52,8,3076.0,0.0013163938360037,0.0169130633053186,0.0004455000888815,0.0086699743377216,0.0045333758947384,-0.0036633202534017,-0.0080546003587517,-0.0010905857072815,0,0,0
52,9,3077.0,0.0018498002116482,0.014836642220184,0.0023774210809426,0.0041204043715783,0.0067680267220028,0.002242251030378,-0.0115936230859083,0.0083790448004955,0,0,0
52,10,3078.0,0.0014403838957387,0.0112118957868023,0.0018965470376949,0.002876994490766,0.0051500707032408,0.0019712902676437,-0.008631659259987,0.0065582036759108,0,0,0
52,11,3079.0,0.0014786964715294,0.0166123216030226,0.0009826550588038,0.0076183996360431,0.0053052345968868,-0.0021321101077152,-0.0094517417396408,0.001615395975774,0,0,0
52,12,3080.0,0.0019405495396561,0.0140690908464657,0.0027580498530077,0.0029460769953523,0.0069907844184906,0.0035033522040567,-0.0116926648720503,0.0099818843598179,0,0,0
52,13,3081.0,0.0016667678050266,0.0142180241803366,0.0019704881867652,0.0045054945120907,0.006062793295122,0.0012547035506821,-0.0104627767330817,0.0064922998890498,0,0,0
52,14,3082.0,0.0029961711078688,0.0097726153251101,0.0060317419540532,-0.006427538490462,0.0082404872782268,0.0130861361598288,-0.0097286097205511,0.0190668914373997,0,1,1
52,15,3083.0,0.0017231094968557,0.0056961347974463,0.0034349519249211,-0.0035881721455503,0.0046845379190795,0.0073206204273185,-0.0055186939268615,0.0105524711395557,0,1,1
52,16,3084.0,0.0036938141404051,0.0108370175819247,0.0075161783420351,-0.0088763215394704,0.0095876077527315,0.0162637171631595,-0.0105646599115198,0.0222863843890105,0,1,1
52,17,3085.0,0.0017717539199502,0.0084752900937861,0.0032062088832632,-0.0013576582977338,0.005615670559134,0.0062319423004024,-0.0080543763490211,0.0111830803667693,0,0,0
52,18,3086.0,0.002332824937928,0.0063634475394232,0.0047631162005865,-0.0059689470750546,0.0057656389669741,0.0102363929269233,-0.0059406484933519,0.0132951152089574,0,1,1
52,19,3087.0,0.0034477261175889,0.0115358498249884,0.0069121925241503,-0.0071285809388074,0.009617708513276,0.014925812080239,-0.0116100525607441,0.0220825823007506,0,1,1
52,20,3088.0,0.0029328283947029,0.0089866378721561,0.0059726123271316,-0.0067917517188071,0.0078877408047249,0.0130517756393265,-0.0090213627852622,0.0185107960801757,0,1,1
52,21,3089.0,0.0025285501143616,0.0093182889081653,0.004998459115963,-0.0045037395426209,0.0074578226683126,0.0107472073568358,-0.0096384435123558,0.0169984426599888,0,1,1
52,22,3090.0,0.002626366999375,0.009360042132318,0.0052233548073102,-0.0049594991872276,0.0076085760001724,0.0112800836763333,-0.0096038296509111,0.0174481810632944,0,1,1
52,23,3091.0,0.0021426942061735,0.0090957278471956,0.0040614932128936,-0.0027297393727757,0.0065732257329093,0.0083653276414993,-0.0089609046616755,0.0140415957791004,0,1,1
52,24,3092.0,0.0033096418647496,0.0092642172874984,0.0067889467640009,-0.0083696641571577,0.0084178759764852,0.0148030190489192,-0.0088972546276612,0.0197729418423905,0,1,1
52,25,3093.0,0.0022772010882664,0.0147392688063263,0.0035289248225866,0.0018062042681185,0.0079513103359268,0.0054177145759732,-0.0128105333986735,0.0128083081041927,0,0,0
52,26,3094.0,0.0023427502340393,0.0146749380302364,0.0037302770827751,0.00137865669658,0.0081817168194661,0.0060550447050163,-0.0130912001447494,0.0138317155023132,0,0,0
52,27,3095.0,0.002342983770503,0.0164910776356236,0.0034171451569672,0.0031016399523619,0.0084040642265084,0.0046076213994879,-0.0139669795684725,0.0124410289629255,0,0,0
52,28,3096.0,0.0023888527118727,0.0107146766921861,0.004429123383466,-0.0024870635350476,0.0074141951778382,0.0088561603302424,-0.0103323614969876,0.0152388719115188,0,1,1
52,29,3097.0,0.0034327693728948,0.0098482884490185,0.0070414359246086,-0.0085107719664869,0.0089013462405629,0.0154146268972562,-0.0096474165850565,0.021002537115223,0,1,1
52,30,3098.0,0.0021003332065516,0.0079490077747775,0.004068148604587,-0.0034671141727177,0.0060685744798004,0.0084519785028141,-0.0078132556950724,0.0131854697467962,0,1,1
52,31,3099.0,0.0028903713122674,0.0055581943291667,0.0060101238395347,-0.0091684982322828,0.00590677636556,0.0127256602596797,-0.0043274995479102,0.0136796987033423,0,1,1
52,32,3100.0,0.0038192315055832,0.0037848665219339,0.0077375367087803,-0.0141044694127539,0.0050049160943143,0.0145118762810875,-6.8872018011774805e-06,0.0092589195164321,1,1,1
52,33,3101.0,0.00741754877588,0.0039793711935717,0.0147818990858746,-0.0291825389813238,0.0069182959446183,0.0256561105168086,0.0056882119823271,0.0086435469217011,1,1,1
52,34,3102.0,0.0032902274575633,0.005733903512635,0.0068607506338278,-0.0108891835361621,0.0063369385684083,0.0143859923823156,-0.0039451362200225,0.014360959837457,1,1,1
52,35,3103.0,0.0052289370078981,0.0038162946527995,0.0106571087830665,-0.0204153868462155,0.0059439545752958,0.0197106723470818,0.0024325910193536,0.0097187423411376,1,1,1
52,36,3104.0,0.0067853909608793,0.000862430579808,0.0127754732093365,-0.0269200711160742,0.0031378748770197,0.0181685819937951,0.0095312378208444,-0.003136502911561,1,1,1
52,37,3105.0,0.0062237434177692,0.0004128605614326,0.0114263011039998,-0.0242330036640043,0.0023672261160789,0.0152596377367856,0.0087119819509259,-0.004046010174697,1,1,1
52,38,3106.0,0.0059397696926405,0.0027704523344303,0.0119104635300015,-0.0238552604433115,0.005255895141066,0.020666522247241,0.0055939575031682,0.0056926754144796,1,1,1
52,39,3107.0,0.005726270908446,0.0037872971652378,0.0115547293049448,-0.0223246037560375,0.0062095009537999,0.0210771541554776,0.0028617127668811,0.0102185945948951,1,1,1
52,40,3108.0,0.0055661523588992,0.0026497549723073,0.0107854492848697,-0.0214005968903892,0.0045341395216159,0.0173924042835829,0.0042498360774607,0.0047067846811942,1,1,1
52,41,3109.0,0.006791559628325,-0.0006732655661451,0.0117801350558559,-0.0255278213574227,0.0012175390604308,0.0133228669950576,0.0099007431732755,-0.0076241904263058,1,1,1
52,42,3110.0,0.0047733625003962,-0.0016734820249856,0.0076683562543413,-0.0173513976355001,-0.0010596237115321,0.0048650274682186,0.0078845784276821,-0.0110536297810795,1,1,1
52,43,3111.0,0.0075069265474395,-0.0045755265463163,0.0108044308290974,-0.0255939485945382,-0.0045400649048,0.0002183840751357,0.0125601595160551,-0.0237027823490322,1,1,1
52,44,3112.0,0.0076017038398609,-0.0029902317508013,0.0121799847980151,-0.0278208015955665,-0.0021702357623389,0.0069824171210894,0.0133058925335994,-0.0195504728553091,1,1,1
52,45,3113.0,0.0085204235736798,-0.0040211336617497,0.0130801872365446,-0.0302023832892766,-0.0031997635501079,0.0055158922510579,0.014409570902103,-0.0226019844045115,1,1,1
52,46,3114.0,0.0096118774509634,-0.0083877820310673,0.0114110465315414,-0.0284227346549811,-0.0092942604386395,-0.0110555555780792,0.0121698587753235,-0.031160657848146,1,1,1
52,47,3115.0,0.0078250426425633,-0.0053871107032087,0.0107996181466033,-0.0259757575115346,-0.0057017693417558,-0.0024962788535335,0.0127916988916886,-0.026441060268836,1,1,1
52,48,3116.0,0.0086780166917922,-0.0076989514364787,0.0100581293162956,-0.0250890871695805,-0.008326047553036,-0.0101878903955794,0.0103603230211951,-0.0267973576638192,1,1,1
52,49,3117.0,0.007639934831121,-0.0066110371037258,0.0070906988960687,-0.0168174929996732,-0.0030128270849636,-0.0012141557171785,0.0042068541363982,-0.0053133908594495,1,1,1
52,50,3118.0,0.0078553151713131,-0.0093570135428035,0.0058679678652187,-0.0158635374264005,-0.008963408495976,-0.0172196487433186,0.0016785359196394,-0.0115652293958288,1,2,2
52,51,3119.0,0.0095541304462518,-0.0094963315449468,0.0099958012875245,-0.0255861028008568,-0.010478265134366,-0.0158652849809306,0.0091244352081702,-0.0279647990855775,1,1,1
52,52,3120.0,0.0093223276183789,-0.0122867215183112,0.0060764571757881,-0.0175701935911004,-0.0136030783104533,-0.0293866602055952,-0.0009201373798552,-0.0147409662456585,1,2,2
52,53,3121.0,0.0105358839699356,-0.0136648212949925,0.0071200129052852,-0.0203330582308493,-0.0148377220204769,-0.0312167044890304,0.0005123750184941,-0.0192904809678255,1,2,2
52,54,3122.0,0.0115319838705869,-0.0187697566551201,0.0016177727435502,-0.0083205205430311,-0.0157895525019472,-0.0420322210367427,-0.0173311991754702,0.0242546178193633,2,2,2
52,55,3123.0,0.0110720528185919,-0.0175412560821534,0.0026022092306402,-0.0105964916702314,-0.0166516200118934,-0.0432919006405834,-0.0157011270568317,0.0175743087593556,2,2,2
52,56,3124.0,0.0118901905696768,-0.0193468332486655,0.0017532877933989,-0.0088366643531217,-0.0166579699597837,-0.0443420055803192,-0.0181548101506279,0.0248805893388245,2,2,2
52,57,3125.0,0.0092875835721425,-0.0147918388793147,0.0009659800466927,-0.005151578149578,-0.007673523678449,-0.0185721947937664,-0.0048207245200685,0.0042076900133818,2,2,2
52,58,3126.0,0.0103165479970014,-0.0181693097252178,-0.0016121659515407,0.000243985306896,-0.0086872515580343,-0.0249729147093281,-0.013354217345417,0.0250163401678616,2,2,2
53,0,3127.0,0.0013639857808515,0.0181889049425232,0.0003266706843622,0.00953638336916,0.0046075064955711,-0.0042893132408848,-0.0081507051936393,-0.001821049380276,0,0,0
53,1,3128.0,0.000896220581571,0.0151333063061212,-0.000458393493419,0.0088493584760116,0.0023887271167685,-0.0051866910918156,-0.0037453888260274,-0.0048462960578438,0,0,0
53,2,3129.0,0.0011723864585368,0.0168333750150769,2.5759084428361067e-05,0.0091724050662559,0.0037104844281222,-0.0045863585558297,-0.0063582331932775,-0.0029737134499261,0,0,0
53,3,3130.0,0.0014102101046011,0.0154646798420907,0.0010058272103069,0.0068722772494617,0.0050020791576059,-0.0016575941364081,-0.0087860640763933,0.0019928874275692,0,0,0
53,4,3131.0,0.000837513900979,0.0161935201870016,-0.0008603387599782,0.0098336601566524,0.0017615352023245,-0.0062057884545499,-0.0023208860128354,-0.0065648141637996,0,0,0
53,5,3132.0,0.0005905132276274,0.0133898150568995,-0.0010226581641099,0.0084541752638395,0.0007968974128066,-0.0057078924081626,-0.0005206924988011,-0.00662578963761,0,0,0
53,6,3133.0,0.0005893054249442,0.0175336917749529,-0.0018918092897516,0.0114319055967926,-0.0002474269602242,-0.0081263798227708,0.0020544448022238,-0.0100433569350672,0,0,0
53,7,3134.0,0.0008553153995723,0.0169410557723271,-0.0009694652030783,0.0103654586739646,0.0016823329031113,-0.0066503259382228,-0.0020533778502887,-0.0072440100534786,0,0,0
53,8,3135.0,0.0007428597165746,0.0159438403228207,-0.0010975010344013,0.0099553454784109,0.0012101196927705,-0.0065968718090993,-0.0011729842245209,-0.0074702963939748,0,0,0
53,9,3136.0,0.0002910139055568,0.015129343139167,-0.0022593148767177,0.0101249605086354,-0.0016891567323562,-0.0074377356719971,0.0047249098807379,-0.0094252980971368,0,0,0
53,10,3137.0,0.0004309633083915,0.0117808250876592,-0.0011491162402685,0.0074649871062086,8.283798791011793e-05,-0.0050476486138136,0.0007511732576111,-0.0058113423790133,0,0,0
53,11,3138.0,9.226525339899954e-05,0.0134082592031816,-0.0024378159981671,0.0089364711957289,-0.002516293505139,-0.0064496433395414,0.005920953704502,-0.0078387619854631,0,0,0
53,12,3139.0,0.0004004574858652,0.0132831900373103,-0.0015528837580079,0.0086314063310147,-0.0004763061749388,-0.006073186389029,0.0020430899719378,-0.0073427441941192,0,0,0
53,13,3140.0,0.0007027944790709,0.012074892644848,-0.0003890510890287,0.0068950722257049,0.0017726096934768,-0.0038332330550434,-0.0027633808382782,-0.003200493713636,0,0,0
53,14,3141.0,-8.95340015533381e-05,0.0125104651901643,-0.0027603199583654,0.0084155497061515,-0.0035015909990641,-0.0061068158368309,0.0076955052306298,-0.007354839202944,0,0,0
53,15,3142.0,0.00050797819589,0.0156372033947153,-0.0017258569894116,0.0101731725159641,-0.000293569234702,-0.0071837248787346,0.0018816415810327,-0.008757564497871,0,0,0
53,16,3143.0,-5.3017675607092505e-05,0.0125602831813725,-0.0026894253554878,0.0085555669489012,-0.003316632865716,-0.0063570652282629,0.0075030448920263,-0.0079538865193495,0,0,0
53,17,3144.0,-0.0002880643316661,0.0094852845525732,-0.0026486294923731,0.0063579657204757,-0.003857113499486,-0.0045004903042139,0.0077044051475196,-0.0050921796769585,0,0,0
53,18,3145.0,-0.0005117745683468,0.0117979453565879,-0.0037199330581403,0.007965290654106,-0.0058134795653565,-0.0056457059415227,0.011470930439573,-0.0062692596723808,0,0,0
53,19,3146.0,-0.0002054768594508,0.011267327396323,-0.002815416281289,0.0076477780245503,-0.0038697964386433,-0.0055907225446122,0.0081647743054424,-0.0067447771614988,0,0,0
53,20,3147.0,-7.519039864189241e-06,0.0099478025131637,-0.0020317758535049,0.0067418068181947,-0.0023949222591377,-0.0049824282081124,0.0054859038360673,-0.0062175605250562,0,0,0
53,21,3148.0,-0.0002788387368796,0.0120050214287876,-0.00317867876286,0.0081738716470639,-0.0045928914268616,-0.0059721746729288,0.009650515565433,-0.0071040445212759,0,0,0
53,22,3149.0,2.3165971353810235e-05,0.0144324042768854,-0.0028613215438977,0.0098164135913472,-0.0032683703277763,-0.0073127856168,0.0076419122482931,-0.0092562957695535,0,0,0
53,23,3150.0,-0.0004176873723391,0.0166449231122467,-0.0044977443019964,0.0113535825702413,-0.0065966617079629,-0.0083085679681282,0.0138496437319098,-0.0098756502580673,0,0,0
53,24,3151.0,-0.0006568506805329,0.0135288902542303,-0.0044974690030966,0.0092187563643352,-0.0073195518012992,-0.0066017140638806,0.0146405711538528,-0.0073290216871291,0,0,0
53,25,3152.0,-0.000323446493291,0.0149012596518664,-0.0038927842024166,0.0101928674663107,-0.0055792369023632,-0.0075208800040344,0.0118443441941957,-0.0091106771005947,0,0,0
53,26,3153.0,-0.0003104093985037,0.0117980411475491,-0.0032155596914695,0.0080373044437057,-0.0047076583618988,-0.0058676993732365,0.0097927474870075,-0.0069635308342572,0,0,0
53,27,3154.0,-0.0005535771619355,0.0148476183852261,-0.0044560695803225,0.0100582517440434,-0.0068257892081545,-0.007206862180847,0.0137033370092745,-0.0082004325357188,0,0,0
53,28,3155.0,-0.0032878663125457,0.0129663819331041,-0.0107854174343441,0.0076038507677379,-0.0207492373175246,-0.002934503231519,0.0335835076256127,0.0027617844173203,0,0,0
53,29,3156.0,-0.0027771567465756,0.0144260369360769,-0.0099224916498329,0.0089404159893149,-0.0188739371904904,-0.0044913671092603,0.0318750324649929,-0.0002160407708688,0,0,0
53,30,3157.0,-0.0024673048902719,0.0091925590107158,-0.0079436689547141,0.00529744471402,-0.0152357907758982,-0.0018701522232128,0.0242934376108811,0.0024313096870013,0,0,0
53,31,3158.0,-0.0032983225736577,0.0090240821756301,-0.0097852068932416,0.0046795055970054,-0.018736064328592,-0.0005945775807223,0.0281885065476964,0.0054273462982103,0,0,0
53,32,3159.0,-0.0046514987711402,0.0124211114888364,-0.0137874512274547,0.0063953437777563,-0.0265968230876492,-0.0006401643206189,0.0401549529920661,0.0081324523068355,0,0,3
53,33,3160.0,-0.0056314911090588,0.0104245084834421,-0.0153742563925354,0.0042672927373413,-0.0291846791002615,0.0019644584120182,0.0406453432629745,0.0125509211048779,2,0,3
53,34,3161.0,-0.0075845554939312,0.0099994641578647,-0.01934714331269,0.0026363264721792,-0.0356562940376628,0.0049911150129291,0.0452964674152798,0.0184623218121189,2,0,3
53,35,3162.0,-0.010241955179419,0.0068646068266649,-0.0232556847565169,-0.0015810733257521,-0.0391202265117283,0.0099737458443342,0.0392182509463685,0.0239021593997928,2,0,3
53,36,3163.0,-0.0112286626728146,0.0064779781043993,-0.0248986543471889,-0.0025196756375793,-0.0408552979115322,0.0112396065153852,0.0385701769121861,0.0252390140472631,2,0,3
53,37,3164.0,-0.0096791097787184,0.0049884433934429,-0.0209694800782066,-0.0025959195561519,-0.0334404716445119,0.0096679542952601,0.0297416594880019,0.0204652057481582,2,0,3
53,38,3165.0,-0.0064123060728583,0.0030826845831606,-0.0134543137016839,-0.0018198626340531,-0.0205864698275188,0.0060746240002407,0.0171807689423771,0.0120437184366699,2,0,3
53,39,3166.0,-0.0062455251088367,0.001685839077673,-0.0120650218243892,-0.0026828038788703,-0.0164812199351492,0.0058994323733758,0.00996743203233,0.0093014066313761,2,0,3
53,40,3167.0,-0.0214166180597533,0.0033561435688718,-0.039883013855395,-0.0111077108441419,-0.0505662810904502,0.0207395292932723,0.0203676042302562,0.0273835188145832,2,3,3
53,41,3168.0,-0.0133171016798892,-0.0006340547963473,-0.0187637748048381,-0.0072350886737636,-0.0140770571103406,0.007576778406485,-0.003159920782016,0.004075919819001,2,3,3
53,42,3169.0,-0.0237497100526518,-0.0012631899446035,-0.0361661857662263,-0.0144394818656963,-0.0286298991337143,0.0166634005346861,-0.0149754248059913,0.004797441470978,2,3,3
53,43,3170.0,-0.019374570030257,-0.0025211160760094,-0.0215110982508583,-0.0094529776381547,-0.0109848653543008,0.0076167661640889,-0.0108238055372608,0.0001038835844766,2,3,3
53,44,3171.0,-0.0385168924828795,-0.0054195755634597,-0.0501994799965044,-0.0236725005296096,-0.0169890795791716,0.0165572874583216,-0.0480291064787381,-0.017957571616628,2,3,3
53,45,3172.0,-0.0203275968637217,-0.0024316254773193,-0.0268006042720988,-0.0120704614350944,-0.0115492974572095,0.0091592761634442,-0.0199489614818389,-0.0055774206304996,2,3,3
53,46,3173.0,-0.0422161490164363,-0.0061250876842027,-0.0548378326185968,-0.0261290679586316,-0.0168263244564158,0.0176114557878848,-0.0550008788727188,-0.0219403591256053,2,3,3
53,47,3174.0,-0.0436558475804134,-0.0074299135107496,-0.0518758063044111,-0.0260537073046648,-0.0036945210924423,0.0116479756951746,-0.056019730584538,-0.0290101306162743,2,3,3
53,48,3175.0,-0.0116496763448592,-0.0023141989142552,-0.0116894038037895,-0.0062825151429004,0.004056131641773,0.0002305368169196,-0.010437043312355,-0.007188634482659,2,3,0
53,49,3176.0,-0.0451952080545952,-0.0101258660965166,-0.0383939393788669,-0.0223373268448442,0.0329384922753552,-0.0086594926794966,-0.0276979694931232,-0.0282298007487838,2,3,4
53,50,3177.0,-0.0370208568966797,-0.0086450154372072,-0.0282297884183312,-0.0170094395868536,0.0312001261413902,-0.0099608862109324,-0.0145448148663843,-0.0188764765523456,2,3,4
53,51,3178.0,-0.0368197269001439,-0.0102132188158976,-0.011715667057291,-0.0100260651417473,0.0477562736700164,-0.022258707740749,0.0276147398824037,0.0079444239571625,2,3,4
53,52,3179.0,-0.0301073361697295,-0.0080700007427397,-0.0080403484100906,-0.006514696890956,0.0212680341065419,-0.0086091216719987,0.0036448385544105,-0.0023306931019689,2,3,0
53,53,3180.0,-0.0389627959760727,-0.0098848937617686,-0.0229740816534115,-0.0153288419723951,0.0434360222937094,-0.0173200647274277,0.0011800786703614,-0.0133782185842873,2,3,4
53,54,3181.0,-0.021686037217327,-0.0057461422242767,-0.0049807459557439,-0.0040628459554966,0.0120752734084036,-0.0047286583647489,0.0012528440573089,-0.0021670621169321,2,3,0
53,55,3182.0,-0.0229803219696581,-0.0061561008216734,-0.004925319562104,-0.004211233740977,0.0140892947800139,-0.00586109180155,0.005302344533026,0.0019333194421004,2,3,0
53,56,3183.0,-0.0559824959282459,-0.0158055512564254,-0.0149171569218697,-0.014005088739763,0.0753209511389392,-0.0359205437704768,0.0497134669161643,0.0174901880679589,2,3,4
53,57,3184.0,-0.0154994002927641,-0.0041975011813312,-0.0035416928336534,-0.0031097579064942,0.0128875805182503,-0.005831462026864,0.0076917138030752,0.0035503347553261,2,3,0
53,58,3185.0,-0.0538949956127141,-0.0161252938759268,-9.178466651677832e-05,-0.0062430884036292,0.0640916585832447,-0.0327760725590107,0.0641983086188793,0.0391705288076556,2,3,4
54,0,3186.0,0.0002298776826921,0.012947210324549,-0.0019890597329195,0.0087027369588791,-0.0015672697328232,-0.0064339265509952,0.0042873948954021,-0.0082149997355476,0,0,0
54,1,3187.0,3.879379479058016e-06,0.0151997173742831,-0.0030814113354668,0.0103609360648836,-0.0036336677311774,-0.007734214603377,0.0084779548560484,-0.0097791745956781,0,0,0
54,2,3188.0,-5.633265916857091e-05,0.0179071332033589,-0.003792928259017,0.0122338459420091,-0.0046456061224383,-0.0091465031037105,0.0106333106181402,-0.0115629640559767,0,0,0
54,3,3189.0,-2.974931358840783e-05,0.0104915140395238,-0.0022154206973912,0.0071678209613672,-0.0027124658187817,-0.0053579481081413,0.0062260444068402,-0.0067642582950269,0,0,0
54,4,3190.0,-0.0002385062381806,0.0110158102304327,-0.0028752267895469,0.0075145061851591,-0.0041270362401792,-0.0055177697704108,0.0087479762976487,-0.0066303170596611,0,0,0
54,5,3191.0,-0.0009482308425364,0.0158056578467074,-0.0057016078809715,0.0106824751311477,-0.0095251692359126,-0.0074669643323009,0.0185354773860855,-0.0078300547550159,0,0,0
54,6,3192.0,5.289303022785978e-05,0.0174910350732433,-0.0033980292360169,0.011840864930714,-0.0038172681002582,-0.0087554676380432,0.0089658229032925,-0.010966473657077,0,0,0
54,7,3193.0,-0.0013196501757618,0.016436521213294,-0.0067603811036458,0.0109492689752283,-0.0117343046082231,-0.00731036956219,0.02200195343285,-0.0067634596402593,0,0,0
54,8,3194.0,-0.0001652617227228,0.0166761016501525,-0.0038127408725013,0.0113012266023826,-0.0049636516849881,-0.0082799552211782,0.0108400760288896,-0.0100633298477183,0,0,0
54,9,3195.0,0.000261148221871,0.0091781885093036,-0.0011128579811856,0.0059526785591213,-0.0004233873755983,-0.0041678783239834,0.0015626548656467,-0.0049895787302063,0,0,0
54,10,3196.0,0.0010133944209143,0.0209846286382504,-0.0013336912032009,0.0129824782401917,0.0018317964386194,-0.0084666446349277,-0.0020705953320986,-0.0093787598523197,0,0,0
54,11,3197.0,0.0006726912500147,0.0115433765347386,-0.0003831417134115,0.0067700891031577,0.0017408171745317,-0.0039970127925471,-0.0026809769649791,-0.0037941992019651,0,0,0
54,12,3198.0,0.001134710072825,0.0182288578910075,-0.0003828773504414,0.0104232229476098,0.0031981900125865,-0.005833167217577,-0.0051876495453483,-0.0049885239927965,0,0,0
54,13,3199.0,0.0003488229500788,0.0142369408376905,-0.0019083627540151,0.0094033207471869,-0.0010953516620418,-0.0067868346111188,0.0034556983793722,-0.0084583165328153,0,0,0
54,14,3200.0,0.0004141471138524,0.0149069658533029,-0.0018656450609697,0.0098870956169214,-0.0007989966215802,-0.0071998128131355,0.0029659104318165,-0.0091155249004568,0,0,0
54,15,3201.0,2.011211584226557e-05,0.014078320132991,-0.002796624551092,0.0095535205412754,-0.0032079807482289,-0.0070824861389158,0.0074637278888841,-0.0088851608957409,0,0,0
54,16,3202.0,0.0004666964261111,0.0155152443373446,-0.0018356090807335,0.0102467315196572,-0.0005680940665319,-0.0074152731020255,0.0025247604815797,-0.009327154895302,0,0,0
54,17,3203.0,0.0002585638227835,0.0115049597766377,-0.0016119036506926,0.0076887214359381,-0.001015412359739,-0.0056466581283472,0.0030533313746545,-0.007181961333419,0,0,0
54,18,3204.0,0.0002754736440878,0.0161093447338025,-0.0025038013907942,0.0108303671904332,-0.0020190092848948,-0.0080042769018824,0.0054587740404574,-0.0102039823217835,0,0,0
54,19,3205.0,0.0002715124435347,0.0109764278211206,-0.00146607796728,0.0072897813730842,-0.0008100853166265,-0.0053068811032877,0.0025970976173293,-0.0066866064310938,0,0,0
54,20,3206.0,0.0007472446964428,0.020153721729505,-0.0019585556462109,0.0130183774275641,0.0002559520057032,-0.0091082840677042,0.0011566464418135,-0.0110241668603626,0,0,0
54,21,3207.0,0.0002104356459477,0.0118815011545266,-0.0018168060465302,0.0079306785551747,-0.0014183193113283,-0.0057927527409548,0.0038281600998195,-0.0072727528437912,0,0,0
54,22,3208.0,-0.0002859384675416,0.0125514574690755,-0.0032839284287835,0.008517387592767,-0.0046463851617778,-0.0062035730252334,0.0096737637476871,-0.0074049793978658,0,0,0
54,23,3209.0,-0.0005381961218851,0.0152774819028231,-0.0045166025426888,0.0104078259908274,-0.0068854230814881,-0.0075501243176466,0.0139970545872818,-0.0087975711765063,0,0,0
54,24,3210.0,-0.0020242593443837,0.0104581653582099,-0.0071336091761153,0.0064136154710189,-0.013307556798393,-0.0031825240453237,0.022012640352104,-0.0002493135761132,0,0,0
54,25,3211.0,-0.0006737229114696,0.0141591358137941,-0.0046244691167157,0.0095622980268261,-0.0073573218221378,-0.0067572840587204,0.0144563234049058,-0.0074136733726645,0,0,0
54,26,3212.0,-0.001810141509255,0.0109095183695171,-0.0067858378071677,0.0068894264647049,-0.012720326765867,-0.0037642415105879,0.0218388783468695,-0.0012578707069511,0,0,0
54,27,3213.0,-0.0016220778511888,0.0085001742524736,-0.0057287047375932,0.0052010428870856,-0.0106307855047471,-0.0025753499067581,0.0174970215755992,-0.000224355208931,0,0,0
54,28,3214.0,-0.0032375180452148,0.0106858782213053,-0.0100947781258776,0.0059668798326025,-0.0194266290020245,-0.0016953471955272,0.0304635129909115,0.0040792336998037,0,0,0
54,29,3215.0,-0.0043262647876154,0.0122722210277204,-0.0129730028481466,0.0064930869913155,-0.0249327537211602,-0.0010914366437841,0.0379972286116478,0.0067684095395648,0,0,3
54,30,3216.0,-0.0058632528294707,0.0061671239512291,-0.0142341791134573,0.0008124115774056,-0.0251965132609648,0.0046044796210345,0.0292303674975431,0.0138094791197268,2,0,3
54,31,3217.0,-0.0083002375628627,0.0070861664681784,-0.0194607282865916,-0.0001102239168834,-0.0335562353453654,0.0073124245288475,0.0363153573735047,0.019385064511463,2,0,3
54,32,3218.0,-0.0059120745802023,0.0029703026512862,-0.0125349898198652,-0.0016120641396618,-0.0192636465079068,0.0056087390642432,0.0160945486179693,0.0110490360854622,2,0,3
54,33,3219.0,-0.01060270947383,0.0027600588832134,-0.0208039984408145,-0.0047976107157602,-0.0285979242681281,0.0105264398128526,0.0162338368176343,0.016134993844291,2,0,3
54,34,3220.0,-0.019465968453954,0.002361744783819,-0.0357292525243325,-0.0106519388207216,-0.0435113126768509,0.0187739432892104,0.013014098642274,0.0222931291996004,2,3,3
54,35,3221.0,-0.0298614496416966,3.488573531056835e-05,-0.0493749982624595,-0.0180568078160301,-0.0474335917808934,0.0245991078192081,-0.0079731416024681,0.0156290109344811,2,3,3
54,36,3222.0,-0.023857629763875,-0.0003254060567577,-0.0388192895594115,-0.0145541322827988,-0.0357480672136394,0.0190870366108468,-0.0089591621718499,0.010569081604717,2,3,3
54,37,3223.0,-0.0240631820047806,-0.0012844765676347,-0.0370397200496302,-0.0148443011262759,-0.0292619561608339,0.0171429340804067,-0.0158828060101597,0.0047197988879031,2,3,3
54,38,3224.0,-0.0215143622254554,-0.0025930565032146,-0.0261511305806983,-0.0115494717741001,-0.0112305993669605,0.008127630367064,-0.0121538771293334,-0.0007798220456665,2,3,3
54,39,3225.0,-0.0196268218391151,-0.0023195480124023,-0.0253606748132365,-0.0113314890160693,-0.0108244495836538,0.0083284370090158,-0.0163797846966411,-0.0038197881846507,2,3,3
54,40,3226.0,-0.0204663695726404,-0.0032965618560637,-0.0226760821787475,-0.0110620748934027,-0.0011671421791062,0.0038698887299496,-0.0159576479701837,-0.0077059112121738,2,3,3
54,41,3227.0,-0.0469941128142084,-0.0099462531535934,-0.0437124881290673,-0.0244024885181087,0.0249500849966674,-0.0036164363201591,-0.0382749136638756,-0.0313356686613035,2,3,3
54,42,3228.0,-0.0190458879452221,-0.0036838892607269,-0.017821689101837,-0.0093765769688394,0.0054177586355101,0.0002447724364409,-0.0117889355940733,-0.0077557097522204,2,3,0
54,43,3229.0,-0.0428382798291749,-0.0099140134703181,-0.0339157244519286,-0.0202983556262058,0.0364707523220633,-0.0114515537501234,-0.0191753337948042,-0.0244348720165892,2,3,4
54,44,3230.0,-0.0397122842246319,-0.0097162459824281,-0.0268194125849559,-0.0170027526423755,0.0399062777663713,-0.0146400745534287,-0.0075467748913701,-0.0181226727762806,2,3,4
54,45,3231.0,-0.0484345578490737,-0.0122175771651375,-0.0303595041322684,-0.0200621158478981,0.0564940120691951,-0.0225127583374919,0.0009067610641914,-0.0182967096562784,2,3,4
54,46,3232.0,-0.0516312236597248,-0.0128025207700031,-0.0343235807145635,-0.0221487073612284,0.0572078050690809,-0.0220022424196165,-0.0044500049049888,-0.0221606331390759,2,3,4
54,47,3233.0,-0.054596373722497,-0.0149681437514923,-0.0209606826638895,-0.0167896651188315,0.0740423664173871,-0.033912271631934,0.0359599187312457,0.0046016040389984,2,3,4
54,48,3234.0,-0.0502521318719441,-0.0140808616726344,-0.0153064378435777,-0.0135663727164012,0.0687727414929414,-0.0324337949308165,0.0417214687521945,0.0121805528966904,2,3,4
54,49,3235.0,-0.0518275335732326,-0.0154734114530037,-0.0009037984426975,-0.0064569508392583,0.0627126882420525,-0.0319275326801642,0.0611438651490668,0.0363194745587579,2,3,4
54,50,3236.0,-0.0301950241366838,-0.0088593294851264,-0.0014496496842473,-0.0039596666989351,0.0304472701251347,-0.0146550181336007,0.0202953483331641,0.0071020272599482,2,3,4
54,51,3237.0,-0.0513692146163676,-0.0157022078037476,0.0056818226043969,-0.0029202012644315,0.0550399552228409,-0.0288810065665008,0.0621407682579839,0.0416345352236307,2,3,4
54,52,3238.0,-0.0486668083077544,-0.0152862944866599,0.0134385793239211,0.0016009910678353,0.0408168504392815,-0.0223797735708345,0.055271554851522,0.0417046265515159,2,3,4
54,53,3239.0,-0.0249910540571803,-0.0072930185374141,0.0029765574426087,-0.0004603884950417,0.010456390420873,-0.0048901560693019,0.0078028023362032,0.0051725425443865,2,3,0
54,54,3240.0,-0.0219942673961235,-0.0065166584591896,0.0040592257616827,0.0003313043182906,0.0075341722746144,-0.0035175024113367,0.0052586471758672,0.0034080412505379,2,3,0
54,55,3241.0,-0.0348994967424428,-0.0106886048300959,0.0109498532706463,0.002759032774556,0.0074589280801295,-0.0034210470044973,0.0032829042484887,0.0018948039059105,2,3,0
54,56,3242.0,-0.0415829554937089,-0.0146922241625447,0.0446346288138905,0.0196224537701552,-0.0233744202620251,0.0094928522138196,-0.0123567180115231,-0.0079125360455778,2,3,0
54,57,3243.0,-0.0150203125719315,-0.0051316968907746,0.0133986504290151,0.0056881109252221,-0.0056837284043326,0.0022537563846343,-0.0030170484531491,-0.0021000300918386,2,0,0
54,58,3244.0,-0.0402074666574479,-0.0143181409078951,0.0449635406786621,0.0199072391303799,-0.0244625410136814,0.0099662922519913,-0.0129246327594594,-0.0082671519870816,2,3,0
55,0,3245.0,0.0015862616540276,0.0127039053597767,0.0020455774497751,0.0035196019865251,0.0058235006778803,0.0019475483534523,-0.0099953004199792,0.0072561543724258,0,0,0
55,1,3246.0,0.0012007638053724,0.0087849849397576,0.00168778932763,0.0018854274480084,0.0042953509722939,0.0021016966851543,-0.0071455388072807,0.00603925155184,0,0,0
55,2,3247.0,0.002203667070304,0.0126362930040958,0.0037014676536835,0.0002100750748758,0.0075295571829357,0.0065520260745367,-0.0117115254110229,0.0137151508070776,0,0,0
55,3,3248.0,0.0029287601501944,0.0165591714601944,0.0049530028225473,7.556913239737574e-05,0.0099633859287804,0.0088328015039612,-0.0154365708362868,0.0182573916929665,0,0,0
55,4,3249.0,0.0027815772494311,0.0119131979989909,0.005273858972246,-0.0034393047267933,0.0086618856732759,0.0108738987984763,-0.0120417451867865,0.0186248404904656,0,1,1
55,5,3250.0,0.0025283147224759,0.0068574488944901,0.0051534121184587,-0.0064703765880747,0.0062125824073244,0.011015292208669,-0.0064157295002639,0.0142743863543385,0,1,1
55,6,3251.0,0.0022521409864237,0.0078839890043777,0.004470917895045,-0.0043368128209625,0.0063998181537954,0.0095703664937176,-0.0079540108926358,0.0145141593298292,0,1,1
55,7,3252.0,0.0018028524718307,0.0070454536272238,0.0034769733728332,-0.0028171780332654,0.0052872727879733,0.0072386298581808,-0.0068572009401258,0.0114524261639454,0,1,1
55,8,3253.0,0.0025932191647968,0.0097937875844728,0.0050919603919099,-0.0044198292856087,0.0076759460782422,0.0108890508340857,-0.009942456657281,0.0173012455003805,0,1,1
55,9,3254.0,0.0023334813824444,0.0113554635979544,0.0042248056562391,-0.0016338781754981,0.0075700693945376,0.0082546479966173,-0.0110840114671,0.0152346573407104,0,1,1
55,10,3255.0,0.0023625709061962,0.0064517513433103,0.0048244733385603,-0.0060422955461714,0.0058383576047045,0.0103573770684988,-0.0060105904861566,0.0134234054825713,0,1,1
55,11,3256.0,0.0034085312886839,0.0081607244670945,0.0070420282396351,-0.0096408618723321,0.0078931151539315,0.0151429089044345,-0.0073085892241853,0.0183853999865002,0,1,1
55,12,3257.0,0.0034080030585352,0.0053376993259494,0.0070495710155602,-0.011556522234858,0.006080368769882,0.0144181946915229,-0.0032085288016651,0.0134193852361075,1,1,1
55,13,3258.0,0.0043098900613613,0.0031784898114384,0.0087277001885219,-0.0166820545624679,0.004807081699627,0.0158933361584103,0.0020021793293056,0.0075180543081966,1,1,1
55,14,3259.0,0.0055535246826327,0.0014843766357085,0.0104542897853184,-0.0214286961602963,0.0033670696882892,0.0155717633985097,0.0058807569557993,0.0010041666802389,1,1,1
55,15,3260.0,0.0066981167954489,-0.0004977030655094,0.0116211196432154,-0.0250259566746126,0.0016000965116771,0.0139275259958715,0.0093301483256888,-0.0058225072285053,1,1,1
55,16,3261.0,0.0083998895667712,-0.0008597021140709,0.0150741636284963,-0.0329483435928264,0.0013150012144267,0.0173364392980265,0.0142575862730391,-0.0124197238065621,1,1,1
55,17,3262.0,0.0081289465183574,0.0005983021266743,0.0152762503879824,-0.0325191026425975,0.003248456328957,0.0211314791180293,0.0124157709420383,-0.0058936318388212,1,1,1
55,18,3263.0,0.0080987414148264,-0.0017581124857764,0.0137071262896009,-0.0303400737528946,6.147132119330391e-05,0.013069996659199,0.013109092100032,-0.0138184213831548,1,1,1
55,19,3264.0,0.0081576212621119,-0.0041750205825408,0.0121345108507476,-0.0281203589381568,-0.003208248896487,0.0045412119571225,0.0132582019013608,-0.0209747487361763,1,1,1
55,20,3265.0,0.0084486992294836,-0.0048474062890083,0.0122126349565452,-0.0286377562392183,-0.0042240606966332,0.0022794666005871,0.013642605004785,-0.0236503873355399,1,1,1
55,21,3266.0,0.0081389048561688,-0.0055633837579042,0.0112623006785212,-0.0270655314310654,-0.0059000702508518,-0.0025189870001217,0.0133051262613418,-0.0274941345990462,1,1,1
55,22,3267.0,0.0055889055185332,-0.0024109584776551,0.0087387787349395,-0.0200580077378933,-0.0019093401719977,0.0040813320282887,0.0093800806024689,-0.0144050993807664,1,1,1
55,23,3268.0,0.0093737230309006,-0.0065918355130667,0.0127557005304561,-0.0307467260238911,-0.0070124471447713,-0.0037451763108298,0.0148175103244441,-0.0311999036004905,1,1,1
55,24,3269.0,0.0088032797493391,-0.0054690788621046,0.0125867872330454,-0.02987292329883,-0.0054477603728449,-0.0001413365324467,0.0145101010837134,-0.0274579812429057,1,1,1
55,25,3270.0,0.0096819868106215,-0.011204193315091,0.0083404181897396,-0.0224581973349241,-0.0127534631098416,-0.0240673717347364,0.004532488265196,-0.0237089802217897,1,2,2
55,26,3271.0,0.0102780093954676,-0.0139324445082236,0.0060663451379041,-0.0179542474355404,-0.0151912055247458,-0.0341195281721744,-0.0038786805207199,-0.0091250391046659,1,2,2
55,27,3272.0,0.0096131174978826,-0.0126524756681328,0.0062281773352499,-0.0179906267645649,-0.0139262980043893,-0.0302142539569469,-0.0014601353369831,-0.0133698162265876,1,2,2
55,28,3273.0,0.0095537475240125,-0.0146301898090015,0.001691842605548,-0.0067081213215631,-0.0074020334869928,-0.0169919585513241,-0.0034146265024762,0.0021940598399975,2,2,2
55,29,3274.0,0.0090021419836789,-0.0152506267988485,-0.0009930425982356,-0.0002197827790398,-0.0044669740507541,-0.0113729753224249,-0.0034875613223441,0.0040034979631801,2,2,2
55,30,3275.0,0.0095670573210387,-0.016113768697353,-0.0002864828942493,-0.002510430153872,-0.0080788535780072,-0.021210797416483,-0.0075591810692903,0.0082995468154579,2,2,2
55,31,3276.0,0.0092446211214165,-0.0131321025943216,0.0036311720744343,-0.0112852860893155,-0.0091564042897885,-0.019719354709697,-0.001515835202545,-0.0048823752651452,1,2,2
55,32,3277.0,0.0070105785341168,-0.0097937261206572,0.0028053285706372,-0.008532493430833,-0.0064498409061468,-0.0136539441587684,-0.0008299702474417,-0.0040288521989676,1,2,2
55,33,3278.0,0.0109454759224018,-0.0178346560607049,0.0012938384965341,-0.0071499277075118,-0.0135690642761366,-0.0356905868923736,-0.013833821284124,0.018258048328642,2,2,2
55,34,3279.0,0.0056375575609076,-0.0092210613228312,-9.989568872297012e-06,-0.0016096997042235,-0.0036294441326757,-0.0090329534178284,-0.0028791931528189,0.0039143426429533,2,2,2
55,35,3280.0,0.0115213299687415,-0.0218642468628846,-0.005282878342308,0.0090042556479795,-0.0037719722879884,-0.0145035290852759,-0.0137863059020004,0.0358432160440406,2,2,2
55,36,3281.0,0.0116054170001405,-0.0215942506280543,-0.0043076795002286,0.006492090693523,-0.0056699396874095,-0.0188393141933684,-0.0138811780280867,0.0314472433464161,2,2,2
55,37,3282.0,0.0086084652090538,-0.0164431050957858,-0.0046427092823528,0.0088302732447215,0.001320241084203,0.0019714744596534,0.000255342222526,-0.0011089536222788,2,2,2
55,38,3283.0,0.0109368051509714,-0.0202004201649224,-0.0042392370676279,0.0069362415569874,-0.0023324228998033,-0.0080898411214323,-0.0050025351660994,0.0091598688316346,2,2,2
55,39,3284.0,0.0096120947365592,-0.0179210978750299,-0.0040747726651394,0.0069611544161299,-0.0014663265834121,-0.0057350591306651,-0.0039831914400208,0.0074876578807761,2,2,2
55,40,3285.0,0.0089326078566235,-0.0182161492741838,-0.007361815737131,0.0155557799486155,0.006081673704815,0.0134199142105272,0.00395504426379,-0.0061713215625787,2,2,2
55,41,3286.0,0.0089558861852414,-0.0183444116922987,-0.0075667964522027,0.0160690449905092,0.0064870100601561,0.0144370091291861,0.0043673170285393,-0.0068765898650745,2,2,2
55,42,3287.0,0.0089598413405676,-0.01836620405443,-0.0076016274243297,0.0161562673116783,0.0065559668330278,0.0146101317644529,0.0044377128649657,-0.0069974348821036,2,2,2
55,43,3288.0,0.0089619223553232,-0.0183776770917693,-0.0076200196030069,0.0162023602569752,0.0065926170530076,0.0147023151566442,0.0044754796844682,-0.0070625743946694,2,2,2
55,44,3289.0,0.0089621536993245,-0.0183789540914367,-0.0076220780096427,0.0162075256222423,0.0065967580473588,0.014712753375679,0.0044797874072255,-0.0070700342832773,2,2,2
55,45,3290.0,0.0089621944924435,-0.018379179368374,-0.0076224419207895,0.0162084393198273,0.0065974933299948,0.014714608939248,0.0044805567006574,-0.0070713709327068,2,2,2
55,46,3291.0,0.0089622063948312,-0.0183792451197125,-0.0076225483084491,0.016208706551452,0.006597709090829,0.0147151540268488,0.0044807837190257,-0.0070717665568733,2,2,2
55,47,3292.0,0.0089622079198739,-0.0183792535635397,-0.0076225621358514,0.016208741400699,0.0065977379883754,0.0147152277007149,0.0044808156037164,-0.0070718234649309,2,2,2
55,48,3293.0,0.0089622065936451,-0.0183792462961292,-0.0076225509485594,0.0162087137418619,0.0065977188463979,0.0147151823656483,0.0044808024449587,-0.0070718071168743,2,2,2
55,49,3294.0,0.0089621956683518,-0.0183791863943554,-0.0076224582573957,0.0162084841051442,0.0065975557986471,0.0147147911846619,0.004480678105705,-0.0070716343481263,2,2,2
55,50,3295.0,0.0089621589609942,-0.0183789849064071,-0.0076221444653531,0.0162077051815588,0.006596992224699,0.014713427964585,0.0044802216736925,-0.0070709590462666,2,2,2
55,51,3296.0,0.0089619500308576,-0.0183778400043185,-0.0076203772666237,0.0162033296499399,0.0065938967479286,0.0147060080367363,0.0044778686762397,-0.0070676909340876,2,2,2
55,52,3297.0,0.0089600217548667,-0.0183672914288754,-0.0076042289115039,0.0161634318842313,0.0065661118925067,0.0146397586658718,0.0044573996874774,-0.0070399986572244,2,2,2
55,53,3298.0,0.00895655328123,-0.0183482508939896,-0.0075745015029864,0.0160895488928353,0.0065117138938361,0.0145069546044311,0.004409997809344,-0.0069644231501332,2,2,2
55,54,3299.0,0.0089360486044421,-0.018236122191457,-0.0074031620750433,0.0156664254531709,0.0062181601881683,0.013807960756918,0.0041956032621862,-0.0066767685218998,2,2,2
55,55,3300.0,0.0132525784125669,-0.0249119803549035,-0.0063362117022637,0.0116143315718885,0.0009833562119654,0.0009093071614407,0.0003968915778351,-0.0024078916848552,2,2,2
55,56,3301.0,0.0119276505623195,-0.0224066790007036,-0.0054810985963934,0.0097515536521034,-0.000654242944497,-0.003961493153081,-0.0034022419011202,0.0070107173403091,2,2,2
55,57,3302.0,0.008892759139611,-0.0181460081887051,-0.0073566091117099,0.0155584499690081,0.0061271246512601,0.0135548903337963,0.004032837039607,-0.0062981451446559,2,2,2
55,58,3303.0,0.0086639892756815,-0.0177461055609874,-0.0073200034917587,0.0155455094514998,0.0062804413639887,0.0139830398945536,0.0042386299677313,-0.0066787423306937,2,2,2
56,0,3304.0,-0.0003225265954195,0.0115743583529432,-0.0031980096370085,0.0078451939726216,-0.00472820047082,-0.0056647599096779,0.0097599048877994,-0.0065734250653,0,0,0
56,1,3305.0,0.0005277575568554,0.0168926265592652,-0.0019344513168712,0.0110757484109347,-0.0004775540762516,-0.0079225696594183,0.0024185632650637,-0.0098210766619806,0,0,0
56,2,3306.0,0.0005052708360613,0.0144433746390158,-0.0014943390735633,0.0093489477818523,-5.7232255769124274e-05,-0.006561601564983,0.0013533243467993,-0.0079667048996413,0,0,0
56,3,3307.0,6.859988936478237e-05,0.0117433355392802,-0.0021936813936474,0.0079612347334873,-0.0023542697683701,-0.0059163919793422,0.0056685724079296,-0.0074938256506386,0,0,0
56,4,3308.0,0.0001663005646593,0.0137176791369255,-0.0023234536920775,0.0092490430120098,-0.00218587334336,-0.0068442671592453,0.0055471428013242,-0.0086860340593229,0,0,0
56,5,3309.0,2.255422208460384e-05,0.0161012335019357,-0.0031964556142628,0.0108918881187626,-0.0036757367307106,-0.0080335070451048,0.0085328188789779,-0.0100061251256634,0,0,0
56,6,3310.0,0.0005477229861564,0.0139543190614426,-0.0012499298281218,0.0087744578717464,0.0003585768210719,-0.0058598782332239,0.0003442797691565,-0.006644767561673,0,0,0
56,7,3311.0,-9.977051120610508e-05,0.0118725349261872,-0.0026651318680605,0.0080504498995842,-0.0034115097026785,-0.0059166351501017,0.0075040510789001,-0.0072560864256797,0,0,0
56,8,3312.0,-0.0001133624984452,0.0085184557308887,-0.002026015923278,0.005787488077381,-0.0027146029509051,-0.0042483575780632,0.0058631803962343,-0.0051618314832842,0,0,0
56,9,3313.0,-0.0013680448690745,0.015298025932669,-0.0066538804611298,0.0101928200807486,-0.0117304012932555,-0.0067592506026225,0.0218311640532226,-0.006083540871672,0,0,0
56,10,3314.0,-0.0010120868992596,0.0117478847164396,-0.0049899320392264,0.0077870393801359,-0.0086906378644672,-0.005130047746107,0.0160780811205791,-0.0045983186429026,0,0,0
56,11,3315.0,-0.0013387877643538,0.0114719706940223,-0.0057577499179972,0.0074955084679533,-0.0104459836596941,-0.0046572771120514,0.018752050473697,-0.0033577824989615,0,0,0
56,12,3316.0,-0.002300273729026,0.008112833582082,-0.007250830413905,0.0045854755338703,-0.0137792955459929,-0.0014768877595306,0.0215305975943803,0.0024306216372651,0,0,0
56,13,3317.0,-0.0040554991076319,0.0126218012982657,-0.0124862974265932,0.0069083091902502,-0.0241240716106425,-0.0016293507182563,0.0375007707618105,0.0058552896639449,0,0,0
56,14,3318.0,-0.0020512191888035,0.0064536282099296,-0.0061648780687937,0.0034273607268272,-0.0113862480442145,-0.0007574902269122,0.016724961633705,0.0026187273060113,0,0,0
56,15,3319.0,-0.0077205903267019,0.0119418931559041,-0.0203081436316064,0.0040252416774574,-0.0379711258293316,0.0041175930032251,0.0502970538503408,0.0183063961890004,2,0,3
56,16,3320.0,-0.0066308712540387,0.007990465099713,-0.0166329090704859,0.0017128116548515,-0.0303352006350956,0.0047983247386533,0.0374034962962242,0.0162938358105274,2,0,3
56,17,3321.0,-0.008691105556443,0.006334691683982,-0.0199872359729963,-0.0009498989092071,-0.0340373000638008,0.0082564137994411,0.0352449238128792,0.0205569413847975,2,0,3
56,18,3322.0,-0.0088056339205073,0.0061597516331452,-0.0200668905596801,-0.0011559861581714,-0.0338152487672638,0.0084014918618267,0.0342656069071432,0.0203749690120507,2,0,3
56,19,3323.0,-0.0063802578692522,0.0039739003759679,-0.0139766863511326,-0.0011870090846791,-0.0222679404052354,0.0058883070565289,0.0203225742378799,0.0126708725287144,2,0,3
56,20,3324.0,-0.016366016706026,0.0037691308698817,-0.031817560758805,-0.0077871671518387,-0.0430387081654943,0.0163770953394969,0.0225373641203686,0.0242174408481973,2,3,3
56,21,3325.0,-0.0097162260163032,0.0037996418610846,-0.0202434161387812,-0.0035275549701582,-0.0305305835203753,0.0099142395293649,0.0230687401436708,0.0183662397755981,2,0,3
56,22,3326.0,-0.0076452405608579,0.0017526117047543,-0.0148941900475884,-0.0036525155288467,-0.0202239651975184,0.0077050252993351,0.0106583596860529,0.0114709302913152,2,0,3
56,23,3327.0,-0.0233344684318838,0.0025740737943117,-0.0426307561522448,-0.0129552858625775,-0.0514387223401656,0.0225145345409855,0.0141412143726921,0.0262281491829721,2,3,3
56,24,3328.0,-0.0181726072496461,0.0026045572180386,-0.0338058666354405,-0.0096906987221455,-0.0422886920283327,0.017731220182755,0.0151230391236917,0.022340057769587,2,3,3
56,25,3329.0,-0.0200830553848066,-0.0003047184376257,-0.0326167650167556,-0.0122682159838066,-0.0297655957227957,0.0159673376609511,-0.0080344608246091,0.0084233097993831,2,3,3
56,26,3330.0,-0.0112614501662031,-0.0004316368265915,-0.0172531501609904,-0.0067038898853389,-0.0139445002779787,0.0077732991219267,-0.0055140711093919,0.002823394760075,2,3,3
56,27,3331.0,-0.0211083404679904,-0.0023445845392955,-0.0288618164879498,-0.0127993593415476,-0.0148796708591036,0.0109949553832473,-0.0214897268535981,-0.0048065971012595,2,3,3
56,28,3332.0,-0.0156224833076863,-0.0023171866763024,-0.0175559950184476,-0.008167970224446,-0.0063468682865227,0.0055972204326547,-0.0130549426954604,-0.0033506668470227,2,3,3
56,29,3333.0,-0.0389884686446568,-0.0046204004498383,-0.05406767655497,-0.0244409159147655,-0.0266888880616259,0.0209080291337645,-0.0460363828966142,-0.0120960152359245,2,3,3
56,30,3334.0,-0.0380644746465613,-0.0054584278187496,-0.049480784795765,-0.0234877807919024,-0.0155072647662892,0.0158823563025615,-0.0484160778886108,-0.0190330605236322,2,3,3
56,31,3335.0,-0.0493291419480998,-0.0092060095848501,-0.0540454293026685,-0.028180664571728,0.0070228852768729,0.007221913502798,-0.0579069050150145,-0.0351393904976248,2,3,3
56,32,3336.0,-0.0208867177715311,-0.0035978478562802,-0.020652049414426,-0.0101893141957426,-0.0001428498095457,0.0030041877309731,-0.0132035716886297,-0.0066058444363125,2,3,3
56,33,3337.0,-0.0485455498887808,-0.0106735309934615,-0.0423482946689289,-0.0242684239769753,0.0316474082875738,-0.0072146226993765,-0.0330232012570558,-0.0307257495300626,2,3,3
56,34,3338.0,-0.0459822098755616,-0.0108658633723148,-0.0348493079248476,-0.0212766470711586,0.0426642085732578,-0.014386527514368,-0.0163728885598999,-0.0248869550503218,2,3,4
56,35,3339.0,-0.0517786271367261,-0.0134318583274138,-0.0286790940035227,-0.0198569842030555,0.0644436715125377,-0.0270592244465184,0.0113448925177943,-0.0129093151540571,2,3,4
56,36,3340.0,-0.0493319593860074,-0.0123684627642976,-0.0315857562590896,-0.0206890205001927,0.0564165162667877,-0.022188061043205,-0.0011284139557653,-0.0196796975885885,2,3,4
56,37,3341.0,-0.0440035693200408,-0.0118701133689015,-0.0190661840580898,-0.0144912835325172,0.0580763303449957,-0.0259893169031795,0.0234068753283024,-0.0002965656349786,2,3,4
56,38,3342.0,-0.0519495921131459,-0.0148785900953394,-0.0113776553263566,-0.0118730476926095,0.0707513021441964,-0.0342917870176194,0.0514792314222286,0.0211312990070675,2,3,4
56,39,3343.0,-0.0547034513463349,-0.0156861781179732,-0.0116550128086615,-0.0123329929031687,0.0742398891333916,-0.0360306077714863,0.0544956174226168,0.0226951360760958,2,3,4
56,40,3344.0,-0.0531359549657277,-0.0160389750780891,0.0020378738094717,-0.0050790793769411,0.0617248257278009,-0.0318714783243598,0.0646357494521751,0.0408217744927824,2,3,4
56,41,3345.0,-0.0570060793955766,-0.0185148522387382,0.0267276777435719,0.0077217274703503,0.0341356707060612,-0.0203491979958936,0.0611899137040637,0.052200229862037,2,3,4
56,42,3346.0,-0.0561882735131645,-0.0183418500209423,0.0281218583043154,0.0085721111154533,0.031100819444354,-0.0189102592569653,0.0590807069999559,0.0513942208855424,2,3,4
56,43,3347.0,-0.0521718838653263,-0.0171833723405962,0.0294052832126227,0.00979613927167,0.0226799947559732,-0.014501832369146,0.0488701651913783,0.0439270686375024,2,3,4
56,44,3348.0,-0.0362855974738576,-0.0108914131566225,0.007731249055056,0.0009669058459423,0.0118149965667801,-0.0053393185106561,0.0063497014435104,0.0044128617567518,2,3,0
56,45,3349.0,-0.0499078304080406,-0.0172381320131038,0.0448437980312085,0.0186457964745577,-0.0099006033701734,0.0020314961196069,0.0094415952025857,0.0117483740620973,2,3,0
56,46,3350.0,-0.0505718468127254,-0.0177645691976726,0.0513004852838183,0.0221033936192986,-0.0202543307030327,0.0071506271444069,-0.002502224817167,0.0016244976485744,2,3,0
56,47,3351.0,-0.0529179961327265,-0.0179998023023595,0.0412837600493093,0.0162319520595055,0.0029243741586824,-0.0047912579797083,0.0278770836912147,0.0277443739675242,2,3,4
56,48,3352.0,-0.0415298999112816,-0.0147671211237432,0.0458831083516438,0.0202392596809974,-0.0239235965435995,0.009586605152317,-0.0114264915915506,-0.0068323509758274,2,3,0
56,49,3353.0,-0.0191228023460552,-0.0066032040426581,0.018123725835097,0.0077902524284928,-0.0084193956387716,0.0033984246408565,-0.004636748025424,-0.0031146951710277,2,3,0
56,50,3354.0,-0.041550989466641,-0.0147888709641027,0.0462596486978488,0.0204541364777508,-0.0248658543633146,0.0101001313179924,-0.0130432435771144,-0.0083975272041267,2,3,0
56,51,3355.0,-0.0146967686810968,-0.0051136304411029,0.0141744660274148,0.0060596917955272,-0.0057829398903116,0.0022152714966259,-0.0029023678744325,-0.0023457102117451,2,0,0
56,52,3356.0,-0.0206566083790522,-0.0069563891596277,0.0156226975665709,0.0062084961090313,-0.0022072161902179,0.0004407302168578,-0.0006015977365621,-0.0018810962256483,2,3,0
56,53,3357.0,-0.0415652010602087,-0.0148013544975772,0.0463456860717462,0.0204905969657112,-0.0248414291886475,0.01008156303191,-0.0130660980055784,-0.0085100737758256,2,3,0
56,54,3358.0,-0.0416274674233656,-0.0148619564432544,0.047132985063479,0.0209070632445644,-0.0258760025524333,0.0105483529734713,-0.0136846034554395,-0.0087736045970769,2,3,0
56,55,3359.0,-0.0149522629222235,-0.0053353613791326,0.0168777649862135,0.0074822479927847,-0.0092432890039317,0.0037708892046962,-0.0049563207521433,-0.0032354451030089,2,0,0
56,56,3360.0,-0.0415572092364953,-0.0148450674176688,0.0472075204562114,0.0209547123354943,-0.0260488305767102,0.0106287965389191,-0.0137913846424905,-0.0088112452650734,2,3,0
56,57,3361.0,-0.0414395293620075,-0.0148026095857036,0.0470698133049965,0.0208937318006343,-0.0259795597121181,0.0106017044196357,-0.0137575130436466,-0.008783990816793,2,3,0
56,58,3362.0,-0.0153946799273045,-0.0054893255223999,0.0173339828933329,0.0076844983979331,-0.0095358873966802,0.0038989803198173,-0.0051403298055203,-0.0033202040106263,2,0,0
57,0,3363.0,0.0006407615162035,0.0149475269240331,-0.0011956015430615,0.0094625057636011,0.0007615839842238,-0.0064140396366317,-0.000320637621819,-0.0074760866128202,0,0,0
57,1,3364.0,0.0004462247270707,0.0138752555960115,-0.0015509296336499,0.0090490079550913,-0.0003214638549606,-0.0064217178346625,0.0018471867402693,-0.0078883922436092,0,0,0
57,2,3365.0,0.0003481601218301,0.0137628127881713,-0.0018164426922673,0.0091171865210296,-0.0009766618238976,-0.0066138309579754,0.0031901425055613,-0.0083020952992902,0,0,0
57,3,3366.0,0.000363960031766,0.0106576746846788,-0.0011254681328962,0.0069091100752453,-8.426387427661163e-05,-0.0048540134230959,0.0010545239482439,-0.0058853902187697,0,0,0
57,4,3367.0,0.0001104029309229,0.0192867779991779,-0.0036115054178747,0.0131074146300567,-0.00387233611448,-0.0097795700278097,0.0093210220411423,-0.0124607521331026,0,0,0
57,5,3368.0,-0.0002105717225466,0.0179984817721459,-0.004225982336342,0.0123072881813155,-0.0056416091235759,-0.0091478775897554,0.0124089552783877,-0.0113351744831173,0,0,0
57,6,3369.0,-0.0005345821222064,0.0117969153109816,-0.0037705388055371,0.0079494733240927,-0.0059104938254753,-0.0056110380838782,0.0115899106409468,-0.0061853476325684,0,0,0
57,7,3370.0,-0.0012741749782839,0.0102268016431019,-0.0053391061055956,0.0066612332954656,-0.0097749984707145,-0.0040777603057938,0.0174549804290963,-0.0027423807219606,0,0,0
57,8,3371.0,-0.0013129997911529,0.00711902441663,-0.0046907248814315,0.0043594011770769,-0.0086855451481199,-0.002168018711104,0.0142986483301642,-0.0002175940309418,0,0,0
57,9,3372.0,-0.0056287043714192,0.0132310822186956,-0.0162099284839693,0.0063915822603071,-0.0312051944518271,0.000317124800934,0.0459442117538324,0.0110910739613057,2,0,3
57,10,3373.0,-0.0053273025372671,0.01167277886102,-0.0150441780010825,0.0053953105392953,-0.028705521154972,0.0007792260838928,0.0413585394615882,0.0107423708054294,2,0,3
57,11,3374.0,-0.0044991252363796,0.0050873644019183,-0.0111221580493041,0.0008977488395491,-0.0200316433746033,0.0034112571364736,0.0240326988166469,0.0109157623847291,2,0,3
57,12,3375.0,-0.0049634972439426,0.0061528228395608,-0.0123855928593802,0.0014149965797492,-0.0222962898029306,0.0033603719338151,0.0272699826162251,0.0114509823649975,2,0,3
57,13,3376.0,-0.0111358949483011,0.0083194069415484,-0.0257954041695039,-0.0010609633439523,-0.0443583260432818,0.0105941705402616,0.046796625333583,0.0269942340538456,2,0,3
57,14,3377.0,-0.0145220013015525,0.0094521469785051,-0.0328944626028707,-0.0024569292522038,-0.0553059448669803,0.0143249364172016,0.0551890685592153,0.0341577343240938,2,0,3
57,15,3378.0,-0.0142329942944141,0.0049705777346561,-0.0290269133717797,-0.0055323722521915,-0.0425609627836535,0.0142749683557732,0.0302934014218111,0.0252275286074971,2,0,3
57,16,3379.0,-0.0084086948966635,0.0014369338849005,-0.0151142466478,-0.0040630030428636,-0.0180464643697857,0.0071365116065882,0.0072060115515155,0.0086506951609276,2,0,3
57,17,3380.0,-0.0234180959685712,0.0007837095031689,-0.0398931265417453,-0.0138211049713571,-0.0411794898206144,0.0201609911229053,-0.0006292007980005,0.0159539217792777,2,3,3
57,18,3381.0,-0.0209224140531542,-0.0004227782868073,-0.0337728838400221,-0.0128270518486577,-0.0300545739189545,0.0163383900665363,-0.0095530522912522,0.0076772174086802,2,3,3
57,19,3382.0,-0.0365437771260258,-0.0034551961957601,-0.0533973881082992,-0.0231222002893902,-0.0330880442371289,0.0227372852961486,-0.0384009060365822,-0.005138546091485,2,3,3
57,20,3383.0,-0.0322650955402091,-0.0029419869757984,-0.047314206882426,-0.0203347728178371,-0.030431136907649,0.0204924984676354,-0.0326522639256959,-0.0031814379433445,2,3,3
57,21,3384.0,-0.0366723262153952,-0.0039864163286476,-0.0520879007527138,-0.0231327201592857,-0.0286421502416029,0.0211117551667881,-0.0416203083462072,-0.0087969628003707,2,3,3
57,22,3385.0,-0.0328131445510483,-0.0039283886706375,-0.0448984236651428,-0.020295203785635,-0.0217247945706787,0.0170315042077216,-0.0370965442546957,-0.009611342813966,2,3,3
57,23,3386.0,-0.0151055984707126,-0.0029572359367919,-0.0126351742000971,-0.0065261927837847,0.0010282752323932,0.0015800314510917,-0.0087664373038456,-0.0038849831676201,2,3,0
57,24,3387.0,-0.0262076354548257,-0.0046180127858487,-0.0251310744170155,-0.012468805723876,0.0005100475793471,0.0031999725154495,-0.0134866259339624,-0.005687384171643,2,3,3
57,25,3388.0,-0.0416432159903112,-0.0095954147750661,-0.0331250280747353,-0.0197491060301243,0.0348366907319643,-0.0108418766278844,-0.0186339214174526,-0.023412200141311,2,3,4
57,26,3389.0,-0.0421445629951434,-0.0084614170661011,-0.0426117587969394,-0.0230415855709377,0.0146970890645866,0.0013745354817705,-0.0432604494853264,-0.0302387861701546,2,3,3
57,27,3390.0,-0.0346351198183185,-0.0070483018525526,-0.0336949651127967,-0.018326696079326,0.0133662333939144,2.253595916122041e-05,-0.0308917184882409,-0.0219418896687723,2,3,3
57,28,3391.0,-0.0411172509594386,-0.0108814453420825,-0.0198485885437867,-0.014369368355065,0.0514440480430173,-0.0222789467009939,0.0147454574373408,-0.0054410978585414,2,3,4
57,29,3392.0,-0.0338360358359944,-0.0091376459510256,-0.0073091169240879,-0.0063010523975514,0.0191575448165948,-0.0072396555829399,0.0005567013642158,-0.0024174923625126,2,3,0
57,30,3393.0,-0.0547235114658766,-0.0143935576841239,-0.0277765620307017,-0.0197911923645616,0.0682761944213946,-0.0291671965002541,0.0157577880379956,-0.0107499112552226,2,3,4
57,31,3394.0,-0.0342740014651962,-0.0094195321902461,-0.0058276226126346,-0.005722591266732,0.0206176784259838,-0.0082124831391689,0.0030638004376903,-0.0011187983715127,2,3,4
57,32,3395.0,-0.0244604533318922,-0.0068844634224415,-0.0014261633259442,-0.002711557309748,0.0144124284345665,-0.0063973111036518,0.0079090710563669,0.0041333772097399,2,3,0
57,33,3396.0,-0.0530422219178101,-0.0159548300972219,0.0013810870262101,-0.0053702714752004,0.0615208604632271,-0.0316541519843481,0.0635565373646913,0.0398603586117822,2,3,4
57,34,3397.0,-0.0542965602114412,-0.0159746158616429,-0.0050374355058291,-0.008902623320239,0.0693981417213805,-0.0347004642339614,0.0611287823911282,0.0325744611595971,2,3,4
57,35,3398.0,-0.0514282445913722,-0.0157534908920873,0.0061820337881602,-0.0026765075351979,0.0548474940678965,-0.0288656669260248,0.0627412017087268,0.0423966588955211,2,3,4
57,36,3399.0,-0.0572504779697871,-0.0187469980819094,0.029762371554541,0.0093348656207632,0.0299592743666859,-0.0184418995373236,0.0586651098758936,0.0513601343618977,2,3,4
57,37,3400.0,-0.0503279015845333,-0.0168810832001955,0.0343190642947657,0.0126967988262249,0.0120567543580329,-0.0092172019469167,0.0373835100746141,0.0351872530020235,2,3,4
57,38,3401.0,-0.0517893924906756,-0.017606401775728,0.0403604665891801,0.0158824427130114,0.0024493181514538,-0.0044275315467758,0.0262838951951645,0.0262025457240923,2,3,4
57,39,3402.0,-0.0243799568191932,-0.0078728087969385,0.0123783960317819,0.004067648866904,0.0073573089863964,-0.0045271307248094,0.0131434744979268,0.0109950655984819,2,3,0
57,40,3403.0,-0.0420247216066494,-0.013808814882546,0.0266311751797006,0.010010926454365,0.0006349266826546,-0.0014274194024458,0.0047832822899492,0.0028578470187324,2,3,0
57,41,3404.0,-0.0311188437144613,-0.0095576876811933,0.0101238711807037,0.0026336963730771,0.0065863646866676,-0.003080401990438,0.0033901495314003,0.0021651862163978,2,3,0
57,42,3405.0,-0.0246575325138221,-0.0075500105976607,0.0087064194917474,0.0025524945771971,0.003705369953174,-0.0019259947044065,0.004236427970803,0.0039669690624069,2,3,0
57,43,3406.0,-0.0417032921634721,-0.0147583724068458,0.0451913461285405,0.0199045666483043,-0.023871608137155,0.0096820745999854,-0.0123409942394768,-0.00774842981816,2,3,0
57,44,3407.0,-0.0414739579404031,-0.0147162957532729,0.0454500741698349,0.0200414216879057,-0.0240273297606721,0.0097312054940236,-0.012428210899899,-0.0079153780901407,2,3,0
57,45,3408.0,-0.0421199647181108,-0.0139032144833397,0.0279502198991791,0.0107199125469505,-0.0013364147527106,-0.0004969496808973,0.0030440678866281,0.0015539719216047,2,3,0
57,46,3409.0,-0.0246828413376853,-0.0075731689561184,0.0089009295612111,0.0026393805392078,0.0037920675543695,-0.0020068341765432,0.0045042297364128,0.0040415483279867,2,3,0
57,47,3410.0,-0.0258012082348322,-0.0085298570140037,0.0182127155531535,0.0072501173098211,-0.0039553542340802,0.0012693260240509,-0.0012134742602213,-0.0011312971850118,2,3,0
57,48,3411.0,-0.0418190739892434,-0.014866419106674,0.0463360715430825,0.0204796541215757,-0.0249149486091552,0.0101264946268988,-0.0130533755537316,-0.0083448435129836,2,3,0
57,49,3412.0,-0.0416115845239907,-0.0148475086760187,0.0470005779219832,0.0208433718672961,-0.0257942765411756,0.0105159693634551,-0.0136088341300821,-0.0086771666085574,2,3,0
57,50,3413.0,-0.0416257718400064,-0.0148606770465593,0.047136720142998,0.0209113665959417,-0.025912791301856,0.0105657189172221,-0.0136805655657551,-0.0087306956404403,2,3,0
57,51,3414.0,-0.0416274018541722,-0.0148620867190021,0.0471454673724451,0.0209148929896302,-0.0259068307317123,0.0105615657161862,-0.0136689022803865,-0.0087229969626756,2,3,0
57,52,3415.0,-0.0418550659590956,-0.0148987878387479,0.0466124553998819,0.0206093032125661,-0.0250204588962696,0.0101542163544442,-0.0130326814018443,-0.0083351266231651,2,3,0
57,53,3416.0,-0.0422295024929448,-0.0140500529071933,0.029746416002121,0.0116335115814887,-0.0031046853338852,0.0002644479666559,0.0019141604590857,0.0007501162136392,2,3,0
57,54,3417.0,-0.0415531519412774,-0.0147906430069692,0.046264016155204,0.0204541294784436,-0.0248236065743704,0.0100735132853446,-0.0129269812905224,-0.008267678060501,2,3,0
57,55,3418.0,-0.0416285244475462,-0.0148631458783534,0.0471573847157974,0.0209209828423477,-0.0259192516999779,0.0105669718284614,-0.0136765159155231,-0.0087276978102446,2,3,0
57,56,3419.0,-0.041551722853163,-0.0148397999851389,0.0471429207561786,0.0209209352298533,-0.0259662078859849,0.0105903918817472,-0.0137169200621577,-0.0087516770557692,2,3,0
57,57,3420.0,-0.0417444909689061,-0.0149127599119402,0.0474346008286061,0.0210567372411396,-0.0261812557824208,0.0106822512544833,-0.013845221637787,-0.008831436875903,2,3,0
57,58,3421.0,-0.0402841481792121,-0.0143902605516568,0.0457605857038782,0.0203122834238481,-0.0252439021396287,0.0102982880509738,-0.0133391353253384,-0.0085045437048307,2,3,0
58,0,3422.0,0.0008551834053875,0.0143658426202813,-0.0004251183472899,0.0084043123601827,0.002288472256082,-0.0049434964108851,-0.0035820313312943,-0.0046771485369706,0,0,0
58,1,3423.0,0.000822650539341,0.0123837501501782,-0.000101197991911,0.0069318895350074,0.0025226501040909,-0.0036887348380452,-0.0042748474004051,-0.0028005664928088,0,0,0
58,2,3424.0,0.0010365653827959,0.0172077791581034,-0.0004681465301305,0.0100145527246884,0.0028333506354705,-0.0058115376744275,-0.0045106480019745,-0.0053268660159148,0,0,0
58,3,3425.0,0.0011405778066721,0.0146118623461252,0.0003884560472833,0.0074361958172019,0.0038676113049061,-0.0031012812855641,-0.0067889285744544,-0.0008993464157411,0,0,0
58,4,3426.0,0.000806188933188,0.0135908672759244,-0.0004084570500791,0.0079281030155386,0.0021388620727954,-0.004630159447408,-0.0033416662887543,-0.0043103503142289,0,0,0
58,5,3427.0,0.0011735702271425,0.0134361508805647,0.0007307975782927,0.0062742723604097,0.0041995703459619,-0.0018995348994041,-0.0074872350094967,0.0010027902708644,0,0,0
58,6,3428.0,0.0019272509309619,0.0200755744306094,0.001599163926891,0.0085239992155409,0.0070459178947144,-0.0014606360498381,-0.0125375777551304,0.0039774884015664,0,0,0
58,7,3429.0,0.0011327278339398,0.0122541131374981,0.0008256591651456,0.0053858038523025,0.003955122673537,-0.0012912815507755,-0.0068471671053264,0.0014285869306365,0,0,0
58,8,3430.0,0.0019752624183045,0.0106993840688698,0.0033910629857675,-0.0003918157612869,0.0065053821951321,0.0061876997656944,-0.0097397110266282,0.012090733793772,0,0,0
58,9,3431.0,0.0029043703795903,0.0125234624803687,0.0054917931086115,-0.0035133578958136,0.0090461217380077,0.0112816242488977,-0.0125753228621146,0.0193258804242808,0,1,1
58,10,3432.0,0.0029753044015565,0.0141233320774869,0.0054579956409599,-0.0024488287235453,0.0096272046113084,0.0108919450809266,-0.0139720059849434,0.0198724633713896,0,1,1
58,11,3433.0,0.002250384721836,0.0104823311338726,0.0041531077766671,-0.0020235406061761,0.0072275236600082,0.0083276408445892,-0.0104107079491466,0.0149981112912388,0,1,1
58,12,3434.0,0.0026408661996994,0.0094672398779656,0.005241013219328,-0.0049393177895304,0.0076405413167502,0.0112914631508871,-0.0096277358363346,0.0174426407682059,0,1,1
58,13,3435.0,0.0036022645432154,0.0114217547642713,0.0073199392760136,-0.0080501188598856,0.0099111442441824,0.0160560691277445,-0.0116431994700637,0.0233535340149384,0,1,1
58,14,3436.0,0.0033304060495593,0.0148614476872665,0.0062358539148576,-0.0035913086180596,0.0105218397246935,0.0127077899410406,-0.014855487607762,0.0222617924996851,0,1,1
58,15,3437.0,0.0027375593359801,0.0086157042771146,0.0055037916076904,-0.0060683996333058,0.007299272909866,0.011796083945952,-0.0083857814671448,0.0166519545909207,0,1,1
58,16,3438.0,0.0017844317987576,0.0082951591606406,0.0032647317589486,-0.0015896314781225,0.0055987556558393,0.0064254484667486,-0.0079184384526542,0.011289256974559,0,0,0
58,17,3439.0,0.0023290289298917,0.0067529076153525,0.004775998457598,-0.0057187836463708,0.0060924353164082,0.010473140740524,-0.0066863951660239,0.0144161151499367,0,1,1
58,18,3440.0,0.0031352317660797,0.0120968099248311,0.0061244817626065,-0.0051010818982939,0.0093827179254516,0.0130301240321088,-0.0123622949582728,0.0210407127307781,0,1,1
58,19,3441.0,0.0035762378218116,0.0106671442206266,0.0072889687864006,-0.0084837151446303,0.0094542635022194,0.015871117230421,-0.0106404502256273,0.0221694436445311,0,1,1
58,20,3442.0,0.0035369606312042,0.0098308760103649,0.007274837255296,-0.0090093179226858,0.0090352456027168,0.0159214477338931,-0.0096240556187574,0.0214078156976055,0,1,1
58,21,3443.0,0.0026157547774294,0.0095495413147622,0.00516746644736,-0.0047359057378753,0.0076136560983543,0.0110880245929474,-0.0096793608147591,0.0172756240001805,0,1,1
58,22,3444.0,0.0032807077501178,0.0094739396346998,0.0067232076095389,-0.0080700184402522,0.0085484953989673,0.0147044460512811,-0.0093663641474158,0.0201688231628684,0,1,1
58,23,3445.0,0.0034209196445087,0.0083216631681593,0.0071484670654753,-0.009734020850644,0.008232508017192,0.0157663279751589,-0.0078755155875732,0.0198619991871467,0,1,1
58,24,3446.0,0.002668653618952,0.0061424351730909,0.0055869848992177,-0.007860293779591,0.006194945853734,0.0122547550073303,-0.0055607151521294,0.0148345714677325,0,1,1
58,25,3447.0,0.0041354538735441,0.0100452699450355,0.0086465683668911,-0.0117951033897333,0.0099349627358496,0.0190753058196181,-0.0094354597023023,0.0239223528165044,0,1,1
58,26,3448.0,0.0027063333054328,0.0071424720197071,0.0055850408831221,-0.0071993508587059,0.0066780337729323,0.0121719038769698,-0.0067300287854908,0.0157040449492122,0,1,1
58,27,3449.0,0.0030097183463977,0.0056430434737399,0.006259696168438,-0.0096551945760193,0.0060320655206789,0.0131794207571687,-0.0042112133991353,0.0137806168419086,0,1,1
58,28,3450.0,0.0039761586105887,0.0048987314654662,0.0082163010615816,-0.0143565129019364,0.0062321281240174,0.0164371217756707,-0.0018579328249865,0.0134001927112069,1,1,1
58,29,3451.0,0.0053074497864249,0.0037501465970243,0.0107567328552031,-0.0206585170685446,0.0058870154945107,0.0196733774649963,0.002545460562958,0.0094363493330348,1,1,1
58,30,3452.0,0.0075513907979252,-0.0003922439353508,0.0136585466499746,-0.0295912808625462,0.0016911588818959,0.016510229901611,0.0121971430511547,-0.0093202498495987,1,1,1
58,31,3453.0,0.0060157662680935,-0.0002657799422483,0.0108274258147293,-0.023389567014243,0.0014327518464545,0.0131428721148802,0.0093607472700443,-0.0067836312019064,1,1,1
58,32,3454.0,0.004740492810312,0.0011376839720236,0.009019567554973,-0.0186441766725198,0.0027265502031536,0.0133638808592179,0.0056339698022689,-7.545024377125125e-05,1,1,1
58,33,3455.0,0.0074026040769235,-0.000134548398246,0.0132499124890254,-0.0284216809765346,0.0020794712665498,0.0164660966341519,0.0107092594370536,-0.0066076182349041,1,1,1
58,34,3456.0,0.0084346775773556,-0.0038321216893334,0.0131823493663234,-0.0304204095580636,-0.0031627111369755,0.0057996172082865,0.0148109007112757,-0.0233447526904945,1,1,1
58,35,3457.0,0.0047642377181585,-0.0004172300648012,0.0083937252386669,-0.0182203617959216,0.0007920598395199,0.0093645252347136,0.0071622621924506,-0.0057500441837262,1,1,1
58,36,3458.0,0.0093943287760407,-0.0055254924020168,0.0137630995104282,-0.0325051219946147,-0.0054016478214863,0.0013080252924138,0.0161760788870771,-0.0296321053897467,1,1,1
58,37,3459.0,0.0078488276721053,-0.0095261074346886,0.0060434724088618,-0.0165997111642842,-0.0104507007543202,-0.0209801182494226,0.0012732332668064,-0.0138436113547886,1,2,2
58,38,3460.0,0.0081359836388052,-0.0077151198733795,0.0088478406917322,-0.0223648725584991,-0.008335191168637,-0.011672790802853,0.0082973758333755,-0.023352639782368,1,1,1
58,39,3461.0,0.0109572430289346,-0.0159977166298611,0.0048124326294405,-0.0155601593436021,-0.0167437887027624,-0.0402328446235945,-0.0089002232753018,-8.081608510062646e-05,1,2,2
58,40,3462.0,0.0091927419364094,-0.014102179835466,0.001911623852946,-0.00734406385501,-0.0083572645637872,-0.019464031681536,-0.0038755288879255,0.0011551564607506,2,2,2
58,41,3463.0,0.0101447170340192,-0.0163458306971978,0.0016417148036711,-0.0077713242426707,-0.0136766969694461,-0.0360068724841801,-0.0142197326847233,0.0190550878617808,2,2,2
58,42,3464.0,0.0113232891827251,-0.0183986331193155,0.0017706416037966,-0.0086956454085363,-0.0161846273337715,-0.0430558753221383,-0.0175246852946306,0.0236965115387933,2,2,2
58,43,3465.0,0.0100717761186783,-0.0170309926594902,-4.641318612611355e-05,-0.0035671764330119,-0.010947720053864,-0.0298712033793795,-0.0135208407866394,0.0218279614629688,2,2,2
58,44,3466.0,0.0125792519274554,-0.0233270180856942,-0.0042260923986193,0.0057024827057078,-0.0089123491711743,-0.029203475331965,-0.0230805057939723,0.0566984527361977,2,2,2
58,45,3467.0,0.0121231680103717,-0.0227102896302789,-0.0047233582571049,0.0072359836031869,-0.0066172180171451,-0.0227211389310168,-0.0192692652178916,0.0488463348934169,2,2,2
58,46,3468.0,0.011973516895233,-0.0225430238734383,-0.004974349702623,0.007970441089346,-0.0055874938701135,-0.0197833505608392,-0.0173579464266567,0.0443686696222015,2,2,2
58,47,3469.0,0.0071426783425195,-0.0135389119443374,-0.0035036418018682,0.0063624385474139,-0.0002333599063551,-0.002223543673486,-0.0024924089100769,0.0058305358740342,2,2,2
58,48,3470.0,0.0089195019317912,-0.0181437189574087,-0.007245061489903,0.0152631410602238,0.0058496761504484,0.0128351224924636,0.0036960105735741,-0.0056325829106216,2,2,2
58,49,3471.0,0.0086595201309838,-0.0167266262034473,-0.005114763599094,0.0100257968461879,0.0023542828704738,0.0046503707775819,0.0015154368347797,-0.0035542192117093,2,2,2
58,50,3472.0,0.0089272040321911,-0.0181873734749849,-0.0073247494274563,0.0154694665256107,0.0060560534262398,0.0133933014875099,0.0040115695845888,-0.0063509222174581,2,2,2
58,51,3473.0,0.0130605755421545,-0.0253264762969693,-0.0078432848482551,0.0153713209336506,0.0031467196121905,0.0053681490269568,0.0002378174721564,0.000356421127995,2,2,2
58,52,3474.0,0.0089288947700498,-0.0181963044101293,-0.0073352707805064,0.0154928491504703,0.0060522590047967,0.013361058263064,0.0039499899416122,-0.0061718337110825,2,2,2
58,53,3475.0,0.0130597397843815,-0.0253218986706888,-0.0078359799665202,0.0153528964102706,0.0031300262211601,0.0053233094761592,0.0002124459984229,0.000410832628991,2,2,2
58,54,3476.0,0.0089301596454003,-0.018202554153673,-0.0073391046755806,0.0154981118073634,0.0060291435599066,0.0132799020573394,0.0038796525357667,-0.006021855732869,2,2,2
58,55,3477.0,0.0087375773707022,-0.0171286491366565,-0.0055211867960658,0.010878817342348,0.001989851472265,0.0028337930949498,-0.000822071409049,0.0022902051511089,2,2,2
58,56,3478.0,0.0118424734924789,-0.0218394811664704,-0.0050492254947102,0.0089976671279693,0.0002146110884442,-0.0010190287629818,-0.0016622402738758,0.0041292511568668,2,2,2
58,57,3479.0,0.0088885764388376,-0.0181261231331212,-0.0073468039183713,0.0155462994622682,0.0061696126039544,0.0136858654439192,0.0040967041386883,-0.0063917448773019,2,2,2
58,58,3480.0,0.0086640355922075,-0.0177467531571303,-0.0073235769948955,0.0155557444731549,0.0062923234575062,0.0140127180152064,0.0042452553636683,-0.006680185800792,2,2,2
59,0,3481.0,0.0007270854924899,0.0089848329639459,0.0003149606224127,0.0044395433257709,0.0024920014355801,-0.0016875116809706,-0.004372305306809,-0.0001509248537791,0,0,0
59,1,3482.0,0.0016645889318462,0.0161504450438983,0.00160369201458,0.0062792734852039,0.0060729188584853,-0.0003105960860728,-0.0106684691314137,0.0045725652306736,0,0,0
59,2,3483.0,0.0014369056368997,0.0167081920144432,0.0008349672419654,0.0078921849604212,0.0050608116862231,-0.0025445917516536,-0.0089449786675315,0.0008150507943985,0,0,0
59,3,3484.0,0.0010787421725626,0.0124063715272714,0.0006592082426177,0.0057995263656119,0.0038356507528507,-0.0017688873461058,-0.0068169695206811,0.0008855329076089,0,0,0
59,4,3485.0,0.0011954282377466,0.01527991838391,0.0004234557714895,0.0077449870986237,0.0040963611646183,-0.0031496554040927,-0.0072520360208528,-0.0006563962120891,0,0,0
59,5,3486.0,0.0006413245589565,0.0106257923186777,-0.0002840637607128,0.0061122392429809,0.0017168039443186,-0.0034665482915555,-0.002700376692281,-0.0030524413723322,0,0,0
59,6,3487.0,0.0005029227908544,0.0170857651882609,-0.0020514090760652,0.0112526883257937,-0.0007216689191637,-0.008109908480404,0.0029808120047332,-0.0101544244093137,0,0,0
59,7,3488.0,0.0006335843600356,0.0205103015888836,-0.002379651133331,0.0135067641933811,-0.000658796400674,-0.0097397651844425,0.0031740690649435,-0.0122181295299602,0,0,0
59,8,3489.0,0.0006493707266595,0.0186281239644525,-0.0019398857568933,0.0121062020041819,-9.45820989379089e-05,-0.0085592317618909,0.0018225600837962,-0.0105031158255004,0,0,0
59,9,3490.0,0.0003933729876466,0.0105678435432252,-0.0010216943540286,0.0067785566987053,0.0001172445711728,-0.0046893771185899,0.0006509920831727,-0.0055926890351803,0,0,0
59,10,3491.0,0.0007863287266118,0.014844341307031,-0.0007340509543484,0.0090202370967125,0.001767900427614,-0.0056925684969859,-0.0024602847861039,-0.0060058188114329,0,0,0
59,11,3492.0,0.0008520090150336,0.0155789249460124,-0.0006893170458495,0.0093501280642317,0.0020041011506579,-0.005777985966132,-0.0028893381280326,-0.0059232707984837,0,0,0
59,12,3493.0,0.0008478270167786,0.0140137666857058,-0.0003695412116801,0.0080910331034194,0.0022963045415869,-0.0046252582678794,-0.0036322169319153,-0.0041394205025346,0,0,0
59,13,3494.0,0.0003989465661642,0.0195823826161922,-0.0028670464039938,0.0131368553492565,-0.0020387724202419,-0.0097026598381106,0.0058682907519691,-0.0124197997549557,0,0,0
59,14,3495.0,0.0002979045596328,0.0145890817145779,-0.0021346798509838,0.0097952349836666,-0.0015117697812642,-0.0072429274422791,0.0043574910762275,-0.0092815159912585,0,0,0
59,15,3496.0,0.0005563386828287,0.0126712755306962,-0.0009720692550749,0.0079719432730831,0.000734226759906,-0.0053461675996851,-0.0004726537028043,-0.0061386001397851,0,0,0
59,16,3497.0,0.0001808137638714,0.0132812771471222,-0.0021837334189657,0.0088712079022491,-0.0019680827623213,-0.0064664099841922,0.0050126086880059,-0.0080452648140453,0,0,0
59,17,3498.0,0.0009449977518416,0.0186429193601733,-0.0010502621523703,0.0114410326384293,0.0019392477198086,-0.0073530011768249,-0.0025002894718064,-0.0079749058754629,0,0,0
59,18,3499.0,0.0004839010033533,0.0132636430870195,-0.0013113826383938,0.0085563647591525,0.0001023378173757,-0.0059684731982766,0.0008957977726143,-0.0071808376989521,0,0,0
59,19,3500.0,0.000784582770449,0.0150963649037226,-0.0007915085619491,0.0092330241014588,0.0017157012282682,-0.0058923887765622,-0.0023417625749871,-0.0063139381570296,0,0,0
59,20,3501.0,0.0005291238045389,0.0131223138561457,-0.0011447954612056,0.0083164924162691,0.0004273938296055,-0.0056407421416549,0.0002018746071939,-0.006559760027484,0,0,0
59,21,3502.0,0.000953918929956,0.0126892906063328,0.0002326410252512,0.0065936229830622,0.0031767608232195,-0.002902864220552,-0.0055630202259874,-0.0011328000496465,0,0,0
59,22,3503.0,0.0007328843229371,0.0151289729154703,-0.000961421887379,0.0093025444793696,0.0012569792432292,-0.0060315430539074,-0.001281810519966,-0.0066915313967542,0,0,0
59,23,3504.0,0.0017113737089337,0.0180573933155066,0.0013669032221063,0.0077435604842204,0.006177999920901,-0.0014670538619922,-0.0109249640377904,0.0032254900729926,0,0,0
59,24,3505.0,0.0020363402072166,0.0126144457486479,0.0032600804981517,0.0010636136093512,0.0070600871231142,0.0053468827158432,-0.011218630714382,0.0120168633237245,0,0,0
59,25,3506.0,0.0026791176326807,0.0133450898702144,0.0048138354791623,-0.0016138327384397,0.0087812198975448,0.0093512757680243,-0.0129818050913408,0.0175764342189103,0,1,1
59,26,3507.0,0.0022909885337701,0.0089744746615164,0.0044410010682011,-0.0035756102058608,0.0068452055663279,0.0093340951537766,-0.0090615534310074,0.0150940743223871,0,1,1
59,27,3508.0,0.0021469786173501,0.0098210084595548,0.0039312751035292,-0.0020212855670951,0.006650028742143,0.0077044588804222,-0.0093527928836094,0.0133828728919635,0,1,1
59,28,3509.0,0.0016058419554461,0.0119469261201543,0.0021549180112662,0.0027440990138091,0.0054627397183951,0.0023086246932074,-0.008857311808989,0.0067570109996379,0,0,0
59,29,3510.0,0.0035991459816851,0.0101880914095956,0.0072899298494089,-0.0088605353188653,0.0089712217381392,0.015540262236142,-0.0094401978757581,0.0204270781749103,0,1,1
59,30,3511.0,0.0043352785259688,0.0042925232174139,0.0086786720316432,-0.0157687770012148,0.0055556629684912,0.0159865241193978,-9.304192901256451e-05,0.010104560484064,1,1,1
59,31,3512.0,0.0052000009783513,0.0071697155675134,0.0109266456851213,-0.0186684807463336,0.008952370752128,0.022752045204993,-0.0035368006710345,0.0201319520138491,1,1,1
59,32,3513.0,0.003421494963616,0.0043022471441722,0.007078500346438,-0.0123334426105004,0.0053707985700519,0.0141381469802607,-0.0015117484226852,0.0112603564110033,1,1,1
59,33,3514.0,0.0043534404181224,0.0019884297401461,0.0085111042209336,-0.0169721226084861,0.0036242685639763,0.0141046045686636,0.0036235089701864,0.0038187228777156,1,1,1
59,34,3515.0,0.0053547632154952,0.0016375222481711,0.010272458206057,-0.0209828181144027,0.0036112638731085,0.0160593733182528,0.0057135866693217,0.0018269767819771,1,1,1
59,35,3516.0,0.0061445955496958,0.0045459222581819,0.0125257519912391,-0.0239246776731435,0.0071491173347375,0.0234010688461689,0.0024629791189006,0.0124123326293775,1,1,1
59,36,3517.0,0.0058840359176643,0.0034922416795346,0.0118818459634143,-0.0232865704891683,0.0059102385154788,0.0212257356081827,0.0041331741031086,0.0081898051713859,1,1,1
59,37,3518.0,0.0050141973026684,0.0037560094628676,0.0101574972453515,-0.0193548420690661,0.0057155902831951,0.0186427910691193,0.0020005394529419,0.0094773716015041,1,1,1
59,38,3519.0,0.0053162196512765,0.0012958196533397,0.0102137520967651,-0.021135875132761,0.003185981284956,0.0155296206420002,0.0065606712913194,4.987429186264357e-05,1,1,1
59,39,3520.0,0.0068156231664143,6.079245988829624e-05,0.0124200002613908,-0.026605914907937,0.0021048403649703,0.0158780290821833,0.0101353502199172,-0.0059735763918313,1,1,1
59,40,3521.0,0.0084552575988079,-0.0012592621341055,0.0148965610369159,-0.0327667559378331,0.0007176507445391,0.0158335893149299,0.0143578347293758,-0.0139368387342669,1,1,1
59,41,3522.0,0.0082550861827734,-0.0038616048095045,0.0128976592704101,-0.029862047832645,-0.0032918972680467,0.005379366907051,0.0149193829384637,-0.0240848455000179,1,1,1
59,42,3523.0,0.0077442712013375,-0.0038793238266739,0.0115135914637527,-0.0266021983141341,-0.0028915109570168,0.0045149680723714,0.0121823224313971,-0.018766119814963,1,1,1
59,43,3524.0,0.0073871635906767,-0.0085359684187943,0.0061654876202284,-0.0165384392094772,-0.0091919679310843,-0.0173701796858445,0.0026648011538831,-0.0147498884313499,1,2,2
59,44,3525.0,0.0098778251567866,-0.0086708733746955,0.0117097933310857,-0.02921159756138,-0.0096656710013257,-0.0116261171304108,0.0125656121085079,-0.0324073377669366,1,1,1
59,45,3526.0,0.0090541008339465,-0.0078138962739399,0.0108217621329881,-0.0268826134466212,-0.0085079923580422,-0.0096523355639621,0.011693494532555,-0.0290815206676812,1,1,1
59,46,3527.0,0.0088998856292451,-0.0054502578828453,0.0128386126314296,-0.0304431493159358,-0.0054439300571486,0.0001890661904441,0.0149565126217233,-0.0281488992379754,1,1,1
59,47,3528.0,0.0087088687157806,-0.0094586076518166,0.0081665205888474,-0.0214518258400934,-0.0105153157791347,-0.0182314776616403,0.0059932659442795,-0.0232449625955694,1,2,2
59,48,3529.0,0.0084529846444029,-0.0104007263370842,0.0064743374757715,-0.0179431876002596,-0.0118455192934936,-0.0241818711853113,0.0011679624282001,-0.016018023829066,1,2,2
59,49,3530.0,0.0109576786675521,-0.0156074318403023,0.0054538483161215,-0.0170075122647522,-0.0167175580410013,-0.0391143575303879,-0.0066407087350477,-0.005843133028222,1,2,2
59,50,3531.0,0.0058513590127531,-0.0080871587699842,0.0027701572753131,-0.008313318214984,-0.0065491561168165,-0.0141648949115453,-0.0011103652125489,-0.0039093283445353,1,2,2
59,51,3532.0,0.0115146953570693,-0.0168024229298205,0.0050759176042645,-0.016383320135295,-0.017394795600868,-0.0414852394078105,-0.0084011674045167,-0.0024942183648358,1,2,2
59,52,3533.0,0.0113778201928296,-0.0187345926721064,0.0012182754462841,-0.0073236475360444,-0.0152749320094248,-0.041021675923096,-0.0174191429210704,0.0251288225355258,2,2,2
59,53,3534.0,0.0097573489997028,-0.0163197591618418,-0.0008084162065458,-0.0007571570212196,-0.0041721792204647,-0.0097024246520254,-0.0011714156521028,-0.0016960537482122,2,2,2
59,54,3535.0,0.0117516364392674,-0.0214541056611101,-0.0031703991849949,0.0033547790317879,-0.0098266251428814,-0.0308556039001167,-0.0222626043438095,0.0519958334929216,2,2,2
59,55,3536.0,0.012079876028309,-0.0226180568109114,-0.0048215560629649,0.0076267010293879,-0.0051149969118572,-0.0175542875508234,-0.0134330483096652,0.0306162241870634,2,2,2
59,56,3537.0,0.0119456887881687,-0.0225944797420532,-0.0052137749055855,0.0086003547319448,-0.0049591168741878,-0.0180961684875103,-0.0164230708785445,0.0422844715409152,2,2,2
59,57,3538.0,0.0088932756435158,-0.0181450528678461,-0.0073218277448655,0.015447139359461,0.005871811860522,0.0127508996065066,0.0033509682358387,-0.0045018017599903,2,2,2
59,58,3539.0,0.0086642906116623,-0.0177469415868319,-0.0073141673441238,0.0155257035414809,0.0062293614064323,0.0138208049231181,0.0041003601420181,-0.0063183062570233,2,2,2
60,0,3540.0,0.001065021342218,0.0140102471760142,0.000289994959812,0.0072663662667795,0.0035821523309982,-0.0031896866690156,-0.0062810324954671,-0.0012492978028507,0,0,0
60,1,3541.0,0.0007686434175178,0.0143085548182376,-0.0006754869261671,0.0086099857645906,0.0017341634478128,-0.0053486386408772,-0.0024139424999389,-0.0055364511592292,0,0,0
60,2,3542.0,0.0006841957186079,0.0107034420996539,-0.0001703691484684,0.0060788714446545,0.0020020671387394,-0.0033490131429201,-0.0033072384801877,-0.0027693905151725,0,0,0
60,3,3543.0,0.0008425151291427,0.0144195003610828,-0.0004720546518612,0.008468305714514,0.0022001805617701,-0.0050110137245693,-0.0034058063399803,-0.0047733088581543,0,0,0
60,4,3544.0,0.0003967853378673,0.016900795164792,-0.0023127827367308,0.0111904966977097,-0.001396250489119,-0.0081004321305795,0.0042673959689206,-0.0101166392198063,0,0,0
60,5,3545.0,0.0008303150820561,0.0157174319580624,-0.0007782654370528,0.0094484638939566,0.0018171341577406,-0.0058426406542236,-0.0025041412978166,-0.005964957573193,0,0,0
60,6,3546.0,0.0008686546157196,0.0157480020358473,-0.0006716474518175,0.0093932341381927,0.0020647938840314,-0.0057337125521527,-0.0030115997854715,-0.0057586990850015,0,0,0
60,7,3547.0,0.0003214481797827,0.0204405324059778,-0.0032498532409692,0.0136984577117991,-0.0027547151234923,-0.0100647140267832,0.0072631257456538,-0.0127132283688122,0,0,0
60,8,3548.0,0.0001543010183054,0.012699459333452,-0.0021524320002736,0.0085813321124026,-0.0020242476259823,-0.0063737476750971,0.0051577122216098,-0.0081321346893665,0,0,0
60,9,3549.0,4.112794368107022e-05,0.0192482641968355,-0.003795544963241,0.0130967626811932,-0.004329797569005,-0.0097608538473239,0.0101788974792312,-0.0123502239567214,0,0,0
60,10,3550.0,0.0004276517839516,0.0126421667142972,-0.0013523122135428,0.0082297078574417,-0.0001423037489933,-0.0058250866910891,0.0013752183626905,-0.0071376758526494,0,0,0
60,11,3551.0,0.0003177348174145,0.0241318340211414,-0.0040157962845494,0.0162504882359507,-0.0036735228866115,-0.0120036953266547,0.00941512459071,-0.015200732259714,0,0,0
60,12,3552.0,0.0004417834738608,0.0150251863314691,-0.0018046659512378,0.0098890871765581,-0.0006379797674547,-0.0071173261828931,0.002621604945962,-0.0088890253278392,0,0,0
60,13,3553.0,0.0003851488862569,0.0154488928278524,-0.0020547515485037,0.0102562595232544,-0.0011198404603338,-0.0074621128554752,0.003614787422289,-0.0093955427900322,0,0,0
60,14,3554.0,0.0004932105278915,0.0126414336567684,-0.0011590203378901,0.0081102549550721,0.0003001949949607,-0.005617269482127,0.0004689848437476,-0.0067223552639692,0,0,0
60,15,3555.0,0.0003354900961785,0.0093366195825552,-0.0009395674031361,0.0060364814838848,3.158820959425522e-05,-0.0042275816797492,0.0007257003312262,-0.005115969958072,0,0,0
60,16,3556.0,0.0004192385534569,0.0213978490449531,-0.0031840299455279,0.0144004430127221,-0.0023417090889586,-0.0106823324530071,0.0066532228321413,-0.0137301381687929,0,0,0
60,17,3557.0,0.0002798536599992,0.0095331150907051,-0.0011452794380853,0.0062713253151582,-0.0004032206516769,-0.0045066044372479,0.0016479955241397,-0.005609016241554,0,0,0
60,18,3558.0,7.735351853464928e-05,0.0156206881151125,-0.0029681867582614,0.0106395656877313,-0.0032637115773225,-0.0079608576399359,0.007863280788408,-0.0101564588179455,0,0,0
60,19,3559.0,0.0003282815878941,0.0121426490781255,-0.0015424332373473,0.0080419023708769,-0.0007058526800269,-0.0058359724915074,0.0024980761499039,-0.0073415191847587,0,0,0
60,20,3560.0,0.0007296969249824,0.0158386329028587,-0.0011133965718062,0.0098981792188968,0.0011492051664473,-0.0065635592943963,-0.0010647693052525,-0.0074280653870403,0,0,0
60,21,3561.0,0.0003437309253276,0.0199737940209622,-0.0031003520382346,0.0134029680366411,-0.0025175571554784,-0.0098731111567306,0.0068138825792226,-0.012518289396571,0,0,0
60,22,3562.0,0.0007053920530795,0.0177741895860152,-0.0015933442138521,0.011378690094831,0.0005081273471744,-0.0078561249255993,0.000473141143724,-0.0093714927723331,0,0,0
60,23,3563.0,0.0002355786550818,0.0118812397577085,-0.0017477761514158,0.0079309895926917,-0.0012471301621798,-0.0058007384945937,0.0034991862551369,-0.0073119766469799,0,0,0
60,24,3564.0,0.0003026844566511,0.0129236968133249,-0.0017549991975615,0.0085079626770294,-0.0010075056565808,-0.0060903315826069,0.003018247586091,-0.0074812416364146,0,0,0
60,25,3565.0,-0.0011040846941814,0.0181289794830925,-0.0065599356257005,0.0122102351260725,-0.0109151695785248,-0.0084807427439031,0.0210717852978858,-0.0088126190820288,0,0,0
60,26,3566.0,0.0001341230528537,0.0180099618430779,-0.0032919072416711,0.0122359489393902,-0.0034383536110279,-0.0091358363145996,0.0084111604551205,-0.0116669862673107,0,0,0
60,27,3567.0,0.0005492291701274,0.0157745556160137,-0.0016363953847334,0.0102068022287171,-6.509747518378428e-05,-0.0071589160474666,0.001460812101159,-0.0086867055668852,0,0,0
60,28,3568.0,0.0006484303190916,0.0134360466677658,-0.0008511975510745,0.0082515078771618,0.0011510933768023,-0.0053079289992246,-0.0012913044908222,-0.0057570849494787,0,0,0
60,29,3569.0,0.0002450736947007,0.0166074276542542,-0.0026920708781483,0.0111580288130675,-0.0023732719248793,-0.0082234907597415,0.0062056131845179,-0.0104040796691201,0,0,0
60,30,3570.0,0.0007431374162048,0.0179336219543806,-0.0015120498298468,0.0114237654672395,0.000744465097349,-0.007821125487705,-2.7054982645136253e-05,-0.0092275884709646,0,0,0
60,31,3571.0,0.0009245560493549,0.0167353593663776,-0.0007136132985897,0.0100333457831231,0.0022170854501329,-0.0061903139972371,-0.0032352934151353,-0.0063355747528527,0,0,0
60,32,3572.0,0.0004801408774542,0.0137460063556936,-0.0014242600141811,0.0089201060571617,-4.437608765841255e-05,-0.0062884891546894,0.0012642335427127,-0.0076865026559685,0,0,0
60,33,3573.0,0.0003740178716345,0.013377818244676,-0.0016639833421742,0.0088345212703198,-0.0007035856049265,-0.0063931152743823,0.0026166882189381,-0.0080417189440939,0,0,0
60,34,3574.0,0.0007443085860833,0.0112756321578951,-0.0001128579589816,0.0062405038194741,0.0021680405589414,-0.0032726786181678,-0.0035434064384708,-0.0024803035065422,0,0,0
60,35,3575.0,0.000862715077034,0.0137405371004228,-0.0002675743976055,0.0078812717113744,0.0024821229367854,-0.0044390863599087,-0.0040611804716157,-0.0038490487538904,0,0,0
60,36,3576.0,0.0006915420683614,0.0119280831387312,-0.0004061902125859,0.0070758991822829,0.0018284650668915,-0.0042608026081645,-0.0028627930258573,-0.0041582368713246,0,0,0
60,37,3577.0,0.0007859204760756,0.0156705912346423,-0.000905487936046,0.0095893524321335,0.0015551223541261,-0.0061258342783836,-0.0019461010471074,-0.0065713503375121,0,0,0
60,38,3578.0,0.0015631450839411,0.0199129159996884,0.00056723006408,0.0101199748609696,0.005401942677926,-0.0041517960699583,-0.0096094259405506,-0.0009441193637128,0,0,0
60,39,3579.0,0.0005928659513616,0.015183005896485,-0.0013832223781477,0.0096621644631393,0.000355857700066,-0.0066001459427256,0.0005357526506943,-0.0077511251879457,0,0,0
60,40,3580.0,0.0007503019611631,0.0104920807312789,7.53288457580017e-05,0.0056153228453457,0.0024088303619318,-0.0026853489152132,-0.0041517459878349,-0.0015143324545106,0,0,0
60,41,3581.0,0.0004508663060578,0.0076236941068322,-0.0002320122020217,0.0044699508262481,0.0012114246118352,-0.002628981768087,-0.0019144451896497,-0.0024598271184321,0,0,0
60,42,3582.0,0.0009293978094451,0.0167043866671681,-0.000688351950295,0.0099489977221183,0.0022456030334903,-0.0060485520941186,-0.003305664207115,-0.0060206559135805,0,0,0
60,43,3583.0,0.000680350497269,0.0125917405069684,-0.0005813794331776,0.0075835634863983,0.001571068888372,-0.0047102299149067,-0.0022328096248346,-0.0048564650485406,0,0,0
60,44,3584.0,0.0005591280922318,0.0157929571355647,-0.0016176924851857,0.0102416727524397,-1.6680904474261044e-05,-0.0072145400628535,0.001404517636482,-0.0088116289476799,0,0,0
60,45,3585.0,0.0009981570589685,0.0152544663248579,-0.0001735533609818,0.0085493297697939,0.0029661278118436,-0.0045789134807812,-0.0049274703234527,-0.0035715461703191,0,0,0
60,46,3586.0,0.0010068376096628,0.0209086691618336,-0.0013416298804261,0.0129538483224432,0.00178716786432,-0.0084766025364294,-0.0019482201835191,-0.0094522901913298,0,0,0
60,47,3587.0,0.0006279163212563,0.0238437637687322,-0.0030809846048704,0.0158218400097848,-0.0015182295071865,-0.0115225010512961,0.005207121228634,-0.0145700925727393,0,0,0
60,48,3588.0,0.0009074112641628,0.0187266874286612,-0.0011853521356286,0.0116596734811969,0.001684436474703,-0.0076863016840565,-0.0019394906836383,-0.0086401768942837,0,0,0
60,49,3589.0,0.000742761970756,0.0179856088489603,-0.0015270420887957,0.0114793983444127,0.0007222404175513,-0.0078896919756142,4.426267205010908e-05,-0.0093660658954453,0,0,0
60,50,3590.0,0.0007571956622001,0.0133000499223126,-0.0004957224473261,0.0079121950419699,0.0019305073083537,-0.0047931519653788,-0.0029498110836358,-0.0047297013397442,0,0,0
60,51,3591.0,0.0006453381680249,0.013188476490791,-0.0008102654463994,0.008103235777183,0.001197721573246,-0.0052139595616283,-0.0014045191623007,-0.0056508996329155,0,0,0
60,52,3592.0,0.0006198810769488,0.0111939945282272,-0.0004721568294501,0.0067025391400843,0.0014924953908769,-0.004121352894256,-0.0021817537005778,-0.0041914784541969,0,0,0
60,53,3593.0,0.0007274846791175,0.0117698879636872,-0.0002643437654247,0.0067562791829865,0.0020291663392633,-0.0038155581107054,-0.0032611636376225,-0.0033331008131586,0,0,0
60,54,3594.0,0.000702027414237,0.0128616576782657,-0.0005734399589014,0.0077159978478303,0.0016378060576004,-0.0047646960999876,-0.0023391219274455,-0.0048836752138957,0,0,0
60,55,3595.0,0.0015492810797756,0.0164677772469395,0.0012231696173624,0.0071522915002122,0.005665711198396,-0.0014411417715302,-0.0101264913100655,0.0028768013678612,0,0,0
60,56,3596.0,0.001931468409018,0.0173972601424394,0.0021457228559845,0.0061046827988703,0.0072521184389028,0.0007975138868768,-0.0128754506878602,0.0071499248628548,0,0,0
60,57,3597.0,0.001668754433128,0.0163410868754379,0.0015792880858626,0.0064209011530395,0.006080018217547,-0.0004149052296273,-0.0106889639152261,0.0044677308357101,0,0,0
60,58,3598.0,0.0026860384654229,0.0128246102399199,0.0049171387307572,-0.002140294964757,0.0087115411640506,0.0097841740359247,-0.0126724980967048,0.0179125244179155,0,1,1
61,0,3599.0,-0.0002709615249398,0.0168525490086864,-0.00412738741381,0.0114884408487929,-0.0056106599812537,-0.0084760412346919,0.0120103587135118,-0.010388986702273,0,0,0
61,1,3600.0,0.0001986258429317,0.0128191259296503,-0.0020362026659598,0.0085574324518253,-0.0017072863012509,-0.0062382431122605,0.0044349801926358,-0.0077838482588619,0,0,0
61,2,3601.0,-0.0001087013971316,0.0088724002694563,-0.0020638857055081,0.0059563346608495,-0.002685804215642,-0.0042865799977668,0.0056902808311259,-0.0050744572792688,0,0,0
61,3,3602.0,-0.0010689791367265,0.0105054430731379,-0.0048397014624136,0.0068490284475867,-0.008513378198242,-0.0043072241567198,0.0152377993549058,-0.0033806322922595,0,0,0
61,4,3603.0,-0.0039698127257973,0.0170091729581304,-0.0133725357691448,0.0101731432720716,-0.0257492242088857,-0.0043204993740905,0.0423566110157925,0.0024733398625531,0,0,0
61,5,3604.0,-0.0008206500063885,0.0133816674552839,-0.0048286579585804,0.0089445358706238,-0.007963203434975,-0.0061274906516699,0.0151671313910686,-0.0062325564232151,0,0,0
61,6,3605.0,-0.0027175553018467,0.0110478341295526,-0.0090301871421916,0.0065492246447021,-0.0174749696437507,-0.0026374268261373,0.0286375395882135,0.0021196807752925,0,0,0
61,7,3606.0,-0.0041620652309124,0.0101476224475956,-0.0120986589488929,0.0050138896493008,-0.0233619878230036,-5.554273976207196e-06,0.0347830823015192,0.0079648838382331,2,0,3
61,8,3607.0,-0.0060237471745829,0.0121768174443414,-0.0167619852310413,0.0053367067800675,-0.0319999462625242,0.0015202530789048,0.0454739853137218,0.0129706875350135,2,0,3
61,9,3608.0,-0.004860221030316,0.0092509547362327,-0.0132078978352482,0.0038573827462975,-0.0247178288713061,0.0014424899549501,0.0341265588327857,0.0100123287448344,2,0,3
61,10,3609.0,-0.0026074759299652,0.0088679211527774,-0.0081112067071972,0.0049079853646026,-0.0153383241484223,-0.0013898001293744,0.023566875240791,0.0031537388271272,0,0,0
61,11,3610.0,-0.0053656159929801,0.0103252771764761,-0.0147638274722269,0.0043469735926029,-0.0280679187009619,0.0016786418634356,0.0393263091352232,0.0118290014354676,2,0,3
61,12,3611.0,-0.0032622969713173,0.0093454021832903,-0.0098121245072531,0.0049399153310243,-0.0188683953257016,-0.0008111142696565,0.0287112464608656,0.0052274875399233,0,0,0
61,13,3612.0,-0.0042030118666578,0.0152243154034378,-0.0135239473786576,0.0087769863795349,-0.0262595887675415,-0.0030005574198915,0.0422593745792412,0.0046034862638709,0,0,0
61,14,3613.0,-0.0056545530867468,0.0172182175471551,-0.0173411814462759,0.009373645916665,-0.0335938663280927,-0.0020710769077981,0.0522057889845204,0.0084643363493777,0,0,3
61,15,3614.0,-0.004449247203756,0.0073114569355002,-0.0117810741047353,0.0026439811595917,-0.0219457682762436,0.0020666597671371,0.02926552375538,0.0100163134382198,2,0,3
61,16,3615.0,-0.0062338082633001,0.0086492847024123,-0.0160326476923848,0.002480372999899,-0.0296019275161056,0.0038788403107343,0.0378954302141989,0.0149824405582335,2,0,3
61,17,3616.0,-0.0050003807468144,0.0141499772073658,-0.0148606872768863,0.0074176467688715,-0.0281621902414854,-0.0012248913359743,0.0421802969648367,0.0074406815535449,0,0,3
61,18,3617.0,-0.0127191394968868,0.0099230221754989,-0.0296652148047804,-0.0009052010925572,-0.0512808937688035,0.0119539655279148,0.0547281381082998,0.0309915607154514,2,0,3
61,19,3618.0,-0.0055796423746861,0.0035430970907166,-0.0125211733301601,-0.0010035522136684,-0.020779510427049,0.0054426349352107,0.0202929069401663,0.0126505637510536,2,0,3
61,20,3619.0,-0.013307535445251,0.008378619549211,-0.0298853341644435,-0.0024503864603711,-0.0496934337388006,0.0130701658510692,0.0486000085517842,0.0304176206086998,2,0,3
61,21,3620.0,-0.0170130605665451,0.0034389535180495,-0.0327437233112359,-0.0084455784084941,-0.0435840646400339,0.0170968135795372,0.021017333095525,0.024461808937221,2,3,3
61,22,3621.0,-0.0220369346014326,0.0028716739308481,-0.040730934234466,-0.0119589663111271,-0.0502403433020968,0.0214452540033235,0.0161998322352524,0.0261326648184559,2,3,3
61,23,3622.0,-0.0187978630538774,0.0015638357087968,-0.0334838596603591,-0.010646106542021,-0.0384207422682096,0.0173929847295301,0.0073404447504399,0.0181871923577373,2,3,3
61,24,3623.0,-0.0244713849382073,-0.0010774545197865,-0.0384445959872795,-0.015205556760889,-0.0315891391613392,0.0181752504563873,-0.0156043156565853,0.0056720321807415,2,3,3
61,25,3624.0,-0.0370020691918252,-0.0042816382366616,-0.0516980023496484,-0.023267428202755,-0.0259841284319501,0.0200769584678499,-0.0432327315894062,-0.0110855601928713,2,3,3
61,26,3625.0,-0.0340565675144355,-0.0033223637074829,-0.0493453819704636,-0.0214590663186826,-0.0300631800429655,0.0208644870371901,-0.0359944010531999,-0.005167004137887,2,3,3
61,27,3626.0,-0.0329246279098354,-0.0046303851627176,-0.0426796419767248,-0.020115583195309,-0.0141314012963351,0.0138530777889866,-0.0404854934679104,-0.0155253007178355,2,3,3
61,28,3627.0,-0.042082438240217,-0.0072476156264205,-0.0494229001999372,-0.024920368272662,-0.0025182218601116,0.0106422859230269,-0.0532985676121938,-0.0280732291414327,2,3,3
61,29,3628.0,-0.0457586649083698,-0.0076304901757931,-0.055122700418686,-0.0274692389719864,-0.0062098692907324,0.0134048521834757,-0.0595887284049733,-0.0297903848860461,2,3,3
61,30,3629.0,-0.0225702393722911,-0.0036808596548473,-0.0258962067912554,-0.0126560447884325,-0.0044450934620701,0.0065339194040006,-0.0233201783667143,-0.0097725295590284,2,3,3
61,31,3630.0,-0.0135184171232539,-0.0022501741679262,-0.0144152606063706,-0.0070900399389509,-0.0002232954302248,0.0022030221795226,-0.0097003229977443,-0.0047427615541175,2,3,0
61,32,3631.0,-0.0410934955569364,-0.0091001428084817,-0.0344830081579571,-0.0198153271283869,0.02575928319896,-0.0058790314125111,-0.026082379250232,-0.0238489865261602,2,3,3
61,33,3632.0,-0.0399990889557462,-0.0107945006552379,-0.0161995136919591,-0.0124696795550737,0.0506974037052818,-0.0228766042886435,0.0232879577587475,0.0031047714957585,2,3,4
61,34,3633.0,-0.0247077177167626,-0.0055923733529141,-0.015057000430349,-0.0087103093219029,0.0120091383441096,-0.0036165286762854,-0.0023244210442836,-0.0027487749452945,2,3,0
61,35,3634.0,-0.0490438194125404,-0.012568675743501,-0.0284844778032333,-0.0193141232305333,0.0588787509612034,-0.0241994539734799,0.0065370716720051,-0.0147384459446514,2,3,4
61,36,3635.0,-0.0500590807753682,-0.0143951979121876,-0.0099110779234093,-0.0108870888529072,0.067236319436368,-0.0327443102853817,0.0506002950230964,0.0220364832774731,2,3,4
61,37,3636.0,-0.013486321120807,-0.0039365382802398,-0.0013963619365001,-0.0022343819111165,0.0164460315493611,-0.0081648393678756,0.0142260726548784,0.0076986911040467,2,0,0
61,38,3637.0,-0.0531525496294809,-0.0160750768436245,0.0026732869750046,-0.0047357209267406,0.0609254082525432,-0.0315514051263059,0.0648256570483038,0.0415476036271666,2,3,4
61,39,3638.0,-0.0542088899593683,-0.0164759547941598,0.0044429863449204,-0.0038847557508273,0.0594748998442546,-0.030987789726749,0.0652404617329536,0.0429942871316526,2,3,4
61,40,3639.0,-0.0345717421143325,-0.0096937121429855,-0.0032563855877302,-0.0044998800517404,0.0201965064609823,-0.0084424428305725,0.0065580132704731,0.0026139659304661,2,3,4
61,41,3640.0,-0.0572587798695805,-0.0187987952384522,0.031100365512403,0.010112747571259,0.0267662635128804,-0.0168096409646663,0.055224920967945,0.0491874414292385,2,3,4
61,42,3641.0,-0.0549997110426584,-0.0178740330596135,0.0260291732065424,0.0075854989374917,0.0324822208411146,-0.0194121819243131,0.0586087265238112,0.0500682103595852,2,3,4
61,43,3642.0,-0.0566322293766523,-0.0188991935130395,0.0366502564171772,0.013202395035452,0.0170765160515562,-0.0121055976847643,0.0457685255974346,0.042339389893159,2,3,4
61,44,3643.0,-0.0415422774867907,-0.0147770334870654,0.0458761914832323,0.020216749470984,-0.0235057283099779,0.0093388418473011,-0.0106238416971743,-0.0061276636189298,2,3,0
61,45,3644.0,-0.0416209888410564,-0.0148552080000926,0.0470114515818229,0.0208371449644615,-0.0255572104507176,0.0103734416270425,-0.0131288952299754,-0.0082387412208292,2,3,0
61,46,3645.0,-0.0416358133637959,-0.0148697611164575,0.0472211853416229,0.0209516237607684,-0.0259318042325654,0.0105615460537572,-0.0135743204555645,-0.0086069640776121,2,3,0
61,47,3646.0,-0.0416426636434879,-0.014876568195209,0.0473202755240784,0.0210058061476676,-0.0261116517285576,0.010652341107455,-0.0137949582815069,-0.008793288395854,2,3,0
61,48,3647.0,-0.0416432123699855,-0.014877278237328,0.0473316573526861,0.0210120595660317,-0.0261326910284473,0.0106629836791498,-0.0138209787296154,-0.0088153460973405,2,3,0
61,49,3648.0,-0.0416435073950406,-0.0148775677735019,0.0473356278460165,0.02101419830611,-0.0261391304862608,0.0106661522089858,-0.013828117957331,-0.0088212114300736,2,3,0
61,50,3649.0,-0.0416436986361362,-0.0148777542253264,0.047338100252305,0.0210155181728883,-0.0261428575518408,0.0106679523987815,-0.0138319465609281,-0.0088242941304592,2,3,0
61,51,3650.0,-0.041645347636671,-0.0148793515773115,0.047358584340723,0.0210263536360192,-0.0261714012839667,0.0106814400681458,-0.0138584833401281,-0.0088449056240871,2,3,0
61,52,3651.0,-0.0149270625864067,-0.0053405697945181,0.0171089837945989,0.007608489813012,-0.009576056772622,0.003921024119265,-0.0051486957769824,-0.0033105018689363,2,0,0
61,53,3652.0,-0.0416453479242447,-0.0148793518991099,0.0473585914077658,0.0210263578103628,-0.0261714213627855,0.0106814509741841,-0.0138585151632342,-0.008844934217022,2,3,0
61,54,3653.0,-0.0416437018457991,-0.014877757560165,0.0473381584250348,0.0210155512369483,-0.0261429925976083,0.010668023726082,-0.0138321419787429,-0.0088244665588121,2,3,0
61,55,3654.0,-0.0416435313078465,-0.0148775923079696,0.0473360359160475,0.0210144280474231,-0.0261400252685533,0.0106666202346303,-0.0138293680250066,-0.0088223037577155,2,3,0
61,56,3655.0,-0.041559652277894,-0.0148474308110248,0.047237138317178,0.020970196304506,-0.0260822272572662,0.0106427011618584,-0.0137967220018895,-0.0088008108321322,2,3,0
61,57,3656.0,-0.0414424246436809,-0.014805349733437,0.0471002674632534,0.0209091047934417,-0.0260034792092729,0.0106102395424656,-0.0137530344582278,-0.0087722849793201,2,3,0
61,58,3657.0,-0.0402843031362966,-0.014390409950946,0.0457624464570096,0.0203132584059896,-0.0252462309017412,0.0102993419569525,-0.013340759618942,-0.0085055438362738,2,3,0
62,0,3658.0,0.0006917194861778,0.0135469826712185,-0.0007499316925914,0.0083015857828718,0.001430921161504,-0.0053272789736853,-0.0018450191544981,-0.0057785905363201,0,0,0
62,1,3659.0,0.0004387691603937,0.0115058665203314,-0.0010831673152871,0.0074095573894029,0.0002220689528065,-0.0051617066427054,0.0005138695992279,-0.0062209707661376,0,0,0
62,2,3660.0,0.0009219530606172,0.0218094186409535,-0.0017797695159123,0.013796852729773,0.0010184735422889,-0.0093346591862363,-0.00029184217059,-0.010835800885292,0,0,0
62,3,3661.0,0.0003612336849314,0.0130966799813492,-0.0016284420265988,0.0085645639743436,-0.0006930873908674,-0.0060935770425084,0.0024786662776327,-0.0074888271653572,0,0,0
62,4,3662.0,7.606271394437678e-05,0.0138699753977441,-0.0025995825547222,0.0093866345341303,-0.0027905058033147,-0.0069482882895773,0.0066548915177284,-0.0087410744695848,0,0,0
62,5,3663.0,0.0002677115533624,0.0113936092348159,-0.0015543859835889,0.0075464408731566,-0.0009108970960617,-0.0054610762340466,0.0027752521635474,-0.0068127989752624,0,0,0
62,6,3664.0,0.0005454814533192,0.0161297668795337,-0.0017136049572446,0.0104020674363524,-0.0001738711751914,-0.0072402959439414,0.0016627459718313,-0.0086575595443785,0,0,0
62,7,3665.0,-0.0001276914895075,0.0114145890392451,-0.0026564159319371,0.0077571494893531,-0.0035230050609048,-0.0057049954112205,0.0077082878286046,-0.006956021635,0,0,0
62,8,3666.0,-0.0002830827287411,0.0091224108381727,-0.0025904338371876,0.0061945634539017,-0.0038580110674884,-0.0044819969920906,0.007875161720618,-0.0052264873359951,0,0,0
62,9,3667.0,-0.0003147003137424,0.0113017824689733,-0.0030907700952797,0.0076690922990648,-0.0044343872589694,-0.0055765474702325,0.0090394962382781,-0.0066562340813906,0,0,0
62,10,3668.0,-0.0001249461384477,0.0153066080021095,-0.003449701698409,0.0104936308986608,-0.0044451754649253,-0.007863078240671,0.0099485864968287,-0.0099259377965986,0,0,0
62,11,3669.0,-2.7529281925570857e-05,0.0120473555878309,-0.0024718256444989,0.0080175334256439,-0.0028801945719252,-0.0057296596969615,0.0063077425635061,-0.0067993309575915,0,0,0
62,12,3670.0,-0.0017322884354861,0.0105615503992643,-0.0065024652763293,0.0066479668928405,-0.0121268548426888,-0.0036173611952949,0.020735757174994,-0.0012141549992375,0,0,0
62,13,3671.0,-0.0013979129151308,0.0175978960297147,-0.0072119756967114,0.0118036359816735,-0.0125132182461973,-0.0080079210982736,0.02363869417384,-0.0077209474956274,0,0,0
62,14,3672.0,-0.0014873044238236,0.0121684209181817,-0.0062475061917639,0.0078861334969352,-0.0113100115338027,-0.0047973036009985,0.0200133038131214,-0.0032350272634889,0,0,0
62,15,3673.0,-0.0003080755712069,0.0109418863596334,-0.0030271375610761,0.0074173993993326,-0.0044605273246529,-0.0053580994691289,0.0091706652249937,-0.0062348762120349,0,0,0
62,16,3674.0,-0.0008110592740631,0.0117363800700956,-0.0044972780916882,0.0078804289802917,-0.0076424169801369,-0.0054001641539316,0.014588735888958,-0.0053887709922364,0,0,0
62,17,3675.0,-0.0007103888598056,0.0100910140132451,-0.0038901373556732,0.0067626310215404,-0.0065939674202405,-0.0046166532985617,0.0125053673046501,-0.0045845382259242,0,0,0
62,18,3676.0,-0.0028964088799672,0.0168450730234956,-0.0107820342449747,0.0106392982530261,-0.020451125516431,-0.0057406957548539,0.0352725607921638,-0.0015351804249693,0,0,0
62,19,3677.0,-0.0013764480366604,0.0070002387025679,-0.0048880834352303,0.0043194871195858,-0.009324024693379,-0.0021267430095339,0.0157069424766879,5.486769946309569e-05,0,0,0
62,20,3678.0,-0.0046200879981936,0.0144850336010591,-0.0142946319524591,0.0079704931303284,-0.0277541470998899,-0.0019265029422758,0.0434414627052071,0.0067302162241372,0,0,3
62,21,3679.0,-0.0013140364416718,0.011634159675582,-0.0057109411188757,0.0076143169743626,-0.0102515501490497,-0.004782393153296,0.0183789165092048,-0.0036562113878151,0,0,0
62,22,3680.0,-0.0015470472889766,0.0096597174352959,-0.0058384292699913,0.0060982205943628,-0.0107954262471166,-0.0033734873357788,0.0184030055805477,-0.0013684960114155,0,0,0
62,23,3681.0,-0.0034594665914319,0.0099920460773275,-0.0103742812787218,0.0052763357707312,-0.0197886814215337,-0.0009087813884703,0.029883268701483,0.0053079435579993,0,0,0
62,24,3682.0,-0.0077259626822979,0.00856346710481,-0.0190055719438997,0.0013964160198753,-0.0340639707019243,0.0059499401485621,0.0404161946025341,0.0186665371118854,2,0,3
62,25,3683.0,-0.0070731207536468,0.00747124610244,-0.0173303301374244,0.0010124689230724,-0.0311311768299169,0.0056779026020451,0.0368401162186213,0.0174769703057016,2,0,3
62,26,3684.0,-0.0085289098470095,0.0057819066503051,-0.0194383702102244,-0.0012656603068859,-0.0328935968130932,0.0083291362489684,0.0333710552816971,0.0202455056014853,2,0,3
62,27,3685.0,-0.0100241311783559,0.0073816331815124,-0.02313942868025,-0.0010349032439591,-0.0396410198633284,0.0095490308327306,0.0415289814482411,0.0241228543302873,2,0,3
62,28,3686.0,-0.0151449622843077,0.0107077025987822,-0.034765523600654,-0.0019106775651231,-0.0592562290119824,0.0146421094241916,0.0611509575922188,0.0363044750977797,2,0,3
62,29,3687.0,-0.0123780708320047,0.0057971588511755,-0.0265209523664784,-0.0037772380531809,-0.0416962404409167,0.0125896293078364,0.0354092415550281,0.0256214219113481,2,0,3
62,30,3688.0,-0.0073118095876722,0.0021732703391015,-0.0143297557610691,-0.0030115963596518,-0.0199496723603418,0.0069290206165136,0.0129155763120962,0.0113200751375329,2,0,3
62,31,3689.0,-0.0183037598373865,0.002311831734643,-0.0335986049188007,-0.0099111953981153,-0.0410938544054291,0.0175717186314515,0.0130123704930836,0.0211814409757064,2,3,3
62,32,3690.0,-0.0229862853990806,0.0009696520071214,-0.0394535236776558,-0.0134427445303489,-0.0417990092338505,0.0201114795630027,0.0015719110926736,0.0172687168311606,2,3,3
62,33,3691.0,-0.0325700360762956,-0.0017621773110359,-0.0503529711217644,-0.020263218716765,-0.0393372496091206,0.0232719437873266,-0.0232931027969916,0.0050206174475184,2,3,3
62,34,3692.0,-0.0259742493453338,-0.002363606494238,-0.038115114057781,-0.0163864665730643,-0.0243030057603362,0.0163932488760413,-0.0262694776635451,-0.0027400205882214,2,3,3
62,35,3693.0,-0.0341370262910029,-0.003826077694376,-0.0481023784171157,-0.0214992749219537,-0.0253591213524613,0.0191025963337409,-0.039289045450215,-0.0091860704903842,2,3,3
62,36,3694.0,-0.0342367160828146,-0.0030501686398153,-0.0504538426313244,-0.0216176820794031,-0.0327459906549702,0.0219066538559417,-0.0343307261235088,-0.0030763803901469,2,3,3
62,37,3695.0,-0.0323602718929163,-0.0033106257910601,-0.0463159170185169,-0.0202925382135584,-0.0273101815601654,0.0193161838704845,-0.0347118317373465,-0.0056486462906475,2,3,3
62,38,3696.0,-0.0171022356669109,-0.0028801448109378,-0.0171130742973058,-0.0082532412386702,-0.004072702803543,0.0046081347026648,-0.0128995283293322,-0.0038680097023087,2,3,3
62,39,3697.0,-0.0401931130425545,-0.0067768901135582,-0.0470829130621549,-0.0234627976381303,-0.0054328051643797,0.0114565498967171,-0.0503485611559788,-0.0249745913760525,2,3,3
62,40,3698.0,-0.0227570520795502,-0.0043317931610277,-0.0182190197775161,-0.0091318358614071,-0.0013415777711731,0.0033963758900975,-0.0112400598924809,-0.0032503855174104,2,3,3
62,41,3699.0,-0.0252474976825123,-0.0062415307631772,-0.0104411545847712,-0.0067562940490632,0.0123033982537243,-0.0040116425605508,-0.0020695853385273,-0.0029411545793678,2,3,0
62,42,3700.0,-0.0125794230365179,-0.0031448493720647,-0.0052330350794553,-0.003447086911042,0.0068179512614796,-0.0022928540479665,-0.0009777948094396,-0.0014945243526824,2,0,0
62,43,3701.0,-0.0334074729064922,-0.0086670813619324,-0.0109908479163376,-0.0079006794728214,0.0181264284958241,-0.0062631710156766,-0.0023478505867437,-0.0036490262523232,2,3,0
62,44,3702.0,-0.0414830113703989,-0.0117050444599053,-0.0107395302178819,-0.0101452318054137,0.0540779314499079,-0.0256983513718376,0.0354621120418967,0.0130732981973412,2,3,4
62,45,3703.0,-0.0565593181915321,-0.014445864972616,-0.033735086240106,-0.0227247050263168,0.0680392260848254,-0.0277425892119514,0.0055498621856993,-0.0187823843631984,2,3,4
62,46,3704.0,-0.0528988665725813,-0.0142352318789757,-0.023424906412287,-0.0176625644426364,0.0695245642236515,-0.0309050242613525,0.0256861385841866,-0.0029722713228975,2,3,4
62,47,3705.0,-0.0343055679010797,-0.0094403797447233,-0.0061297141567152,-0.0059534913123494,0.0222410150517319,-0.0090570515076346,0.0045089502100302,-0.0006140965470077,2,3,4
62,48,3706.0,-0.0494226198904701,-0.0139240923254101,-0.0136998425663966,-0.0126330345476799,0.0665115105927857,-0.0315629165521713,0.042377963374992,0.0140037233230165,2,3,4
62,49,3707.0,-0.0540148805258956,-0.0162500443619825,0.0013317736931986,-0.0055243863343737,0.0630141739132378,-0.0324187798827708,0.0649589098201791,0.0406076591821363,2,3,4
62,50,3708.0,-0.0206579794774933,-0.0062256536383166,0.0036291188944714,-8.767743106601995e-05,0.0139119402393414,-0.007310224261078,0.017198893780839,0.0134939237297262,2,3,0
62,51,3709.0,-0.0551351025254486,-0.0179643352173141,0.0271369292824669,0.00818645090635,0.0307660601137406,-0.0186251591346038,0.0577694632601697,0.050116993408851,2,3,4
62,52,3710.0,-0.0557438568738683,-0.0185423166626329,0.0348427542962042,0.0123148342746154,0.0190545838162224,-0.0130355685576089,0.0475643822441845,0.0436349569924775,2,3,4
62,53,3711.0,-0.0146087684929464,-0.0050074699467409,0.0122655057392447,0.0049717055555122,-0.0010650783899221,-0.0003472795396489,0.0050325371601872,0.0052198787600132,2,0,0
62,54,3712.0,-0.0507802809800705,-0.0179629598264288,0.0540505598562598,0.0235944755809083,-0.0249981173237191,0.0095289669577022,-0.008288046032166,-0.0033744742978585,2,3,0
62,55,3713.0,-0.0416189426772407,-0.0148532245864417,0.046985258189083,0.0208230724922128,-0.0255112109554957,0.0103494015425995,-0.013052947594543,-0.0081584085821731,2,3,0
62,56,3714.0,-0.0415531679288462,-0.0148410072138593,0.0471447737079239,0.0209198163836976,-0.0259166834222694,0.0105591860265303,-0.0135925169884235,-0.0086265851669871,2,3,0
62,57,3715.0,-0.0414409862164955,-0.0148039240884705,0.0470797308166184,0.0208978987196446,-0.025966526490496,0.0105915650961801,-0.0137068466525055,-0.0087324017604117,2,3,0
62,58,3716.0,-0.040284082058671,-0.0143901905377107,0.0457592657453389,0.0203115201691981,-0.0252404461701861,0.0102964122437823,-0.0133334743161148,-0.0084992457296316,2,3,0
63,0,3717.0,0.0009118733726717,0.0141114026594503,-0.0001962803926751,0.0079806727717704,0.0026916585339333,-0.0043616013169789,-0.0044599528481206,-0.0035539837926459,0,0,0
63,1,3718.0,0.0007256326756787,0.0103689062777231,2.348818159995472e-05,0.0056117758063333,0.0022718281427361,-0.0027746164336282,-0.0038603211137716,-0.001771199830992,0,0,0
63,2,3719.0,0.0005826035348295,0.0131528673288092,-0.0009938788552381,0.008182150483764,0.0007366375120998,-0.0053930424058859,-0.0004006220747495,-0.0060723366317651,0,0,0
63,3,3720.0,0.0012436408807119,0.0149948360814701,0.0006177687749143,0.007283949062343,0.0043338316732858,-0.0025968320444788,-0.0076615417903779,0.0001972243618377,0,0,0
63,4,3721.0,0.00089203557844,0.0131529993779144,-5.279462521638627e-05,0.0072583692796185,0.0027580338483827,-0.0037431309869684,-0.0046821543690747,-0.0026411461238511,0,0,0
63,5,3722.0,0.0015346463540578,0.0193388749514979,0.0005970030865302,0.0097945645479827,0.0053422184544133,-0.0039904834658293,-0.009519647667592,-0.0008742551832716,0,0,0
63,6,3723.0,0.001735070759612,0.015228571066509,0.0019903548275283,0.005079921200181,0.0064097470527407,0.0010486435560536,-0.0111917892222108,0.0066675237037968,0,0,0
63,7,3724.0,0.001384237851576,0.0146034691668377,0.0011149365978387,0.0062732534873749,0.005055906874391,-0.0011647548258298,-0.009017864643093,0.0027531694385692,0,0,0
63,8,3725.0,0.0010660544334691,0.0185810065512553,-0.0006676991729559,0.0109417780123346,0.002687358948194,-0.0065091964844744,-0.0040660511958544,-0.0062543662486789,0,0,0
63,9,3726.0,0.0006854189143646,0.0121237354763799,-0.0004675711768822,0.0072101587832315,0.001709641730587,-0.0043716144879349,-0.0025664072609874,-0.0043349721809442,0,0,0
63,10,3727.0,0.0008617414950445,0.0131334914367356,-0.0001404666002548,0.0073604818196805,0.0025858262973816,-0.0039340648858501,-0.0043322103264788,-0.0030315980945029,0,0,0
63,11,3728.0,0.0006585295115816,0.0105808803078265,-0.0002229695314384,0.0060311153857085,0.001839225741204,-0.0033564531353032,-0.002963146854583,-0.0028479611567203,0,0,0
63,12,3729.0,0.0010025691590084,0.0122149389628311,0.0004732657195062,0.0059971016268902,0.003497011160642,-0.0022154147413471,-0.0061988996857672,-9.24950252204634e-06,0,0,0
63,13,3730.0,0.0012348682462146,0.0154931698431864,0.0004942845444218,0.0078154560611112,0.0043003752476173,-0.0031433543277182,-0.0076541108476082,-0.0006000204068721,0,0,0
63,14,3731.0,0.0015173370408783,0.0194634524501138,0.0005222718974083,0.0099849280387065,0.0052548329928846,-0.0042167463095969,-0.0093620993336597,-0.0012301876491452,0,0,0
63,15,3732.0,0.0010623105737455,0.014607366467672,0.0001544675259491,0.0077411470838529,0.0034271304910879,-0.0036241205677394,-0.0058971138241683,-0.0019291335995283,0,0,0
63,16,3733.0,0.0011548296445842,0.0142119633268059,0.0005203564179391,0.0070599505133058,0.0040558508764726,-0.0026955263278114,-0.007233878491821,-0.0001834926405619,0,0,0
63,17,3734.0,0.0023177453380719,0.0201233214017293,0.0027061975798349,0.0065987691216041,0.0086064599221413,0.0015843627501289,-0.0150681330456828,0.0092151775072001,0,0,0
63,18,3735.0,0.0011659913101199,0.0138754621679607,0.0006155460061275,0.0066519300320215,0.0040646520880626,-0.0022606672288443,-0.0071689607263878,0.0004358210012467,0,0,0
63,19,3736.0,0.0014431389262032,0.0172317531600822,0.0007523318276633,0.0083112540510152,0.0050553928306528,-0.0028794683506551,-0.0089403258733502,0.000429388060672,0,0,0
63,20,3737.0,0.0015917700801602,0.0165458440048919,0.0013394023663551,0.0070332454060491,0.0059063142369847,-0.0011647440516131,-0.0106216178624889,0.0034957029658593,0,0,0
63,21,3738.0,0.0009996358128978,0.0113608601989338,0.0006433109242088,0.0052891652095596,0.0036217353037151,-0.0015637275789915,-0.0065072076501485,0.0009738236655473,0,0,0
63,22,3739.0,0.0008838484594192,0.0130888242229936,-6.640673989050574e-05,0.0072129909627457,0.0026909638434874,-0.00371969783574,-0.0045209506207322,-0.0026519171856448,0,0,0
63,23,3740.0,0.0014593024409639,0.016372325842078,0.0009784018711806,0.007498764507514,0.0052589176328222,-0.0020659545434738,-0.0093903693644649,0.0017015677004169,0,0,0
63,24,3741.0,0.0007495302470759,0.0106345764403186,3.636712893435591e-05,0.0056895248411165,0.0023050036365806,-0.0027507516648411,-0.0038550723672342,-0.0016831546976049,0,0,0
63,25,3742.0,0.0005212821039875,0.0122647952755533,-0.0009941404494615,0.0077348499873265,0.0005686288644193,-0.005217236639902,-0.0001330407948665,-0.0060580431819188,0,0,0
63,26,3743.0,0.0008773500592171,0.0168593792905149,-0.0008828467651658,0.0102669477651992,0.0018799696719161,-0.0065177337254012,-0.0025050636948404,-0.0069654458930922,0,0,0
63,27,3744.0,0.0010772368093293,0.0192446723303682,-0.0007816746406687,0.0114394021752196,0.0025757656680399,-0.006963060904007,-0.0037151551347359,-0.0070233322910439,0,0,0
63,28,3745.0,0.0015786220507712,0.0132991058929152,0.0018995113315686,0.0040687349672936,0.0057051715270579,0.0014069325266198,-0.0097441781186614,0.006433191895119,0,0,0
63,29,3746.0,0.0018306731625758,0.0127707641277834,0.0026746680705239,0.0022887048140136,0.0064490693588297,0.0036665780716782,-0.0105425198445327,0.0095840974716104,0,0,0
63,30,3747.0,0.0017743196284699,0.01593349125635,0.0019698563010456,0.0055394356373381,0.0065834586901547,0.0007653892539595,-0.0115753106213604,0.0064709318289348,0,0,0
63,31,3748.0,0.0016605117758864,0.0126953245833815,0.0022316225386135,0.0031259540343492,0.0059660942352959,0.0024359717283232,-0.0100323648032844,0.0077936657604457,0,0,0
63,32,3749.0,0.0018541832964149,0.0140833135371161,0.0025189890982382,0.0033961221319109,0.0067004063097664,0.0028535227816486,-0.0112881376247536,0.0089803977367436,0,0,0
63,33,3750.0,0.0023781179146549,0.0101086974313869,0.0045120488002054,-0.0030211168131787,0.0073300564306375,0.009316031355684,-0.01004735012489,0.0157407778009705,0,1,1
63,34,3751.0,0.0018565512651654,0.0107020912388781,0.0030669843051278,0.0002533135561574,0.0061607330457652,0.0052535836984704,-0.0093948786428389,0.0107430982845909,0,0,0
63,35,3752.0,0.0020299636282657,0.0069002087038941,0.0040243500543318,-0.0040462641203419,0.0056066414644548,0.0085404108595128,-0.006788268545291,0.0125940078031761,0,1,1
63,36,3753.0,0.0030504891468831,0.010579805350283,0.0060862011211625,-0.0059987699107617,0.0086879043802411,0.0131427869070584,-0.010762018330122,0.0199548389956326,0,1,1
63,37,3754.0,0.0024721172717836,0.0119202475239332,0.0044991578616827,-0.0018489309704976,0.0080140487321253,0.0088742566943274,-0.0116901540385955,0.0163135472000047,0,1,1
63,38,3755.0,0.0035881618586491,0.010272535257085,0.0073670297407263,-0.0089135052311839,0.0093288843810882,0.0161557714547093,-0.0101663884401193,0.0221199501457049,0,1,1
63,39,3756.0,0.0055072640582595,0.0077887785165162,0.0115955337439213,-0.0196908202839883,0.0096530496708947,0.0242943666200088,-0.004044315132279,0.0218766491106402,1,1,1
63,40,3757.0,0.0034098310855589,0.0061712944429502,0.0071534436082101,-0.011212385466921,0.0068364340331258,0.0152750172942817,-0.0045883119470865,0.0159420831965642,1,1,1
63,41,3758.0,0.0056490694185204,0.0059835783684645,0.0115853435733127,-0.0208540771640181,0.0081444733388965,0.022813044502599,-0.0012227528797066,0.0171749455357461,1,1,1
63,42,3759.0,0.0033243391249166,0.0065380313739604,0.0068789805502104,-0.0103786754661996,0.006807281621153,0.0144481643836222,-0.0051109806699032,0.0155571368914919,0,1,1
63,43,3760.0,0.0059384907133053,0.0031097211000293,0.0118600549759304,-0.023497066127892,0.005434089216141,0.0204956960638841,0.0049064329172566,0.006283532808571,1,1,1
63,44,3761.0,0.0042782289536875,0.0007589503790737,0.0079912595820361,-0.0166484607839877,0.0021401740417609,0.0113332732007091,0.0052832906468225,-0.0010095588886851,1,1,1
63,45,3762.0,0.0048482379367857,0.001141703292424,0.0092411758964149,-0.0191211781945473,0.0028026021603863,0.0137726725403873,0.0058450185090896,-0.0001284730515323,1,1,1
63,46,3763.0,0.0060352667046212,0.0010501133683038,0.0115028601810227,-0.0240787049851601,0.0031497381091499,0.0168966711695913,0.0080854457841387,-0.0014331846409624,1,1,1
63,47,3764.0,0.0075553106806582,0.0011219994348683,0.0143810045915558,-0.0302407461478568,0.0037676982212156,0.0210114486943651,0.0105745055142466,-0.0025771251991351,1,1,1
63,48,3765.0,0.0058445948178803,-0.0032046476465602,0.0082254534843226,-0.0190912581824651,-0.0027199882738882,0.001137693821757,0.0077360977425535,-0.0130705986941871,1,1,1
63,49,3766.0,0.0080794291038353,-0.0037873290537302,0.0125208936783964,-0.0289510605695454,-0.0031772728609856,0.0050758980304867,0.0139988724420263,-0.0223005975699289,1,1,1
63,50,3767.0,0.0075410419167111,-0.0012707988152112,0.0132563923700932,-0.0292753855879196,0.0003745653218337,0.0135999143115571,0.0130760607553579,-0.0134014933291181,1,1,1
63,51,3768.0,0.0089156655131337,-0.00037556661555,0.0161907222315795,-0.0350291258136374,0.0021322673653328,0.0198107392112638,0.0142438771159227,-0.0103124723711106,1,1,1
63,52,3769.0,0.0085243469822552,-0.0032419602926102,0.0138152499733295,-0.0315176782696478,-0.0022617570003693,0.0084886317283541,0.0151798495994608,-0.0217480522736404,1,1,1
63,53,3770.0,0.0091208612756409,-0.0046035240253638,0.0139240225151752,-0.0324020356428345,-0.0040922307345227,0.0044167489836849,0.0158130906065437,-0.0262453045387531,1,1,1
63,54,3771.0,0.0067342797069396,-0.0074936653727453,0.0060882127677274,-0.0161381312292267,-0.0085037660025657,-0.0155770017025362,0.0033869893180559,-0.0158177487192313,1,2,2
63,55,3772.0,0.0106237035100171,-0.0102515135780025,0.0115615525933813,-0.0294190106024576,-0.0115316794879317,-0.0167143827619708,0.0112519936980314,-0.0331178673086888,1,1,1
63,56,3773.0,0.0088440203869933,-0.0102113740006158,0.0076119051650972,-0.0204686175472172,-0.0115343750748466,-0.021709152041738,0.0041053264683137,-0.0212831956041176,1,2,2
63,57,3774.0,0.0093910441933896,-0.0124492271039143,0.0059667345255289,-0.0173122695259473,-0.0133986830375506,-0.0288280770267118,-0.0005738118936197,-0.0154618391416136,1,2,2
63,58,3775.0,0.0092938998425715,-0.0120995704208279,0.0061637655947805,-0.017648024757694,-0.0130632547587753,-0.0277665568768248,-0.0003029770159332,-0.0148509813622777,1,2,2
64,0,3776.0,0.0017707027087929,0.0121500569635861,0.0026209327136274,0.0020186838614289,0.0062038319764985,0.0037055232334754,-0.0100692162781175,0.0093955299641364,0,0,0
64,1,3777.0,0.0016710708944448,0.0115033594255557,0.0024723779835674,0.001951328695336,0.0058966866585666,0.0034735517289413,-0.0096322815783786,0.0089133000853737,0,0,0
64,2,3778.0,0.0010146214321882,0.010921793947388,0.0007605739708161,0.0047823602566676,0.0036078492985761,-0.001076751010287,-0.0063270550262123,0.0015265245075287,0,0,0
64,3,3779.0,0.0012452955088174,0.0160012455236457,0.0004145170519298,0.0081777594865789,0.0042290686928715,-0.0034536765428292,-0.0074259088875816,-0.0011014681890227,0,0,0
64,4,3780.0,0.0016089837951742,0.0129192986859394,0.0020414160761287,0.0035414920520865,0.0057119366600569,0.0019245154941045,-0.0095498993325726,0.0069650540070613,0,0,0
64,5,3781.0,0.0008658374718736,0.0168990160559547,-0.00093064297452,0.0102524975130809,0.0017131761810259,-0.0064955413876888,-0.0020877873949416,-0.0069872076722506,0,0,0
64,6,3782.0,0.0015346073651813,0.0191708470715851,0.000631213852317,0.009627974117561,0.0053454680488136,-0.0038196596165481,-0.0095132433741016,-0.0006126320878733,0,0,0
64,7,3783.0,0.0025093187554152,0.0221412403494731,0.002859655546206,0.0074752510889046,0.009306672211196,0.0013988445382003,-0.0163165916523327,0.0095279334971096,0,0,0
64,8,3784.0,0.0016958584083556,0.0210988847606034,0.0007155824964488,0.010529575881928,0.0058933668949445,-0.0040908348736814,-0.0104677129585813,-0.0004600252468205,0,0,0
64,9,3785.0,0.0014675315493691,0.0178590867808715,0.0007035866654188,0.0087844657869145,0.0051769989350433,-0.0032373430410834,-0.0092514245996767,6.980255146438318e-05,0,0,0
64,10,3786.0,0.0011502990743456,0.0176377391908539,-0.0002137087154184,0.0099217500100241,0.0034160005167989,-0.0053647099087822,-0.0056771191776026,-0.0042826828880552,0,0,0
64,11,3787.0,0.0015436995060837,0.0188655935926925,0.0007230718341832,0.0093146890622908,0.0054346413020142,-0.0034808010885961,-0.0096997565955182,-5.156867225714311e-05,0,0,0
64,12,3788.0,0.0018592138426989,0.0163417792279548,0.0021282814666831,0.0054822661320073,0.0068839811381074,0.0010745937999594,-0.0120514820303415,0.0070760391340234,0,0,0
64,13,3789.0,0.0015053394580993,0.0152555203768747,0.0013365090637055,0.0062881032312862,0.0055570445185091,-0.0007930708756057,-0.0099166128803196,0.0036302282110434,0,0,0
64,14,3790.0,0.0012507598058643,0.0114112927854926,0.0013228500983919,0.0040591643244198,0.0044678020090226,0.0002680770320586,-0.0076837910659344,0.003831565875618,0,0,0
64,15,3791.0,0.0023955181517723,0.0088998160945814,0.004648396303729,-0.0041066270632823,0.0068009815672559,0.0096700646887642,-0.0085520039136633,0.0147690894024194,0,1,1
64,16,3792.0,0.0032710248772704,0.0168599430267218,0.0057970153817357,-0.0014465022216171,0.0108628485752429,0.0110625165350478,-0.0162967797585429,0.0213260228323228,0,1,1
64,17,3793.0,0.0016356077350033,0.0087784897223864,0.0028331710648,-0.0004015135499284,0.0054373143281268,0.0052428515762772,-0.0082034546906498,0.0103093383038523,0,0,0
64,18,3794.0,0.0017833206766743,0.0180084348490046,0.0015842091694297,0.0073804680881606,0.0065142808370496,-0.0009235093139487,-0.0115360525116586,0.0041638564097984,0,0,0
64,19,3795.0,0.0021829841352137,0.0134154082243738,0.003495211053237,0.0010680656833021,0.0074937860420629,0.0056907093148376,-0.0118408586494688,0.012611330737421,0,0,0
64,20,3796.0,0.0016578924210785,0.0150078722804632,0.0017946976114731,0.0052617950559246,0.0060103804383161,0.0005531437588205,-0.0104170564394116,0.0055623992047049,0,0,0
64,21,3797.0,0.0027698376153262,0.0140167656577331,0.0049283377022745,-0.0014424633238439,0.009068860949059,0.0094169482437041,-0.0134453379346672,0.0177851305045211,0,1,1
64,22,3798.0,0.0045577958728371,0.0124069548573683,0.0094014544227006,-0.0118346100350455,0.0115470424522711,0.0206185930303373,-0.0121341772721016,0.0274978141838625,0,1,1
64,23,3799.0,0.0021636555411244,0.0046722983227557,0.0044844660251225,-0.0064940084688645,0.00470783431742,0.0095624765598804,-0.0039088009560062,0.0108989743633298,0,1,1
64,24,3800.0,0.0029710151609995,0.0060470948187762,0.0062046790007827,-0.0092656889495177,0.006320709191331,0.0133214902918222,-0.0048806922048059,0.014757035874919,0,1,1
64,25,3801.0,0.0050494982758085,0.0069070707749295,0.0105389592616628,-0.0180083471041615,0.0085257299212033,0.0216553498940252,-0.0033058338185898,0.0188457750329752,1,1,1
64,26,3802.0,0.0040819162630239,0.0033406285844589,0.0080376915164044,-0.0149846812498597,0.0047021006862542,0.0143916930519803,0.0006627403343594,0.0082265688293823,1,1,1
64,27,3803.0,0.0055453631813133,0.0042911075985384,0.0112400983704332,-0.0213267094150586,0.0064243221307518,0.0207007619326512,0.0020180937960467,0.0107533467127442,1,1,1
64,28,3804.0,0.004363654616494,0.0021586541763168,0.0085811622447535,-0.0170339791362546,0.0037238441465338,0.0142610805206104,0.0035559703089853,0.0039039967798614,1,1,1
64,29,3805.0,0.0060813606625336,0.0023750519281087,0.011888470031487,-0.0240130123093778,0.0046622602102671,0.0193517697102687,0.0059867322028465,0.0036884304702054,1,1,1
64,30,3806.0,0.0070899631030016,0.000371733075985,0.0130898793158838,-0.0278803752319917,0.0025364145360292,0.0172957720745859,0.0103681999729958,-0.00543456354366,1,1,1
64,31,3807.0,0.0069828621992787,-0.0013483199270693,0.0121042141339997,-0.026791155240887,0.0001740733041674,0.012023194560943,0.0119543969063263,-0.0125565254780578,1,1,1
64,32,3808.0,0.0065799010388397,-0.0011101389238866,0.0113252634054694,-0.024906258871939,0.0003110692939241,0.01115741474336,0.0103833966643971,-0.0103759086811046,1,1,1
64,33,3809.0,0.006204042892598,-0.0047013738980796,0.0076411079283596,-0.018428471038688,-0.0045410505410868,-0.0037630256478992,0.0070188745221235,-0.0150130949715791,1,1,1
64,34,3810.0,0.0067234043437595,-0.0046831449168681,0.0079663482159149,-0.0187105285036928,-0.0035862735412982,-0.0019169580239729,0.0056185543732002,-0.0102178416569711,1,1,1
64,35,3811.0,0.0062937519958299,-0.0042742566823986,0.0073600437694881,-0.0171236285764844,-0.0028319283591304,-0.0007470401173116,0.0048377410174469,-0.007855871116905,1,1,1
64,36,3812.0,0.0087125120710611,-0.0088080828397329,0.0089689412259721,-0.0230776213913815,-0.0098783194590828,-0.0155208965342956,0.0079260813551918,-0.0256056076790514,1,1,1
64,37,3813.0,0.0081287835340305,-0.0084755999461426,0.0076276141777433,-0.0196137744421774,-0.0080072281068946,-0.0121808836154326,0.0064617005996778,-0.0196052037405367,1,1,1
64,38,3814.0,0.0098574033223581,-0.013336116506947,0.0059322522216055,-0.017526295116589,-0.0147212918299563,-0.0328448302378386,-0.0029893309939946,-0.0114010593380426,1,2,2
64,39,3815.0,0.0107582024134472,-0.0156796247208975,0.0047948871115004,-0.0154576023592651,-0.0165861871617198,-0.0398598278344008,-0.008855625394336,7.061478327094932e-05,1,2,2
64,40,3816.0,0.0100472420503045,-0.0145309877415531,0.0045033937046058,-0.0143678994677579,-0.014872460323753,-0.0354439283651943,-0.0076722391683558,0.0001643636290674,1,2,2
64,41,3817.0,0.0096001807463351,-0.0138245296101927,0.0044219676329516,-0.0140125054301219,-0.0142723138538144,-0.0338330387859932,-0.0069134692301482,-0.0011308108848668,1,2,2
64,42,3818.0,0.0082693114954041,-0.0120224730311754,0.0034459132457665,-0.0110890889183939,-0.011259521790214,-0.0264826094784489,-0.0051468138132597,-0.0011260492947139,1,2,2
64,43,3819.0,0.0119109371138686,-0.0207973049915713,-0.0011467165764501,-0.0017564311396279,-0.0132425485824111,-0.0383617352171397,-0.0221064750404174,0.0441048321156214,2,2,2
64,44,3820.0,0.009987176550318,-0.0169594406078713,-0.0008908428354886,-0.0009516616379883,-0.0063295551001781,-0.0165420969832688,-0.006016525209277,0.0084275333074358,2,2,2
64,45,3821.0,0.0088284062861803,-0.0163371448360613,-0.0034036283875492,0.0054989077211857,-0.002218878311058,-0.0075100001124538,-0.0044344128083422,0.0073415148546537,2,2,2
64,46,3822.0,0.0097474009946124,-0.0171657561148557,-0.0018331526611769,0.0012430061085728,-0.0058390176663523,-0.016184403830145,-0.0065261167226082,0.0077243347166413,2,2,2
64,47,3823.0,0.009747119886439,-0.0178876470224361,-0.0030947162853446,0.0041614274051533,-0.0054921309770492,-0.0172922703078946,-0.0113158456195998,0.0238350761247945,2,2,2
64,48,3824.0,0.0128999354708877,-0.0238856510206987,-0.0042208795843484,0.0055421762153728,-0.0094732508545167,-0.0308168211857701,-0.0239144017506552,0.0579125850660595,2,2,2
64,49,3825.0,0.0089305774427097,-0.0182005565459418,-0.0072994858748757,0.015373137959016,0.0057594304638259,0.0124417344830239,0.003195498163325,-0.0042398936768953,2,2,2
64,50,3826.0,0.0089554053944779,-0.0183408883761535,-0.007553802961057,0.0160313214346446,0.0064228829371568,0.0142437606416081,0.0042205535752469,-0.006507628644379,2,2,2
64,51,3827.0,0.0089576069964085,-0.0183535399341314,-0.0075783946080148,0.0160959625774668,0.0064938704131393,0.0144402197220801,0.0043373766611474,-0.0067672694036832,2,2,2
64,52,3828.0,0.0089559198323762,-0.0183448211188239,-0.0075691114225537,0.0160758435667418,0.006496957292202,0.0144642180369061,0.0043777599930818,-0.0068825162093653,2,2,2
64,53,3829.0,0.0089358808547555,-0.0182346118984378,-0.0073949379384513,0.0156411946192876,0.0061631267342163,0.0136339687216368,0.0040483883488978,-0.0063036701006232,2,2,2
64,54,3830.0,0.0117804937531616,-0.0221641620873377,-0.0054874515177199,0.0098158093550922,-0.0005260377464842,-0.0036443097181068,-0.0033247770593755,0.0069685294239854,2,2,2
64,55,3831.0,0.0116520587467646,-0.021500359992156,-0.0049826641408482,0.0088835563641034,0.0002135887128849,-0.001001762254781,-0.0016289401457225,0.0040476093084288,2,2,2
64,56,3832.0,0.0089093999815161,-0.0181538065638795,-0.0073300701764241,0.0154965532543796,0.0061155839624956,0.0135480331216036,0.0040406775920696,-0.0062898876868267,2,2,2
64,57,3833.0,0.0088899764970524,-0.0181309222413476,-0.0073340381889884,0.0155026561880837,0.0060842251158695,0.0134452757016656,0.0039788246423773,-0.0061833825519227,2,2,2
64,58,3834.0,0.0114052267237289,-0.0214990397654146,-0.0053825405212211,0.0096663429593796,-0.0004475786797937,-0.0034175947828838,-0.0032255218986782,0.0067955585796536,2,2,2
65,0,3835.0,0.0007222329866183,0.011807813868199,-0.0002842221056082,0.0067843578263175,0.0019996199337307,-0.0038278297742502,-0.0032219138845032,-0.0033139201934668,0,0,0
65,1,3836.0,0.0008881016411703,0.0143692496331074,-0.0003169008394028,0.0082018793253931,0.0024818130517212,-0.0045649263859838,-0.0040267822777692,-0.0038463292695736,0,0,0
65,2,3837.0,0.0002075244644335,0.0169893452002933,-0.0028734976633125,0.0114674548986559,-0.0026900494238416,-0.0085032734180584,0.0068418735684541,-0.0108308110072935,0,0,0
65,3,3838.0,-0.0002688628316915,0.0142529381592988,-0.0035838599430733,0.0096655286505495,-0.0049475718370576,-0.0070483243342847,0.0104038684592399,-0.0084561873010877,0,0,0
65,4,3839.0,3.8858438538245695e-05,0.0103433032284907,-0.0019919341965282,0.007036363837786,-0.0022042065941123,-0.0052506165855631,0.0052275608103793,-0.0066768898558098,0,0,0
65,5,3840.0,-0.0001654860981422,0.0099517635994855,-0.0024592830442219,0.0067943116768245,-0.0033823590681832,-0.0050185449791038,0.0072542058343151,-0.0061390169079321,0,0,0
65,6,3841.0,0.0003097744597752,0.0171000748649969,-0.0026064187275674,0.0114816983279771,-0.0020133519573695,-0.0084758104404718,0.0055263445392262,-0.0108097094880462,0,0,0
65,7,3842.0,0.0005503930686947,0.0188769007350376,-0.002285125749934,0.0124943097754955,-0.0008143975735995,-0.0090690666557809,0.003327331848994,-0.0114378542423129,0,0,0
65,8,3843.0,0.0003575677005583,0.0106308555814999,-0.0011407384416054,0.0069052688746971,-0.0001309918789582,-0.0048691907084799,0.0011642480487525,-0.0059356386035173,0,0,0
65,9,3844.0,0.0001262976556626,0.0118701852137686,-0.002052179682514,0.0079804205152448,-0.0019832686339187,-0.0058641888083097,0.004912699451907,-0.0073447503831203,0,0,0
65,10,3845.0,-0.0002308433407093,0.0184869046540462,-0.0043647082299722,0.0126159387489757,-0.005814303189439,-0.0093438306636737,0.0126737486819259,-0.0115321029807376,0,0,0
65,11,3846.0,7.361956217685744e-05,0.0096700735837418,-0.0017101060720696,0.0064039323823658,-0.0016263416617431,-0.0045850410571848,0.0037424074325566,-0.0055732654611313,0,0,0
65,12,3847.0,-8.03026222856357e-05,0.0122489355829198,-0.0026616194977545,0.0082047709497217,-0.0032731546971062,-0.0059070986746563,0.0070751727779501,-0.0070421409470284,0,0,0
65,13,3848.0,-0.0022958226069878,0.0139385515715635,-0.0086528144316141,0.0088192545636839,-0.0162930878117382,-0.0048310774057112,0.0281352569269355,-0.0015871632835672,0,0,0
65,14,3849.0,-0.0012617618916526,0.0144270441788396,-0.0062012868489599,0.009628551593544,-0.0108909472505941,-0.0064227964025741,0.0203252183169332,-0.0058944916726178,0,0,0
65,15,3850.0,-0.000321783282737,0.0179372609156725,-0.004503363775811,0.0122564942414495,-0.0062867655814584,-0.0090546098934426,0.0134808010872843,-0.0110439861120599,0,0,0
65,16,3851.0,-0.0018770821284762,0.013055412110546,-0.0074074965097094,0.0083643853126563,-0.0136811246042106,-0.0048487550547271,0.0238455142275578,-0.0025377554050934,0,0,0
65,17,3852.0,-0.0029838100988643,0.0173935569943677,-0.0110830748132922,0.0109530763242061,-0.0209161707581258,-0.0058844562484586,0.0358845395170824,-0.0015797747620743,0,0,0
65,18,3853.0,-0.0019321289454269,0.0068387448121538,-0.0061058270819626,0.0038691384036636,-0.0116322773323861,-0.0012432404963446,0.0182183297271163,0.0020904408981724,0,0,0
65,19,3854.0,-0.0050055557394277,0.0114965594615301,-0.0143183077757494,0.0054806368960286,-0.0274794351949962,0.0004218645582732,0.0401895009198596,0.0099093821971756,2,0,3
65,20,3855.0,-0.0073139088868383,0.0114302867383456,-0.0192290768149355,0.0039043812255526,-0.0358425022957357,0.0037775270410689,0.0474261076414546,0.0169967932991257,2,0,3
65,21,3856.0,-0.0062318743429421,0.0055575610314053,-0.0147726830411877,0.0001028800128492,-0.0257938281878515,0.0054343847619945,0.0286173723190201,0.0149212732139691,2,0,3
65,22,3857.0,-0.0055661856314246,0.0068823222001708,-0.0138830176406596,0.001564300016492,-0.0249666332703073,0.0037970586682139,0.0304121388088318,0.0128522932947904,2,0,3
65,23,3858.0,-0.0089213688822592,0.0060133177817438,-0.0202255175577361,-0.0013475057370291,-0.0339092224193628,0.008611928083059,0.033873312497367,0.0205445371458263,2,0,3
65,24,3859.0,-0.0140359437407065,0.0056508870671206,-0.0293799235065839,-0.0049686019780986,-0.0446892249531839,0.0143337068135061,0.0346640865175428,0.0271148247900819,2,0,3
65,25,3860.0,-0.010366296687182,0.0039042046783748,-0.0214008723286011,-0.0038249311808955,-0.0320212139095632,0.0104576118889434,0.0240993377902201,0.0192851189298578,2,0,3
65,26,3861.0,-0.0165571957473558,0.002715080051009,-0.0311289901021703,-0.0085864523089207,-0.0398887251424432,0.016289912775449,0.0163727745199639,0.0216922828365917,2,3,3
65,27,3862.0,-0.0152355223097875,0.0022236429700469,-0.0282743765314446,-0.0080481523357868,-0.0354164033823386,0.0147624499483698,0.0130668700519369,0.0188087677830017,2,3,3
65,28,3863.0,-0.0270913348312846,8.683072814819633e-05,-0.0448523634057385,-0.0163308735251724,-0.0434419597599227,0.0223943146844744,-0.0063351369779958,0.0148597103278157,2,3,3
65,29,3864.0,-0.014321078818222,-0.0011473204784139,-0.01917680998892,-0.0078364381798163,-0.0125403061929384,0.0074278127432468,-0.006118901651044,0.0023970691613738,2,3,3
65,30,3865.0,-0.0180488700697769,-0.002006481276692,-0.0218345150626587,-0.0093388180732829,-0.012479731895519,0.0081295737880829,-0.0100587798561067,0.0007254504441314,2,3,3
65,31,3866.0,-0.0216080567685909,-0.0030007646283483,-0.0277557611074463,-0.0129994515174039,-0.0096102291082815,0.0090682753571885,-0.0252481668911777,-0.0092459505870132,2,3,3
65,32,3867.0,-0.0385537049263972,-0.0054316247942696,-0.0505893617175421,-0.0238866374908445,-0.0173741702676129,0.016943679724186,-0.0495151957821739,-0.0185652567371413,2,3,3
65,33,3868.0,-0.0374881632968946,-0.0049234295592119,-0.050449278070223,-0.0233851294298532,-0.020455730604401,0.0179417857228946,-0.0464782058601028,-0.0154270230512947,2,3,3
65,34,3869.0,-0.0440267596632082,-0.0086888209169702,-0.0454808940334191,-0.0243748202045128,0.0133260931141116,0.0025755810075287,-0.0468147081898671,-0.0317025944750117,2,3,3
65,35,3870.0,-0.046313428473257,-0.0099415741935802,-0.04201954502505,-0.0236386115846268,0.0252443667564371,-0.0039573207327401,-0.0371798650314507,-0.0307288701248807,2,3,3
65,36,3871.0,-0.0473807643545788,-0.0097535469991897,-0.0460232185471256,-0.0252316268639966,0.0201684749724866,-0.0007013931665069,-0.0438704493709681,-0.0325118515336888,2,3,3
65,37,3872.0,-0.0434690214651979,-0.0104796619650722,-0.0306680159080194,-0.0191065229617163,0.0415830088110477,-0.0146945904012429,-0.0111743844833052,-0.0207123294552211,2,3,4
65,38,3873.0,-0.0464510446464648,-0.0121349417735126,-0.0248144029519048,-0.0174153502877679,0.0584574383365512,-0.0247969388613087,0.0120552069260453,-0.0104669850655573,2,3,4
65,39,3874.0,-0.039006953026836,-0.0105825152436827,-0.0156770268346769,-0.0121800287821688,0.0499040203419704,-0.0224132015300153,0.0213779155126476,0.0016143327166441,2,3,4
65,40,3875.0,-0.039874044172759,-0.0117823079379941,-0.0020331039641062,-0.0055514439242283,0.0471131257928606,-0.0236442467133945,0.0431829959482482,0.024937406015985,2,3,4
65,41,3876.0,-0.0343895854878038,-0.0095259857503849,-0.0048189933362242,-0.0052399531208229,0.0203751025185924,-0.0082568353024287,0.0043146965746758,0.000263659580315,2,3,4
65,42,3877.0,-0.0355022779634424,-0.0102371721466498,0.0012248865517865,-0.0022629704680807,0.0164262103749243,-0.0069681068334223,0.0058909956327137,0.002848656911698,2,3,0
65,43,3878.0,-0.0542339795719408,-0.0165172586589056,0.005387065481132,-0.0033400429543061,0.0574374953505198,-0.0299895686316052,0.0636094084278024,0.0422842240182709,2,3,4
65,44,3879.0,-0.0235518632688374,-0.007066712542327,0.0048922402186912,0.0005176474345998,0.0094738844142956,-0.0045854142942938,0.007367311631257,0.004439425717041,2,3,0
65,45,3880.0,-0.0408779350656476,-0.013188676849906,0.021954274982723,0.007686171808972,0.004931504071933,-0.0032528696926207,0.0069874071989437,0.0039477619524762,2,3,0
65,46,3881.0,-0.0516803118844556,-0.0167036138098458,0.0229134119945538,0.0063245134103382,0.0318841151649047,-0.018699201845845,0.0538522445027189,0.0446460364185259,2,3,4
65,47,3882.0,-0.0505263497296373,-0.0177191564880671,0.0506546314589246,0.0217531191492419,-0.0191838417857756,0.006629332652279,-0.0014744638652205,0.0023206025361051,2,3,0
65,48,3883.0,-0.0510115863880236,-0.0175597524797525,0.0442202171494827,0.0181127145575826,-0.0058701561249398,-0.0001943786835624,0.0159505852949894,0.0175223680999469,2,3,0
65,49,3884.0,-0.0517026175517351,-0.018145483593809,0.0521124096052063,0.02241288334097,-0.0201245472502089,0.00702696107148,-0.0020002531245067,0.0020489510805982,2,3,0
65,50,3885.0,-0.0153864070506545,-0.0052674442215065,0.0132408436775625,0.0054809111485425,-0.003493982174891,0.0010532510126219,7.688853364673824e-05,0.0003611915461801,2,0,0
65,51,3886.0,-0.042181667217727,-0.0140035053018892,0.0291370197646509,0.0113096068178141,-0.0022316654610658,-0.0001486799896021,0.0027029041298211,0.0013314459130646,2,3,0
65,52,3887.0,-0.0415281406901411,-0.0147665379204317,0.0459723226624183,0.0203024121519702,-0.0244744274026241,0.0099158373220415,-0.0126652750214817,-0.0080795263401952,2,3,0
65,53,3888.0,-0.04158098702811,-0.0148179900619985,0.0466431451065524,0.0206579105109858,-0.0253897610762669,0.0103388602985163,-0.0133638385668174,-0.0085228636124846,2,3,0
65,54,3889.0,-0.0414364464088939,-0.0146814370551804,0.0451142856788012,0.0198802742767185,-0.0239241520827162,0.0097262644557185,-0.0126375207221222,-0.0080667945307587,2,3,0
65,55,3890.0,-0.0308638823167285,-0.0095660992089268,0.011487338954813,0.0033683507163248,0.0048480945785823,-0.0023061011457606,0.0021481272036076,0.0012421909911575,2,3,0
65,56,3891.0,-0.0220891575648402,-0.0066904492903248,0.0064577905180865,0.0015749076695737,0.004749989522038,-0.0022632103502111,0.0031952828807961,0.0020138925736645,2,3,0
65,57,3892.0,-0.0137239447862778,-0.0045367971586149,0.009864395259462,0.0039765022702315,-0.0028373587244648,0.0010571691385004,-0.001317293632891,-0.000852336641141,2,0,0
65,58,3893.0,-0.0401479792160792,-0.0142620884842506,0.0443496027838393,0.019596381452129,-0.0238759411192583,0.0097164576436699,-0.012568791756761,-0.0080123746359204,2,3,0
66,0,3894.0,0.0008845468869789,0.0128130497277614,-5.358692760071416e-06,0.0070292262414085,0.0027846515336152,-0.0035777736716861,-0.0047620648829039,-0.0024447284034909,0,0,0
66,1,3895.0,0.0009416280072467,0.016295386574848,-0.000563645807232,0.0096274024169024,0.0024471203126143,-0.0057564478003724,-0.0037886445333704,-0.0055635770377599,0,0,0
66,2,3896.0,0.000458032665798,0.0106569238498729,-0.0008496252321507,0.0067504466569606,0.0005505356331146,-0.0045809083762559,-0.0002386075234637,-0.0053486967007917,0,0,0
66,3,3897.0,0.0008670244376655,0.017001327383463,-0.0009422290344413,0.010442741523949,0.001817785210561,-0.0067173931754788,-0.0023901920817139,-0.0072840068856493,0,0,0
66,4,3898.0,0.0009747921067057,0.0149847703120433,-0.000188076868185,0.0084459215051185,0.0028980873961422,-0.0045799278470679,-0.0048231046941412,-0.0036651068900678,0,0,0
66,5,3899.0,0.0014720975079563,0.0162209650825991,0.0010339169870093,0.0072895173650766,0.0052508827343475,-0.0018743349636599,-0.0092746226971157,0.0018541798939359,0,0,0
66,6,3900.0,0.0012465087312497,0.0215291458345101,-0.0007421046017784,0.0127390679600796,0.0032385378513817,-0.0076517901972305,-0.0049902339545763,-0.0074772514128369,0,0,0
66,7,3901.0,0.0014143128948706,0.0149399013278269,0.00111579754561,0.0064265128248613,0.0050575670898909,-0.0012950892306376,-0.0088895987300084,0.0024038726223289,0,0,0
66,8,3902.0,0.001241709636664,0.0152141430826648,0.0005746167538556,0.0075333673220755,0.0043792484477861,-0.0028386078359709,-0.0078358121952466,-8.204737269489298e-05,0,0,0
66,9,3903.0,0.000987969160872,0.0128726275376877,0.0002943473618298,0.006632800691619,0.0033375498445257,-0.0028582219579388,-0.0058589378394952,-0.0010097780813733,0,0,0
66,10,3904.0,0.0017727345371324,0.0172230295881693,0.0017257205041561,0.0067275676261978,0.0066060705440378,-0.0002798064335662,-0.0117914182169288,0.005242682050534,0,0,0
66,11,3905.0,0.0007354852232192,0.0101884806401617,9.384790283034244e-05,0.0054450299514472,0.0023914980720148,-0.0025924814586962,-0.0041445293296956,-0.0014359288264987,0,0,0
66,12,3906.0,0.0007951263029747,0.0130487780168197,-0.0003295489569393,0.0075399350137919,0.0021745856899392,-0.0043241719680695,-0.0034441543703472,-0.0039094874344335,0,0,0
66,13,3907.0,0.0013238338523146,0.0168749008917696,0.0004696746163139,0.0085923683358417,0.0045315524927982,-0.0035834081952113,-0.0079872511095055,-0.0010331708095024,0,0,0
66,14,3908.0,0.0010275299517849,0.0111564237766773,0.0007545897548338,0.0049300285847409,0.0036675310604029,-0.0011554788250041,-0.0064614276543361,0.0015064577872182,0,0,0
66,15,3909.0,0.0019806415551246,0.0180937885981265,0.0021394489239345,0.0064582667710324,0.0073393738256238,0.0006086915613475,-0.0129315513792279,0.0069153236742635,0,0,0
66,16,3910.0,0.0016420944725229,0.0125386301264254,0.0022304474574775,0.0030680755025574,0.0059974403337193,0.0025273756180842,-0.0101855576974017,0.0081080746348703,0,0,0
66,17,3911.0,0.0017343862777448,0.014529353377447,0.0021216763517393,0.0044194067497798,0.0063896830652483,0.0016582472373793,-0.0110564930109035,0.0074425475121878,0,0,0
66,18,3912.0,0.0010717471682978,0.0159289347395983,-9.644995000822744e-05,0.0087768497441569,0.0032175276493089,-0.004542486399182,-0.0053477746319294,-0.0033076560222894,0,0,0
66,19,3913.0,0.0015479346859751,0.0159479536701571,0.0013051451885734,0.0066569495875138,0.005569085042062,-0.0010393771454197,-0.0097858297812236,0.0032144409288509,0,0,0
66,20,3914.0,0.0010002144897161,0.0191940382248121,-0.0010010648578008,0.0116605329894672,0.0021311787390214,-0.0073712871287462,-0.002823099203098,-0.0078298408986836,0,0,0
66,21,3915.0,0.0005466123840417,0.0068239994513275,0.0002187531169888,0.0033803957350931,0.0018316902711588,-0.001312436378197,-0.0031724265598362,-0.0002119767340881,0,0,0
66,22,3916.0,0.0012945344366125,0.0150701096799596,0.0007613392081352,0.0071284080445986,0.004631478316269,-0.0022536627710956,-0.0082882033135743,0.000968041762126,0,0,0
66,23,3917.0,0.0010858753108465,0.0129228622461055,0.0005701367650418,0.0062390815895921,0.0038019512244832,-0.002192670983038,-0.0067215903251758,0.0002121311185707,0,0,0
66,24,3918.0,0.0014198665942685,0.0141089650905349,0.0013062222949811,0.0056824322010909,0.0052064126332341,-0.000567835155942,-0.009219569923765,0.0035289614327687,0,0,0
66,25,3919.0,0.001394740102592,0.0143210481006857,0.0011837007168955,0.0059886986513223,0.0050401219835379,-0.0009610110050482,-0.008888937758576,0.0028314280642015,0,0,0
66,26,3920.0,0.0009130213267716,0.0102767087771274,0.0005988116984229,0.0047063758831217,0.0032377779894737,-0.0013249642535702,-0.0057123613876197,0.0009325178868676,0,0,0
66,27,3921.0,0.0014039244835383,0.0150385507204945,0.0010760855791712,0.0065797443175543,0.0050716598239578,-0.0014356704764621,-0.0089993947976034,0.0023037865257401,0,0,0
66,28,3922.0,0.0012105947380177,0.0198443382659014,-0.0005117898102245,0.0114075936546535,0.0031925485737912,-0.0065448317611418,-0.004885343678189,-0.0060637927309419,0,0,0
66,29,3923.0,0.0015135898315671,0.0084261401121363,0.0025549362550354,-0.0001219557762258,0.0049590938695133,0.0046083712245029,-0.0074038573482045,0.009134646696612,0,0,0
66,30,3924.0,0.0019503268670208,0.0111333709958658,0.0032883328459668,0.0001298459210291,0.0066714822826254,0.0058721716539959,-0.0103801823870937,0.012286132585805,0,0,0
66,31,3925.0,0.0015287043392675,0.0111676247921151,0.0021587993661114,0.0023866271339363,0.0055083773458717,0.0027205386491955,-0.0092182805544963,0.0078531740994698,0,0,0
66,32,3926.0,0.0014901148051577,0.014024984121143,0.0015355288549727,0.0052433620181145,0.005549107637328,0.0001275245037229,-0.0098499872057084,0.0048408838445807,0,0,0
66,33,3927.0,0.0018529333831365,0.0178725239406505,0.0018093004586011,0.0069144766276122,0.0068019155823711,-0.0002761935427135,-0.0120014974080544,0.0052273472028964,0,0,0
66,34,3928.0,0.0024424117861162,0.0101109638547586,0.0046819056675757,-0.0033661657608827,0.007491383337263,0.0097950910934317,-0.010160268269704,0.0163686430320632,0,1,1
66,35,3929.0,0.0019101121030415,0.0086302644626253,0.0035550163085541,-0.0019593076922287,0.0060292148405296,0.0071883093955089,-0.0085127096390914,0.0126099057403618,0,1,1
66,36,3930.0,0.0016099264974912,0.0085370181418672,0.0027921914544199,-0.0004682898889523,0.0052932937808749,0.0051432424478358,-0.0079269826134359,0.0099559149277248,0,0,0
66,37,3931.0,0.0026513191880388,0.0076876880047949,0.0054112277680825,-0.0064593034030252,0.006881540426572,0.0117825468994894,-0.007553043901767,0.016178059778596,0,1,1
66,38,3932.0,0.0034248584147138,0.0130932083910696,0.0067054187518881,-0.0056832070825333,0.0102074541250403,0.0142952207646739,-0.0133681351855878,0.0229402463216173,0,1,1
66,39,3933.0,0.0024044769838538,0.0078542849899976,0.004800852803006,-0.005060059052398,0.0065480614681478,0.0102554818054026,-0.0078097371149118,0.0149530600598149,0,1,1
66,40,3934.0,0.0028833468905397,0.0098334997831588,0.0057603437581259,-0.0057961781199216,0.008122960109983,0.012422001751657,-0.009956370677705,0.0186521235178069,0,1,1
66,41,3935.0,0.00368642814622,0.0062965342591934,0.0077613274530365,-0.0124343153090711,0.0072035779272379,0.0165857012772773,-0.0044416835948995,0.0168358558794421,1,1,1
66,42,3936.0,0.004130790538257,0.0055547732637321,0.0086336604979084,-0.0148383359001491,0.0068945025389041,0.0177289240177621,-0.0024107757143136,0.0150477368012029,1,1,1
66,43,3937.0,0.0030632918813592,0.0058160530169836,0.0063331531568895,-0.0096954209465914,0.0061227217328438,0.0132350238176707,-0.0043585434131625,0.0138742996172861,0,1,1
66,44,3938.0,0.0038393454781095,0.0064349695903106,0.0080766925191856,-0.0130224813737452,0.0074003127955259,0.0171950426005799,-0.0043984739657904,0.0171883677668642,1,1,1
66,45,3939.0,0.00407288737174,0.0054211092579754,0.0085650464457486,-0.0147898963975176,0.0068305842966047,0.0177300021278657,-0.0022512123669762,0.0149718227466776,1,1,1
66,46,3940.0,0.0054435298393168,0.0053987681902422,0.0113023163629204,-0.0207192539667859,0.0075946686373094,0.0222785098599331,4.410881567601242e-05,0.0150219774290616,1,1,1
66,47,3941.0,0.0069416377916941,0.0029211004832883,0.0137118577365817,-0.0275943396791989,0.0057124375422112,0.0230876190045073,0.0066972528994477,0.0054702875175255,1,1,1
66,48,3942.0,0.0057721306803661,0.0034224454544662,0.0117459687744841,-0.0230700019270923,0.0058781465414657,0.0212523376350664,0.0042848396244099,0.0081754087382509,1,1,1
66,49,3943.0,0.0049124631379622,0.0041289262352859,0.0100988750343199,-0.0189867665334105,0.0061615663304151,0.0192849314342704,0.0012679301496349,0.0112727365723774,1,1,1
66,50,3944.0,0.008104278184608,0.0004803960665183,0.0149327701481188,-0.0317465489076246,0.0029719227671598,0.0197965819307062,0.0116378904759125,-0.0058649056436804,1,1,1
66,51,3945.0,0.007755894918084,-0.0006798215948001,0.0138516661566231,-0.030150366924923,0.0013742239153546,0.0160339511698847,0.0125730745292561,-0.0103973297242347,1,1,1
66,52,3946.0,0.0058416915385637,0.0011008338884926,0.0109247362803159,-0.0227077772050028,0.0030332495514341,0.0156571239459654,0.0070164693608309,-0.0008425134010396,1,1,1
66,53,3947.0,0.0061325264573548,0.0008523874227025,0.0112347579561077,-0.0234539565099035,0.0028607043384978,0.0154919098677354,0.0071568503187895,-0.0011084420024023,1,1,1
66,54,3948.0,0.0073187527563703,-0.0011429380780047,0.0127266791497164,-0.0279770423218138,0.0004399544740874,0.0128647230184718,0.0119458092318483,-0.0120978821990172,1,1,1
66,55,3949.0,0.0073816883608843,-0.0025180328715561,0.0119209895214078,-0.026897494328362,-0.0012280956306343,0.0086622740945288,0.0120953583680046,-0.0153341977320926,1,1,1
66,56,3950.0,0.0045268011675702,-0.0038359121337233,0.0048671791719029,-0.0118132524739968,-0.0030607770758711,-0.0029764915158017,0.0038362463821157,-0.0081352809459185,1,1,1
66,57,3951.0,0.0090460474111491,-0.0077009919929152,0.0108680782650509,-0.0269027951917122,-0.0081848805474384,-0.0087628031964806,0.0118497422538212,-0.0286277919436253,1,1,1
66,58,3952.0,0.0085127991063923,-0.0077058678551578,0.0098342304149667,-0.0246746411844977,-0.0085700949341613,-0.0109198203364799,0.0103502391561981,-0.0275158164076413,1,1,1
67,0,3953.0,0.0003722048302813,0.0130556294131729,-0.0015934647668583,0.0085358535938988,-0.000630210844288,-0.0060670620886384,0.0023758307099169,-0.0074312361342087,0,0,0
67,1,3954.0,0.0006652245625082,0.0125638927212787,-0.0006204146381699,0.0076103880174239,0.0014879544403676,-0.0047732394416191,-0.0020716275317315,-0.0049850764890295,0,0,0
67,2,3955.0,0.001178877470538,0.0158709735269378,0.000250591192097,0.0083971056008912,0.0039765552120467,-0.003872892774108,-0.0070363681714044,-0.0018429103881166,0,0,0
67,3,3956.0,0.0010255855336788,0.0129976269858955,0.0003830366590161,0.0065981079755639,0.0035480839843199,-0.0027107142511989,-0.0063040756184078,-0.0006511983135264,0,0,0
67,4,3957.0,0.0012220740692179,0.0161704115862331,0.0003129993084536,0.0084216827930965,0.0040993964354434,-0.0037412703873442,-0.0071888156728895,-0.0015513144861673,0,0,0
67,5,3958.0,0.0009098078916826,0.0103220487882575,0.0005907276121338,0.004797061727348,0.0033053139572723,-0.0013991192589953,-0.0059451095926257,0.0009413918322579,0,0,0
67,6,3959.0,0.0011838641586819,0.0126828162979296,0.0009151590812207,0.005562822698417,0.0043299714189041,-0.0011970714787347,-0.007746612816185,0.002058725749514,0,0,0
67,7,3960.0,0.0011952384667786,0.0122520652440503,0.0010323066910701,0.0051128886850942,0.0043921799468962,-0.0007440757767866,-0.007824397752659,0.0027017384312899,0,0,0
67,8,3961.0,0.0011733706824035,0.0124041014066701,0.0009456946113211,0.0053741283974281,0.0043415212804895,-0.0010393165134399,-0.0078160057484587,0.0023182695226048,0,0,0
67,9,3962.0,0.0013713110599544,0.0128987452471966,0.0013999933204634,0.0047968956647498,0.0050094410470106,9.198355670502304e-05,-0.0087675756528695,0.0042293735015343,0,0,0
67,10,3963.0,0.0017172650110008,0.0122212179111818,0.0024812728146951,0.0023739208675834,0.0061472711636926,0.0033117061392077,-0.0101882353270367,0.0090460898960454,0,0,0
67,11,3964.0,0.0016071715370501,0.0119614276634606,0.0022213647357925,0.0027043159339615,0.0057488679574005,0.0026591448227433,-0.0095801067002158,0.0079031555055867,0,0,0
67,12,3965.0,0.0014370978601336,0.0078318353262486,0.002456843787219,-0.0002236140965477,0.0047473701210479,0.004432054726987,-0.0071601390373513,0.0087294368570187,0,0,0
67,13,3966.0,0.0018764589336545,0.012509532510304,0.0028592614272326,0.0018192224812983,0.0066548078688341,0.0042611874969329,-0.0108785951415526,0.0105542096818787,0,0,0
67,14,3967.0,0.0016348140252583,0.0111348265793475,0.0024527928608199,0.0018113811502569,0.0058397257655301,0.0035290410003121,-0.0096232297019355,0.0090323566530215,0,0,0
67,15,3968.0,0.0019830180911143,0.0094724116891514,0.0035842457305194,-0.0015141028778946,0.0062699563759379,0.0069276806597447,-0.008998430425895,0.0123957033678048,0,1,0
67,16,3969.0,0.0026424270298188,0.0116038434750422,0.0049612503543572,-0.0029923712444546,0.0082666123641559,0.0100926078614688,-0.011582564272305,0.0174365301928311,0,1,1
67,17,3970.0,0.0035718583776804,0.0114986526673967,0.0072104710528779,-0.007776216618855,0.0098121049054011,0.0156548759865902,-0.011611980224207,0.0227965234911495,0,1,1
67,18,3971.0,0.0041447648760118,0.0063666077692273,0.0086969178901911,-0.0144202005213106,0.0075079112704388,0.0181900166304972,-0.0036879724446627,0.0168891446800229,1,1,1
67,19,3972.0,0.0044163991515279,0.004845603719979,0.0092326609759165,-0.0166357746582736,0.0065691477974355,0.0185482135934823,-0.0006706995718851,0.0134848925589415,1,1,1
67,20,3973.0,0.0056264731678854,0.0072193774835306,0.0118849780571339,-0.0207186283641963,0.0093999575384529,0.024801140280784,-0.0028641407299523,0.0209523856429091,1,1,1
67,21,3974.0,0.0048696847744378,0.007389940874932,0.0102479560044518,-0.0170614388307037,0.0088434028276389,0.0215617655889131,-0.0042951043191568,0.020112818300291,1,1,1
67,22,3975.0,0.0061580761517916,0.0036735587747153,0.0125338491674202,-0.0245977130029048,0.0063105475957742,0.0227258274163572,0.0044739634736595,0.0089532539667651,1,1,1
67,23,3976.0,0.0055274207911885,0.0021969914237156,0.010986003808288,-0.0222471190818073,0.0044272487947608,0.0184549978598038,0.0058485360747509,0.0036094621735464,1,1,1
67,24,3977.0,0.0051945844894114,0.0028447411663669,0.0103339414863146,-0.0203455273290293,0.0048852763092274,0.0179050187399888,0.0037463595885693,0.0063432988144529,1,1,1
67,25,3978.0,0.0052064904539859,0.0019248034003648,0.010093025319211,-0.0204166297376676,0.0038794996501279,0.0162361507605759,0.0050421117270648,0.003111517631364,1,1,1
67,26,3979.0,0.00628776462932,0.0011504517987122,0.0120582205899572,-0.0252333085923114,0.0033820428522046,0.0179749953093219,0.0085915820935248,-0.0014917674469522,1,1,1
67,27,3980.0,0.0057685714039942,-0.0003692671838029,0.0103168541302202,-0.0223438098431816,0.00125010884593,0.012301967996865,0.0089689855904573,-0.0066298563027451,1,1,1
67,28,3981.0,0.0077077091227375,-0.0014532065347673,0.0132607010907379,-0.0292617018107045,0.0003763740515155,0.0134527091890848,0.0127234147588925,-0.0127035435624081,1,1,1
67,29,3982.0,0.0076868006034107,-0.0038757342954371,0.0117242128481668,-0.0272743791124427,-0.0034049182695726,0.0038486984382952,0.0134263904873357,-0.0223078134788187,1,1,1
67,30,3983.0,0.0097651310459295,-0.0056295519365752,0.0143695187183932,-0.0338560786084984,-0.0054140679725645,0.0018629782477839,0.0167809711960835,-0.0303008751802649,1,1,1
67,31,3984.0,0.0103921551563236,-0.0138389314748725,0.0065424873681242,-0.0190819348315241,-0.0154074014772321,-0.0339996561611603,-0.0026070520368814,-0.0128138466830199,1,2,2
67,32,3985.0,0.0105654577647158,-0.0136248540683971,0.0072672881705633,-0.020705888981098,-0.0153207554888347,-0.0327350470786927,-0.0007881294535625,-0.0163560389118513,1,2,2
67,33,3986.0,0.0086665108506076,-0.009902659772005,0.0075939052332483,-0.0203261803328936,-0.0110583879526081,-0.0202959529861798,0.0048976890533607,-0.0224890172430122,1,2,2
67,34,3987.0,0.0048724755779482,-0.0066369291703107,0.002208708515603,-0.0064848757822775,-0.0041988587344228,-0.0081194034338865,0.0010311044303568,-0.0063606745885556,1,2,2
67,35,3988.0,0.0087717973395965,-0.0108993059623749,0.006520638587824,-0.0181275120259323,-0.0117900181793724,-0.0236340983335311,0.0022256314528589,-0.0186733163450555,1,2,2
67,36,3989.0,0.0095160613263971,-0.0134648474577483,0.0046238793413413,-0.0142960284026613,-0.0132631803368675,-0.0303781335524276,-0.0042603733649618,-0.0062022210667366,1,2,2
67,37,3990.0,0.0089730713420561,-0.0141296343033015,0.001734050984273,-0.0072708166421722,-0.0104749973050722,-0.0262047324043476,-0.007852909330655,0.0067397993005333,2,2,2
67,38,3991.0,0.0116378301359833,-0.0194937386928616,0.0005117871641021,-0.0056525738569079,-0.014434161027963,-0.0393757722546314,-0.0179117449738024,0.0283751979086552,2,2,2
67,39,3992.0,0.0124621500937875,-0.0229848380601934,-0.0038712057386498,0.0048291523963733,-0.0095895369351573,-0.030888921927632,-0.0236244979634871,0.0570508330699262,2,2,2
67,40,3993.0,0.010936074133668,-0.0194738219815049,-0.0018231909503417,0.0002686034582741,-0.0112301264804206,-0.0335454145686202,-0.0212428288292352,0.045438352471931,2,2,2
67,41,3994.0,0.0102110694241071,-0.0169681948134728,0.0007174378844743,-0.0056151398366413,-0.0130467357446458,-0.035379025614853,-0.0157434995566873,0.0241719927680596,2,2,2
67,42,3995.0,0.0122918528688006,-0.0221016147750596,-0.0033044422781544,0.0040498900579001,-0.005719939916764,-0.0167818117557507,-0.0083987888590153,0.0145548875024275,2,2,2
67,43,3996.0,0.0115721040036856,-0.0221420712199234,-0.0057192571319613,0.0100963365465067,-0.0028684686263949,-0.0121606416286676,-0.0126104617008182,0.0333619115606803,2,2,2
67,44,3997.0,0.0109326202901631,-0.0214435633513449,-0.0069566280287406,0.0137505643293684,0.0027080540720512,0.0041813235141136,-0.0006801969347379,0.0024904718326865,2,2,2
67,45,3998.0,0.0094139956219057,-0.0174300473856068,-0.0037399197915243,0.0061972254437203,-0.0018508450850536,-0.0065920730205071,-0.0041830819274588,0.0076508069896662,2,2,2
67,46,3999.0,0.012288638568445,-0.0238845498823293,-0.0071914409872538,0.013781471075293,0.0013118761332998,0.0001966342101709,-0.0022385028388337,0.0028634290660938,2,2,2
67,47,4000.0,0.0089218256328587,-0.0181560015618028,-0.0072616674367037,0.0153036175530669,0.0058874819857053,0.012949548816923,0.0038267012998355,-0.0061121393788653,2,2,2
67,48,4001.0,0.0125914395138682,-0.0239087016586413,-0.0064974659729479,0.0122017015174227,0.0016237368189658,0.0024010409800139,0.0007111269417453,-0.0025975773400901,2,2,2
67,49,4002.0,0.0089192304695746,-0.0181440297828297,-0.0072613622453803,0.0153154613045337,0.0059702300358083,0.0132144538043648,0.004014929230392,-0.006464133480707,2,2,2
67,50,4003.0,0.0142951497335019,-0.0273445029204829,-0.007911143520844,0.0152500848852626,0.0031214722651073,0.005978978132168,0.0021721612048798,-0.0057166877450356,2,2,2
67,51,4004.0,0.0089195178615294,-0.0181450649443856,-0.0072578883239186,0.015302829070871,0.0059315218225192,0.01308839818517,0.0039010271003062,-0.0061628009688284,2,2,2
67,52,4005.0,0.0116258966885975,-0.0219764300255131,-0.005626530248976,0.0102082105786456,-0.0001692521220918,-0.0027630318079077,-0.0029904363210791,0.0063868331076263,2,2,2
67,53,4006.0,0.0089385413239296,-0.0182488358932494,-0.0074146270577427,0.015688771191669,0.0061935661854628,0.0137073434116346,0.0040789647816066,-0.0063671292176329,2,2,2
67,54,4007.0,0.0089573939684197,-0.018352616032137,-0.0075792092232927,0.0160997391537381,0.0065095345533192,0.0144924706610022,0.0043879054447685,-0.0069073487056328,2,2,2
67,55,4008.0,0.0089583301750122,-0.0183576958239604,-0.0075866562495524,0.016117915099738,0.0065209752116178,0.0145187887287967,0.0043951883795692,-0.006919369413858,2,2,2
67,56,4009.0,0.008932257637028,-0.0182753687662431,-0.0074918250766558,0.0158817090625253,0.0063210299695153,0.0140007128999147,0.0041589145899642,-0.0065011469187179,2,2,2
67,57,4010.0,0.01217288933595,-0.0239242035143274,-0.0077914026715837,0.0153837029607974,0.0028296964170663,0.004010828471114,-0.0012049368874703,0.0032850874676585,2,2,2
67,58,4011.0,0.0086577434057319,-0.0177105236792377,-0.0072537819788418,0.015373462117313,0.006108170877815,0.0135218749413204,0.0040083919611177,-0.0062595791279004,2,2,2
68,0,4012.0,0.0012261397819915,0.0127115088772294,0.0010223967842833,0.0053617173285757,0.0044416123793109,-0.0009002008433117,-0.0078433189434546,0.0024739655800547,0,0,0
68,1,4013.0,0.0012495915214272,0.0115402542099115,0.0013269036451157,0.0041995482577297,0.0046416091605976,0.0002667083981825,-0.0081989467729512,0.0042089739899029,0,0,0
68,2,4014.0,0.0017220477498618,0.0134595839011058,0.0022804315097993,0.003526220256407,0.0063166856386694,0.0023594069143891,-0.0108179805071555,0.0081625225307905,0,0,0
68,3,4015.0,0.0011183973981112,0.009218398722331,0.0013882736363541,0.0027190314566975,0.0040815386312219,0.0011429631182965,-0.0070033059960787,0.0047763104607311,0,0,0
68,4,4016.0,0.0014460197217335,0.0161710646472456,0.0009756741377851,0.007383424028965,0.0051901980247231,-0.002022739446218,-0.0092322877959734,0.0016578630549613,0,0,0
68,5,4017.0,0.0015525989280903,0.0154194006507313,0.0014221567936736,0.006183078887143,0.0056346340688118,-0.0006113171572564,-0.0099119781824171,0.0037887050060166,0,0,0
68,6,4018.0,0.0015695609432949,0.0085667629970655,0.002689793780967,-0.0002408517449282,0.0052207225080561,0.0048813554737188,-0.0079067759000556,0.009675418374607,0,0,0
68,7,4019.0,0.0024801243114772,0.0115345438993307,0.0045793843165451,-0.0022441742128412,0.0079603824488178,0.0091804280428739,-0.0114571381020389,0.0165036579954393,0,1,1
68,8,4020.0,0.0027179573807325,0.0098661921020084,0.0053770029206489,-0.0049677852790052,0.0078994191942495,0.0115429016779871,-0.0100261383393844,0.0179344569645989,0,1,1
68,9,4021.0,0.0030893695108033,0.00926248879739,0.0063049013589091,-0.0073214401113068,0.0082113579924808,0.0137976791997518,-0.0092509359354886,0.0193760340772449,0,1,1
68,10,4022.0,0.0044411823550698,0.0096755612945181,0.0093155197049014,-0.0134716506164976,0.0100305404859458,0.0203845670424306,-0.0086336069891554,0.0241592819524057,0,1,1
68,11,4023.0,0.006208027657883,0.0068617063460231,0.0128563582280682,-0.0230198720624639,0.0092770075092547,0.0257291391282788,-0.0016184970002808,0.0197796555064372,1,1,1
68,12,4024.0,0.006074955670653,0.002708680727795,0.011833728581828,-0.0236295713913205,0.0049355959742598,0.0193730994133003,0.0050869116845321,0.0050084991331597,1,1,1
68,13,4025.0,0.0062218777613395,0.0012807733404675,0.011738177285236,-0.0243695497774142,0.0033544963852524,0.0170625335687519,0.0075480037766166,-0.0007260129304846,1,1,1
68,14,4026.0,0.0078508047944595,-0.0002735759819014,0.0141333945447879,-0.0304734848974214,0.001957979637365,0.0172520161722811,0.0120207631311231,-0.0084587655409153,1,1,1
68,15,4027.0,0.0070550015546616,0.0004796066276705,0.0132271862957999,-0.0281788998063162,0.0027291996664323,0.0180898518096379,0.0107682710814185,-0.0053479668210972,1,1,1
68,16,4028.0,0.0081420983126254,-0.0001907706379392,0.0148633014486098,-0.0320680152655145,0.0021864788885144,0.0186889732979045,0.0130160950850419,-0.009012402953359,1,1,1
68,17,4029.0,0.0077285325614138,-0.0008192792620723,0.0138507853188394,-0.0302926735244451,0.0011355159298077,0.0157403410297817,0.0130900133925021,-0.0115775292382683,1,1,1
68,18,4030.0,0.0088227197344861,-0.0045401797695983,0.0134164880374628,-0.0312849539285537,-0.0041121899445348,0.0039416178035225,0.0155692854001182,-0.0265107468221589,1,1,1
68,19,4031.0,0.00892688827418,-0.0066838475908962,0.0116496145692138,-0.0282571552249845,-0.0068972788466416,-0.0046577522093036,0.0132452411818849,-0.028360237334827,1,1,1
68,20,4032.0,0.0076234227274694,-0.0050549550648906,0.0105142515196525,-0.0250831105176607,-0.0048969296359468,-0.0009462184945009,0.0120893838501138,-0.0234019972821169,1,1,1
68,21,4033.0,0.0094876934050287,-0.0084948980843589,0.0111057782974827,-0.0278280103786884,-0.0095974259431395,-0.0121261889746473,0.0117927327008661,-0.0313306581275356,1,1,1
68,22,4034.0,0.0084419795276928,-0.0083020677792348,0.0090622827526632,-0.0231851857667909,-0.0094884785596667,-0.0142616220202553,0.0086607129899104,-0.0265225149785365,1,1,1
68,23,4035.0,0.0090579917776392,-0.0117541693439252,0.0061694503548699,-0.0176401159654755,-0.0130534989815471,-0.0276644682843627,0.0001174347209596,-0.0163806887687305,1,2,2
68,24,4036.0,0.0081192911956487,-0.0105720122285365,0.0053186695818658,-0.0152270749926303,-0.0113072688315397,-0.0241963047998132,-0.0008645283991702,-0.0108668456372277,1,2,2
68,25,4037.0,0.0103710248381305,-0.0145611986608512,0.0054285975377511,-0.0166270136167807,-0.0153622838693041,-0.035168239186578,-0.0045665973328669,-0.0089270062961006,1,2,2
68,26,4038.0,0.0095326723105436,-0.0142809448545636,0.0022327909209594,-0.007968198669784,-0.0078671886023451,-0.0177884881162054,-0.0032202022218195,0.0013487322379124,2,2,2
68,27,4039.0,0.0079596857561418,-0.0121947540699424,0.002116883864014,-0.0077898894039028,-0.0096216355377328,-0.0234762047110714,-0.0061186196524735,0.0036084995169685,2,2,2
68,28,4040.0,0.0123229646313734,-0.0203725529514799,0.0011866971368448,-0.0076359643934786,-0.0166048188766321,-0.0448779901061719,-0.0196463675115987,0.0294018230054026,2,2,2
68,29,4041.0,0.0118044230932136,-0.0204010473608128,-0.0006584036094503,-0.0029424930079702,-0.0138814623367063,-0.0395730765163016,-0.0214078733647746,0.0400268527829712,2,2,2
68,30,4042.0,0.0120621082339036,-0.0225341832521923,-0.0047048604283454,0.0073433622746243,-0.0052619382357179,-0.0178285906475658,-0.013279896492019,0.0297482448293668,2,2,2
68,31,4043.0,0.0111348294518919,-0.0208048637705738,-0.0043859956438141,0.0069141487132105,-0.0045590688236843,-0.0155260969999965,-0.0114951177854347,0.0255059484757574,2,2,2
68,32,4044.0,0.0125179634997994,-0.0225158990411886,-0.0034107953746712,0.0042586861712176,-0.0056058221831047,-0.0164518335956559,-0.0081507241136982,0.0139680529080825,2,2,2
68,33,4045.0,0.0109310760959868,-0.0201689661336458,-0.0041908467390666,0.0068169581124071,-0.0024098270676394,-0.0082656037983709,-0.0050340628733987,0.0091529868632246,2,2,2
68,34,4046.0,0.0141755708248641,-0.0271197328876444,-0.0078270194969298,0.0150599968230541,0.0029540374127119,0.0055109055296466,0.001899353948314,-0.0051654630198448,2,2,2
68,35,4047.0,0.0089360024677522,-0.0182358741552853,-0.0074024137282999,0.0156640660947142,0.0062116365000543,0.0137869516474121,0.0041826270671908,-0.0066713804044025,2,2,2
68,36,4048.0,0.0089537004340181,-0.0183326737628323,-0.0075507534214235,0.0160308587186861,0.0064701854339427,0.014407104798923,0.0043790558275169,-0.0069306145822803,2,2,2
68,37,4049.0,0.0089415981176918,-0.0182667124358559,-0.0074516800359268,0.0157873713885686,0.00630832226948,0.0140287410123285,0.0042790768870607,-0.006835094147276,2,2,2
68,38,4050.0,0.0141933492041002,-0.0272176761063454,-0.0079834730388827,0.0154517339294144,0.0032636629991452,0.0062884813690192,0.0022172335530307,-0.0057176246709569,2,2,2
68,39,4051.0,0.0089405184035174,-0.0182604001987575,-0.0074386851623243,0.0157529012150894,0.0062699085095226,0.0139235867899973,0.0042236899275496,-0.0067339356365576,2,2,2
68,40,4052.0,0.0089456264783841,-0.0182867780093109,-0.0074662442634643,0.0158119009379905,0.0062550456192999,0.0138343048761194,0.0040981606540807,-0.0064217917681117,2,2,2
68,41,4053.0,0.0123741751519593,-0.0242837960960728,-0.0078315835099338,0.0154088347251525,0.0026686555981838,0.0035419800530179,-0.0014464354663092,0.0036677442281614,2,2,2
68,42,4054.0,0.0120913318499138,-0.0235635355657889,-0.0072139161151601,0.0139072102393457,0.0015516434636598,0.0008300244486172,-0.0019780395105146,0.0024682253782558,2,2,2
68,43,4055.0,0.0089276705593878,-0.018186658293423,-0.0072970879266749,0.0153824664060931,0.0058836499143989,0.0128784873906339,0.0036770868703043,-0.0056786720804921,2,2,2
68,44,4056.0,0.0120360599343913,-0.0230723451533334,-0.0064248628990085,0.0119964572131729,0.0003517707280618,-0.0021027036249668,-0.0038345187947106,0.0092811604971017,2,2,2
68,45,4057.0,0.0072388102272998,-0.014076093045877,-0.0044195460953695,0.0086927137582923,0.0018236198009827,0.0031283365979411,0.0001179265555278,0.000323825731117,2,2,2
68,46,4058.0,0.0089392851211515,-0.0182530967988148,-0.007422589000454,0.0157093758106774,0.0062129716761585,0.0137581468587839,0.0041046911733017,-0.0064306844092814,2,2,2
68,47,4059.0,0.0089328778546156,-0.0182182134152167,-0.0073712733061335,0.015584557798718,0.0061430320785811,0.0136121020303359,0.0041058050621711,-0.0065133647259565,2,2,2
68,48,4060.0,0.0123403110630131,-0.0233547926600474,-0.006190490187042,0.0115075969151825,0.001229378876103,0.001452283073577,0.0003518790160029,-0.0019757767098707,2,2,2
68,49,4061.0,0.0129173403302416,-0.0231909615176128,-0.0034874972968966,0.0043578947182316,-0.0055436311457359,-0.0161516331679672,-0.0077078936691191,0.012765505790819,2,2,2
68,50,4062.0,0.0089126793647164,-0.0181050015743108,-0.0071752780671946,0.0150839990239939,0.0056937018205294,0.0124456498324542,0.0035900314629998,-0.005668239268465,2,2,2
68,51,4063.0,0.0120968244304165,-0.0235945665850104,-0.0072697157834395,0.0140511120164794,0.0016903639643532,0.0011988200930202,-0.0017943782260229,0.0021214246599993,2,2,2
68,52,4064.0,0.0089457680638648,-0.0182872170160854,-0.0074644555380355,0.0158059681759223,0.0062449166128305,0.0138084935718257,0.004102515072654,-0.0064970700630847,2,2,2
68,53,4065.0,0.0089585997488353,-0.0183590592044615,-0.0075878893363497,0.0161204044446347,0.0065200217970601,0.0145148933273435,0.0043948556745885,-0.0069334572265365,2,2,2
68,54,4066.0,0.0089578033086038,-0.0183546154691706,-0.0075802846141401,0.0161009780953762,0.0065016862168068,0.014465520400238,0.0043657168677513,-0.0068619867179503,2,2,2
68,55,4067.0,0.0089469079029592,-0.0182940948939069,-0.0074798277422609,0.0158470432434084,0.0062875698681698,0.0139173257075198,0.0041238593031663,-0.0064196686861323,2,2,2
68,56,4068.0,0.0090476432750981,-0.0178217255509155,-0.005939033212784,0.0118484860392474,0.0026697388757382,0.0045817252888015,-1.5384443686886534e-05,0.0009620583798771,2,2,2
68,57,4069.0,0.0121616041752733,-0.0234958208751288,-0.0067349976465968,0.0126122961268981,-0.0001243125234833,-0.0041637281036405,-0.0064094400877429,0.0163095839212688,2,2,2
68,58,4070.0,0.0064667576812265,-0.0117158856227122,-0.0019384664411283,0.0026357125453719,-0.0026370677301414,-0.0079470749722823,-0.0042098148469658,0.0076167366822837,2,2,2
69,0,4071.0,0.0015422936534424,0.015589738802003,0.0013767471075746,0.0063857540986087,0.0056753347624735,-0.0007473111148104,-0.0100959745499236,0.0038082031997307,0,0,0
69,1,4072.0,0.0010472187631662,0.0139725247127652,0.0002464439657469,0.0073321440274028,0.0035204860772482,-0.0033159059286939,-0.0061918235708028,-0.001475653797994,0,0,0
69,2,4073.0,0.0010686452319682,0.0167115406185592,-0.0002654239159081,0.0094930934851835,0.0031279921324248,-0.0052345028779499,-0.0051700462479008,-0.0043360852393897,0,0,0
69,3,4074.0,0.0008599455123274,0.0129449525726621,-0.0001080469311696,0.0072376693575204,0.0026171917796211,-0.003852362929726,-0.0044056122297853,-0.0029516068874503,0,0,0
69,4,4075.0,0.0014946623552344,0.0190562838357795,0.0005388250003935,0.0097336109155961,0.0051928224694348,-0.0040558910666455,-0.0092627180536821,-0.0010612702228654,0,0,0
69,5,4076.0,0.0009761953247715,0.0173235865745904,-0.0006795383611829,0.0103163891059071,0.0024141494239302,-0.0062775062191287,-0.0035915582631579,-0.006277667282933,0,0,0
69,6,4077.0,0.0007683665060833,0.014482178102829,-0.0007108721130942,0.0087406707800899,0.0017026895989056,-0.0054503537491025,-0.0023461985209877,-0.0056516803158685,0,0,0
69,7,4078.0,0.0006602645104063,0.0150888047495947,-0.0011678936559006,0.0095296031156234,0.0008568536176633,-0.0064355499244569,-0.0004986221130354,-0.0074672623946398,0,0,0
69,8,4079.0,0.0005402784709519,0.0148341219087836,-0.0014617540599553,0.009494725896074,0.0001024899507246,-0.0065366050865296,0.0009888802086368,-0.0077292302427033,0,0,0
69,9,4080.0,0.000584908845127,0.0191539022718066,-0.0022367174555993,0.0125831383317733,-0.0006548388122378,-0.0090287556332095,0.0030031382114348,-0.0112301934598589,0,0,0
69,10,4081.0,0.0003895466289973,0.0147811511479584,-0.0019024693906476,0.0097917523345206,-0.0009099977132621,-0.0071086755093138,0.0031230235449434,-0.0089528388490007,0,0,0
69,11,4082.0,0.0005173804918165,0.0181902482633334,-0.0022351331107016,0.0120072631988061,-0.0008799576710725,-0.0086770603686195,0.0033802893972502,-0.0108825851550267,0,0,0
69,12,4083.0,0.0007311284446914,0.0152046960239291,-0.0009699154978409,0.0093665468467669,0.0013090931394531,-0.0060526021656491,-0.0014941829883383,-0.0065959742680928,0,0,0
69,13,4084.0,1.7537485067901785e-05,0.0103580308522704,-0.0020256382062636,0.006915887387827,-0.0022670288200386,-0.0049883393659063,0.0051395558734013,-0.0060276113267482,0,0,0
69,14,4085.0,-2.5153012147387908e-05,0.0171485776266929,-0.0035588553384756,0.0117187411891333,-0.0042872086053348,-0.0087736597077868,0.0099234670963889,-0.0111218422522951,0,0,0
69,15,4086.0,0.0001662586867349,0.0147540546590723,-0.0025287734982145,0.0099310008701026,-0.0024165329453385,-0.0073206624319761,0.0060462013090375,-0.0092282663322601,0,0,0
69,16,4087.0,-0.0004064591671581,0.0140849344242075,-0.0039350794717067,0.0095867431885949,-0.0058512286115689,-0.0069716435913246,0.0120914438217445,-0.0081891134490477,0,0,0
69,17,4088.0,-0.0006320001062198,0.0101819168720304,-0.0037194135930856,0.0068697122944341,-0.0062147645502307,-0.0047807257919106,0.0119958152413594,-0.0049754587203797,0,0,0
69,18,4089.0,-0.0023191606852772,0.0150778783795038,-0.0089588758013878,0.0096186295006991,-0.0167651071350234,-0.0054397337705481,0.0291821361095594,-0.0023363152686276,0,0,0
69,19,4090.0,-0.0005064978549066,0.0117748010011895,-0.0037273883750806,0.0079917993764787,-0.005904838285997,-0.0057116091791832,0.0118243773141012,-0.0063859787867048,0,0,0
69,20,4091.0,-0.0007745698693064,0.0139844021342615,-0.0048608150338915,0.0094425662658453,-0.0079613847333118,-0.0066228292141231,0.0155049530680773,-0.0070742456221228,0,0,0
69,21,4092.0,-7.365965579594124e-05,0.0161188470959734,-0.0034422980091543,0.0109271972958931,-0.004179075587925,-0.0080575871590243,0.009303541718758,-0.0100071118466181,0,0,0
69,22,4093.0,-0.002174914992593,0.0112284999599895,-0.007697344297137,0.0068920150557168,-0.0144692307048909,-0.0033952571282151,0.0240659125685854,-9.38061064183438e-05,0,0,0
69,23,4094.0,-0.0037787653394645,0.0121787337407422,-0.0117939106284882,0.0067723844707049,-0.02295712667275,-0.0017736134827327,0.0362149432249618,0.0053353813519627,0,0,0
69,24,4095.0,-0.002136812290923,0.0149066702909545,-0.0084709707345145,0.009581230371251,-0.0157336591170238,-0.0055828401290722,0.0276074947479486,-0.0029298478513173,0,0,0
69,25,4096.0,-0.0024848968044454,0.0118950269819864,-0.0086462257158923,0.0072805390030831,-0.0165150806632455,-0.0034643175015152,0.0275800071831114,0.0004676218300664,0,0,0
69,26,4097.0,-0.0023896000467645,0.013442395746924,-0.0087619571373798,0.0084239401434828,-0.016555641066277,-0.0044422659605237,0.0282261258960687,-0.000947663808853,0,0,0
69,27,4098.0,-0.0024947081933926,0.0112731043425983,-0.0085769771553085,0.0068552910616253,-0.0165990690335647,-0.0031094498383412,0.0277908774141414,0.0011098879436188,0,0,0
69,28,4099.0,-0.0034053387051452,0.0108117881198015,-0.0105569899433488,0.0059816121105873,-0.0204567396967985,-0.0015326097371407,0.0320732212721008,0.0047295797072219,0,0,0
69,29,4100.0,-0.0034673969363568,0.0085140503621057,-0.0100612777982455,0.004213813212384,-0.0193279349717588,-5.7723092149782504e-05,0.0286678819264884,0.0064366634977228,0,0,0
69,30,4101.0,-0.0027077754116606,0.0096046341366751,-0.0085815941077623,0.005459031690601,-0.0164189189924968,-0.0017857844478626,0.0259013818894521,0.0029149287143322,0,0,0
69,31,4102.0,-0.0043541831533254,0.010342133100018,-0.0125142425939678,0.0050244249701733,-0.0239471513685472,0.0001240507489867,0.0351802668700953,0.0082031107042877,2,0,3
69,32,4103.0,-0.0115101366145853,0.0129334150145381,-0.0285141696686881,0.0022515468189927,-0.0516155944061295,0.0088299933614551,0.0623445850853586,0.0284224738553277,2,0,3
69,33,4104.0,-0.0134030906104051,0.00814264129519,-0.0299050351272476,-0.0026815282730652,-0.0494066927070895,0.0132186076033765,0.0476805296330371,0.0303289366591241,2,0,3
69,34,4105.0,-0.007940118515902,0.003200161984416,-0.0161650872564642,-0.0026681408426144,-0.0237197928732476,0.007425596715257,0.0181660604785195,0.0135384956355311,2,0,3
69,35,4106.0,-0.0129364459733255,0.0022486483691614,-0.0241444303438586,-0.0065336164902256,-0.0304923654403286,0.0122651450696987,0.0125970672304505,0.0159680978591924,2,0,3
69,36,4107.0,-0.0209330022414452,0.0026738733493941,-0.0386221107496788,-0.0113907590194315,-0.0474848632131944,0.0203353075470301,0.0149980833402488,0.0246219366484219,2,3,3
69,37,4108.0,-0.0249124927702048,0.0016750421086706,-0.0437598133465139,-0.0142861578806945,-0.0489371608231755,0.0226604976899643,0.0067555875888697,0.0223042353041834,2,3,3
69,38,4109.0,-0.0273401522236479,-0.0013495461908615,-0.0423753308486094,-0.0168980005771774,-0.0336439819543741,0.0196005908199246,-0.0181518422803607,0.0050641339781522,2,3,3
69,39,4110.0,-0.018945075782886,-0.0016602585214437,-0.0267243617888435,-0.0113375545850899,-0.0159831141761054,0.0104857734955181,-0.0151647117015011,-0.0011744660405861,2,3,3
69,40,4111.0,-0.0316562531022235,-0.0019989294457094,-0.0484431876353525,-0.0198126250833261,-0.0364173878359151,0.0221538727242247,-0.0250608172244781,0.0030844597525175,2,3,3
69,41,4112.0,-0.0115700691289716,-0.0009745185050733,-0.0163465323207003,-0.006877822633613,-0.0101946955662179,0.0065546536495429,-0.0089064556555092,-0.0003087553490401,2,3,3
69,42,4113.0,-0.020537993900794,-0.0021762359751146,-0.027796863473806,-0.0121888813393993,-0.013974921598058,0.0100590234352257,-0.018239082373735,-0.0036467080051458,2,3,3
69,43,4114.0,-0.0423406454539029,-0.0064046862032071,-0.053674490394018,-0.0258716044128023,-0.0138251557667459,0.0161580242719997,-0.0546724176114895,-0.0231696621214084,2,3,3
69,44,4115.0,-0.0167562122072226,-0.0033468842404797,-0.0140268753925683,-0.0073889747144523,0.0029300610359355,0.0009592682711212,-0.0100158996917651,-0.0053002598187011,2,3,0
69,45,4116.0,-0.0467244384768748,-0.008641308623447,-0.0512276056284929,-0.0265585210254938,0.0048319668302022,0.0076576773457983,-0.0544929624278116,-0.0318798882567792,2,3,3
69,46,4117.0,-0.0265840744793958,-0.0064442392051629,-0.0137186598530579,-0.0085025424774202,0.0125059145120392,-0.0031585718737884,-0.0088240944055653,-0.0071697416275154,2,3,0
69,47,4118.0,-0.040367530053766,-0.0091607035818518,-0.033193888236743,-0.0195025998122338,0.0305975697565038,-0.0085448038875265,-0.0226131579375604,-0.0242973698414183,2,3,4
69,48,4119.0,-0.0530542097124061,-0.0133607395911963,-0.0335362673388528,-0.0221049946006354,0.0617193085517273,-0.0244997999733594,0.0001690644693037,-0.0207158536353308,2,3,4
69,49,4120.0,-0.041792231539298,-0.0106957450325887,-0.0244790035231265,-0.0165528602099887,0.0500031343750655,-0.0204824341573821,0.0052159723832464,-0.0125415368826224,2,3,4
69,50,4121.0,-0.0548148686850979,-0.0140885419409006,-0.031957222031312,-0.0217494002131701,0.0673213692351011,-0.0277767387147658,0.0077018145265206,-0.0171121179180815,2,3,4
69,51,4122.0,-0.0482946582897416,-0.0130193550147499,-0.0213634664962065,-0.0161681144750049,0.0645256555362594,-0.0288089065415672,0.0246925125541264,-0.0022329364062825,2,3,4
69,52,4123.0,-0.0481850190358749,-0.0124230018213543,-0.0274814557262881,-0.0188078044114521,0.0587780123810078,-0.0243107420256392,0.0072416425809858,-0.014443715545658,2,3,4
69,53,4124.0,-0.0307103825908322,-0.0087990515812725,-0.0047999703650596,-0.0057181955710259,0.033169798028701,-0.0155110652696403,0.0181987167417684,0.0038492179132498,2,3,4
69,54,4125.0,-0.0514134400118206,-0.014491435916503,-0.0144511579787384,-0.0132898939593158,0.0701913951551642,-0.0333474971885046,0.0447779967224859,0.0145267113015681,2,3,4
69,55,4126.0,-0.0134035232712755,-0.0038559475434742,-0.0024537412358371,-0.0027823518237033,0.0171455045010654,-0.0082983107318514,0.0124081398435255,0.0051790877779162,2,0,0
69,56,4127.0,-0.0521546029479187,-0.0151797313575721,-0.0073441156695008,-0.0098073836142242,0.0677550220521577,-0.0334142455733934,0.0550696733309104,0.0267184903575891,2,3,4
69,57,4128.0,-0.0357140358621956,-0.0104516501319609,0.0031940038050517,-0.0013428439233045,0.0162164326133748,-0.0071534297914391,0.0077105962597529,0.0043651464395612,2,3,0
69,58,4129.0,-0.056277883722041,-0.0183958246698879,0.0289303250315359,0.0090400167319748,0.0290827785815874,-0.0178595334629507,0.0566988701467018,0.0497850432885304,2,3,4
70,0,4130.0,0.0004805431780535,0.0180318378577488,-0.0023097316039978,0.0117060628787619,-0.0012602224182666,-0.0082947111286022,0.0042213469315861,-0.0102572316841975,0,0,0
70,1,4131.0,0.0023445735754798,0.0156197767495505,0.0035667090334985,0.0021534114551866,0.0081811546614747,0.0054761856269033,-0.013170061439267,0.0133143933805646,0,0,0
70,2,4132.0,0.0018954831004759,0.0178092423376231,0.0019491283264591,0.0066033927519103,0.0069723287736259,0.000205487181908,-0.0122579341539383,0.0060935755148552,0,0,0
70,3,4133.0,0.0013195816548705,0.0107729863392492,0.0016643928351577,0.0030974412239281,0.0048372928616983,0.0014897941382634,-0.0083071598671032,0.0059040605835466,0,0,0
70,4,4134.0,0.0012461747873897,0.0138052443412227,0.0008577058023476,0.0062004957028978,0.0043934905949207,-0.001600060362776,-0.0076935698717818,0.0015229828816953,0,0,0
70,5,4135.0,0.0015882079580279,0.0120559664385576,0.0021625710637688,0.0028967178108498,0.005752281652971,0.0024748058745713,-0.0097004613527662,0.007772289661187,0,0,0
70,6,4136.0,0.0017957491859588,0.0103253036275524,0.0030088319894207,0.0001985540128103,0.0061264914211601,0.0053033556335678,-0.0095227402161756,0.011102784908286,0,0,0
70,7,4137.0,0.0019687216137548,0.011360373288432,0.0032974801010948,0.0002588289331522,0.0067549565616994,0.0058038083882204,-0.0105592203735456,0.0122478070075053,0,0,0
70,8,4138.0,0.0022255183322951,0.0147945013574019,0.0033989060027811,0.0021140471674105,0.0078836136416209,0.0050907781872933,-0.0128588236643339,0.0125284051791462,0,0,0
70,9,4139.0,0.001629016698917,0.0081305772454181,0.0029343293561146,-0.0009768375707738,0.0053796276813744,0.0057316123499085,-0.0079885986944946,0.0108408669412111,0,0,0
70,10,4140.0,0.0015603961864372,0.0104752289149503,0.0023625788326737,0.0015768701503136,0.0055228735985308,0.0034795353186799,-0.0090143426263343,0.0086615496361522,0,0,0
70,11,4141.0,0.001577553919059,0.0114901854687598,0.0022328451323568,0.0024419932634656,0.00568554651991,0.0028101238072019,-0.0095169425767784,0.0080769582668561,0,0,0
70,12,4142.0,0.0029475786284216,0.0205435898474112,0.004349931504742,0.0037002870957269,0.01061900206638,0.00604162808949,-0.0176570146216117,0.0160870248549879,0,0,0
70,13,4143.0,0.0018281635455701,0.0093996995484377,0.0032466773495801,-0.0008312676223358,0.0060828122509644,0.0062164040231665,-0.0091401654902617,0.0120004823608711,0,0,0
70,14,4144.0,0.0027140200175642,0.0086259163247528,0.0054718203661697,-0.0059722483905368,0.0073625282356283,0.0118237730562045,-0.0086148006491423,0.0170109975438647,0,1,1
70,15,4145.0,0.0032798318042151,0.0091622317076316,0.0067406163815444,-0.0083133761664431,0.0083916560415025,0.0147341786751776,-0.008968939515073,0.0198379215268189,0,1,1
70,16,4146.0,0.0030176601489074,0.0081014348461607,0.0062127668945635,-0.007900637030029,0.0075122813783667,0.0135230879364506,-0.0077129971366163,0.0176539394084818,0,1,1
70,17,4147.0,0.0042212814212731,0.0050411792523915,0.0088265458318307,-0.0156068932600643,0.0066176739952048,0.017938082834928,-0.0014690816952761,0.0141303652527849,1,1,1
70,18,4148.0,0.0042494793807785,0.003214351313128,0.0085768153139804,-0.0162980452530933,0.0048614006083639,0.0157093761267415,0.0015138019100429,0.0082350027414544,1,1,1
70,19,4149.0,0.0046130621154055,0.0043274388921554,0.009537594098408,-0.017625218441042,0.0062481921530158,0.0186556904677725,0.000291438898083,0.0123523690657449,1,1,1
70,20,4150.0,0.0046102107845886,0.0062244375056252,0.0096443062497314,-0.0165498449765516,0.007755171510925,0.0198524298889923,-0.0028720362909541,0.0171367345401638,1,1,1
70,21,4151.0,0.0059632159959004,0.001657272510103,0.011524191989213,-0.0237207035198489,0.0038402100505126,0.0179289692067895,0.0070711339692081,0.000988760221759,1,1,1
70,22,4152.0,0.0056223535232714,0.0039457600355614,0.01153727884981,-0.0222526830695641,0.0063616286793369,0.0215326349459416,0.0030572946779695,0.0102567908844844,1,1,1
70,23,4153.0,0.0041051356581538,0.002285374056712,0.0081560997235486,-0.0160385920642768,0.0038253277794128,0.0140159437550665,0.0029924327410371,0.0047218619722364,1,1,1
70,24,4154.0,0.004884596737264,0.0015345800654496,0.0092478142962012,-0.0187864300027085,0.0033140253249911,0.014287192988409,0.0046001946434045,0.0024335088633555,1,1,1
70,25,4155.0,0.0040515102920677,0.0006695012839529,0.0076275175376561,-0.0159553707836987,0.0019976117147818,0.0108687372029638,0.0052546320377857,-0.0012010753698958,1,1,1
70,26,4156.0,0.0077920394876124,0.0005657010634188,0.0144416036879311,-0.0306477324249347,0.0030859447260988,0.0196665261832307,0.0111783630489623,-0.0049324583952772,1,1,1
70,27,4157.0,0.0084867151954458,-0.0004967293453136,0.0154014527660618,-0.0334339121284275,0.001822526054191,0.0185435539235526,0.0139198729095087,-0.0107616291455366,1,1,1
70,28,4158.0,0.0095825578309882,-0.0064815627607454,0.0132515166644777,-0.0317673447264161,-0.0066857195039273,-0.0023874644800704,0.0154493953262213,-0.0311507827494552,1,1,1
70,29,4159.0,0.0094326637047424,-0.008354295996813,0.0110358761675316,-0.0275545196311031,-0.0092222570664987,-0.01133333349645,0.0115470009374877,-0.0300163598033158,1,1,1
70,30,4160.0,0.0068081869560857,-0.0024888253092265,0.0104053590465168,-0.0233190359336017,-0.0008190946684894,0.0076757381432115,0.0094536878267682,-0.0109214047082157,1,1,1
70,31,4161.0,0.0087524332015264,-0.0094309328442076,0.0082725961678258,-0.0216676568753536,-0.0104316872201682,-0.0178948302275439,0.0061721610777422,-0.0233210074607754,1,2,2
70,32,4162.0,0.0079954166075785,-0.0093485141027725,0.0067212387011995,-0.0181686452366007,-0.0105530516956805,-0.0202183174114669,0.0031726054175373,-0.0183809786518345,1,2,2
70,33,4163.0,0.0104674755351781,-0.0136572352320259,0.0069643207555585,-0.0199695951925185,-0.0147753731227653,-0.0312151741189816,0.0004058057578179,-0.0193245751091591,1,2,2
70,34,4164.0,0.0083509977679449,-0.011856009621168,0.0026026288086401,-0.0080966258705189,-0.0050526641059566,-0.0091012596515705,0.0022867534478799,-0.0096869673090443,1,2,2
70,35,4165.0,0.0105214182331026,-0.0139795501414077,0.00665575507223,-0.0193439161523087,-0.0150413817821092,-0.0323869746389293,-0.0006377215276837,-0.0174613205126818,1,2,2
70,36,4166.0,0.010873462206357,-0.0158398066262652,0.0046585122620695,-0.0150134395750531,-0.0155417402928204,-0.0367223664111983,-0.0070204849398394,-0.0027933503840436,1,2,2
70,37,4167.0,0.0113413652519657,-0.0184851879133093,0.0016240312779388,-0.0083208335948721,-0.0158825150206844,-0.0423383547899056,-0.0174272701427399,0.0240401237688658,2,2,2
70,38,4168.0,0.0077647542870132,-0.0129659830036869,-1.1204075903612022e-05,-0.0025780007653452,-0.0068850792871793,-0.0179678667712612,-0.0063831419568109,0.007312552436018,2,2,2
70,39,4169.0,0.0118563962138726,-0.0212963363405951,-0.0031638694975489,0.0038662076595411,-0.0054186567749292,-0.0158176521722585,-0.0077029704615932,0.0129547975837202,2,2,2
70,40,4170.0,0.0111292900163162,-0.0202911967901765,-0.0038074846944078,0.0058321530946282,-0.0030603405054757,-0.0097445705096701,-0.0054049219288076,0.0095885682413376,2,2,2
70,41,4171.0,0.0107449253485862,-0.0211051383221566,-0.0067080976156266,0.0130334234700101,0.001068383982065,-0.0011937554939767,-0.0060808799624278,0.0186789220492801,2,2,2
70,42,4172.0,0.0089293565225606,-0.0181972750799207,-0.0073235837212821,0.0154542693043501,0.0059598141428896,0.0130695381884435,0.0036955954562286,-0.0054550876827357,2,2,2
70,43,4173.0,0.0070777383894399,-0.013718946256971,-0.0042889700094449,0.0084687849178218,0.0021309338130763,0.0042983410835873,0.0013851286821981,-0.0030582251326779,2,2,2
70,44,4174.0,0.0089425441692921,-0.0182712630257303,-0.0074535051195425,0.0157882091672364,0.006285802126641,0.0139520886296074,0.0042104711979216,-0.0066651641859165,2,2,2
70,45,4175.0,0.0089467400110508,-0.0182933323150147,-0.0074800574015398,0.0158486971676147,0.0062967896391067,0.0139488181555916,0.0041576956494576,-0.0065239747150394,2,2,2
70,46,4176.0,0.0109580266662675,-0.0215847285250667,-0.0071929600459134,0.0143504980727968,0.0032437732837826,0.005592776842363,6.462779460266371e-05,0.0008311368372978,2,2,2
70,47,4177.0,0.0124932106008196,-0.0242963923561577,-0.0073440009402377,0.0140946359711965,0.0014049107067841,0.0003824488058876,-0.0021913550757062,0.0027388070358101,2,2,2
70,48,4178.0,0.0089179079667632,-0.0181372408049532,-0.0072501512660485,0.0152842841076598,0.0059014086887825,0.0129845833869966,0.003796935209287,-0.0059497759881349,2,2,2
70,49,4179.0,0.0119731612017362,-0.0220721956281352,-0.0051060901668046,0.0091119125295706,0.0002901246238774,-0.0008055966779473,-0.0015318613883608,0.0038620302381882,2,2,2
70,50,4180.0,0.0089242966619062,-0.0181770181628059,-0.0073454399548486,0.0155409796420212,0.0061855263032711,0.0137428253172976,0.0041365101723016,-0.0064647313976778,2,2,2
70,51,4181.0,0.0089426187773712,-0.0182779224100149,-0.0075047495075779,0.0159378429267376,0.0064846406247976,0.0144826994623749,0.004427620708447,-0.0069725004477474,2,2,2
70,52,4182.0,0.0088698027781105,-0.0179074788673251,-0.0071161096389913,0.0150744566924016,0.0062545544779356,0.0141307926593925,0.0044662174629504,-0.0070162167746784,2,2,2
70,53,4183.0,0.0038942273427661,-0.0054380033106962,0.0004370787362842,-0.0013479712891725,0.000820837881599,0.003624528618666,0.0026729145846384,-0.0039335597048553,2,2,2
70,54,4184.0,0.0088492722484376,-0.0177945583851604,-0.0069388547808235,0.014633793330838,0.0059346059140751,0.0133584719256092,0.0042160289028197,-0.0066689159479176,2,2,2
70,55,4185.0,0.0085598306194136,-0.0161815544905144,-0.0042786151737218,0.0079565310518455,0.0008758448755306,0.001072728916364,0.0002412287961522,-0.0012859985952816,2,2,2
70,56,4186.0,0.0129019202387126,-0.0231482383419377,-0.003461269224761,0.0043035169525023,-0.0055469301105916,-0.0161415919369442,-0.0076904311616658,0.0127450782055997,2,2,2
70,57,4187.0,0.0088818123481272,-0.0180858340202863,-0.0072619213924595,0.015322595375412,0.0059511633555355,0.0131248915580101,0.0038871555148615,-0.0061099938817057,2,2,2
70,58,4188.0,0.0086623508843002,-0.017737073451501,-0.0073055896049257,0.0155094751380383,0.0062528430952787,0.0139150377722921,0.0042147650834038,-0.006646943215138,2,2,2
71,0,4189.0,0.0011051763174406,0.0126690609698971,0.0006897857171802,0.0059547519756676,0.0040063853794148,-0.0018348200056513,-0.0072155098928622,0.0009283828993773,0,0,0
71,1,4190.0,0.0022207535185635,0.0186266271000065,0.0027136658496427,0.0057215760140318,0.008225952412589,0.0020412013928206,-0.0143091674464342,0.0094319862272243,0,0,0
71,2,4191.0,0.0015386295566904,0.0114971499314122,0.0021184829101046,0.002646587737069,0.0055231280517414,0.0024836668735465,-0.0092524639323851,0.0074990619388683,0,0,0
71,3,4192.0,0.0009959168617665,0.0120504348224067,0.000482599421869,0.0058333432846685,0.0034203825433342,-0.0020696530180828,-0.0059970813310882,0.0001486619886069,0,0,0
71,4,4193.0,0.0010816827443176,0.0097954034243842,0.0011832086279463,0.0034438380366591,0.0039954001929378,0.0004027356927644,-0.0070111842942225,0.0038398010240854,0,0,0
71,5,4194.0,0.0019118291464664,0.0176925957015469,0.0020087679703934,0.0064380453978329,0.0070083299599125,0.0003477595817711,-0.0122726776663976,0.0061901905188502,0,0,0
71,6,4195.0,0.0025824977684461,0.0157628386971578,0.0041892096912623,0.0011388619762819,0.0090117406936661,0.0070111448983869,-0.0143734158365442,0.0156583942535405,0,0,0
71,7,4196.0,0.0020353965801603,0.0091662132630629,0.0037724190161041,-0.0020811702847181,0.0063535125376339,0.007537767347189,-0.0089252777510356,0.0130785269333863,0,1,1
71,8,4197.0,0.0034042494623866,0.0137487470535424,0.0065407741882755,-0.0049274609371528,0.0102825479380187,0.0136073227703026,-0.0138299649165111,0.0223553157809485,0,1,1
71,9,4198.0,0.0034882673463661,0.0062344595159028,0.0072433738646266,-0.0113801918583406,0.006747896231125,0.0151063322110419,-0.0043320209268151,0.0151639852391696,1,1,1
71,10,4199.0,0.0056585903155536,0.0086368379593815,0.0119381845184983,-0.0198414147145146,0.0104167943143015,0.0253138359105743,-0.0052580245104245,0.0241053625438813,1,1,1
71,11,4200.0,0.0043243410863849,0.0056804532688864,0.0091098932086564,-0.0157792280917318,0.0072644957197519,0.0189385711222296,-0.002397024080218,0.0161343894119275,1,1,1
71,12,4201.0,0.0051675457749456,0.0037455044929253,0.0103194750360431,-0.0196693948734078,0.0056578744543803,0.0184724180717763,0.0019592483450653,0.0092096927767451,1,1,1
71,13,4202.0,0.0047909824379768,0.0055143238081629,0.0099353798708201,-0.0176770084059185,0.0072067360547009,0.0197873938609153,-0.0012673148742004,0.0148700708285963,1,1,1
71,14,4203.0,0.0066295529123926,0.0045540514539565,0.0135956445446351,-0.026295924060384,0.0073922110470149,0.02527378394841,0.0038451024506765,0.0116472816100432,1,1,1
71,15,4204.0,0.0030759253720679,0.004344624087899,0.0062416923475133,-0.0105045828708568,0.0048946365186143,0.0120907670629608,-0.0019370593458971,0.0098703066706418,1,1,1
71,16,4205.0,0.0085044093905102,0.0011232375787838,0.0160181762263392,-0.0337322423197733,0.0039190356655973,0.0226762928673971,0.0118916235919069,-0.004013652349764,1,1,1
71,17,4206.0,0.005901539968077,-0.0001673681649655,0.0104602188068139,-0.0224557957613567,0.0014262860126617,0.0123299821485132,0.0082762019580879,-0.0055664843809068,1,1,1
71,18,4207.0,0.0063685638855699,-0.0037577249080978,0.0082040495084631,-0.0189388291122543,-0.0027209009482616,0.0004573077590482,0.0061661756692078,-0.009857507255278,1,1,1
71,19,4208.0,0.0070045986763011,-0.0017016049636321,0.0117496504178699,-0.026115564025154,-0.0002342445329377,0.0105817576613029,0.0113662787654047,-0.0125466838168273,1,1,1
71,20,4209.0,0.0055862485052196,0.0003352617091072,0.0097139185692233,-0.0203094043981057,0.0023725830607839,0.0130258113697634,0.0058020679014972,-0.0001556052234622,1,1,1
71,21,4210.0,0.00572816486116,-0.0001155454504186,0.0099153079447564,-0.0211061897944218,0.0015963170909045,0.0117921102028378,0.0068661780778719,-0.0032297770269609,1,1,1
71,22,4211.0,0.0079090033382653,-0.0032356686756773,0.0125825875604012,-0.028802941332401,-0.0023681345853644,0.0069714971625628,0.0138135912466743,-0.0204180261586063,1,1,1
71,23,4212.0,0.0087573941603107,-0.0041114869206874,0.0135277458984158,-0.0312559067336237,-0.0033329308238529,0.0057282601916581,0.0150928883276081,-0.0237790271196715,1,1,1
71,24,4213.0,0.0067767590712033,-0.0022871706301784,0.0109718607740685,-0.0247535946209347,-0.0011779275188883,0.0077856394970188,0.0109559952867984,-0.0138106209556705,1,1,1
71,25,4214.0,0.0092279760066911,-0.0114079966789209,0.0068598888492754,-0.0190400029086305,-0.0126726859027528,-0.0261286336041349,0.0004640626931521,-0.014849279867202,1,2,2
71,26,4215.0,0.0098652447536698,-0.008776986643169,0.0115092640834528,-0.0287646417543362,-0.0097179594515005,-0.0120892106691985,0.011951189160792,-0.0312595945211056,1,1,1
71,27,4216.0,0.0101039883471995,-0.011928196739187,0.0084335114183939,-0.0229047680930855,-0.0135579392677938,-0.0260690958967753,0.0042404126048808,-0.0245173700128924,1,2,2
71,28,4217.0,0.007932723438567,-0.0103766596120714,0.0052278277843325,-0.0150184557852032,-0.0112109883985128,-0.0238037751782648,3.268196286017713e-05,-0.0139369596359806,1,2,2
71,29,4218.0,0.0095328680671529,-0.0128528801910626,0.0042557099623279,-0.0123824723082855,-0.0080158579043262,-0.0160766439499191,-5.02295018562593e-06,-0.0062978600869182,1,2,2
71,30,4219.0,0.0107040249632731,-0.0161619437354312,0.0038104527559112,-0.0131689913044338,-0.016175698838904,-0.0400949213504685,-0.011114548479187,0.0062788172342714,2,2,2
71,31,4220.0,0.0104394041943072,-0.0163138645988348,0.0027359038010275,-0.0105460564767751,-0.0151245258135292,-0.0385122862915902,-0.0124876038617799,0.0114343522019043,2,2,2
71,32,4221.0,0.0113881651503718,-0.0189777630996547,0.0006991524588587,-0.0060139071884591,-0.0143358981854148,-0.0388574646255005,-0.0171584739158879,0.0261833099011076,2,2,2
71,33,4222.0,0.0109008456758669,-0.0202397779786222,-0.0039122480322171,0.005732091558234,-0.0058106024402316,-0.019101398022773,-0.0140306577328666,0.0320162941885334,2,2,2
71,34,4223.0,0.012251553450715,-0.0225966052375757,-0.0037832905350726,0.0046747335764755,-0.0095819621402586,-0.0308302416627161,-0.0235165163981343,0.0566058682337288,2,2,2
71,35,4224.0,0.0121228940873491,-0.0227010756544652,-0.0046850467155647,0.0071258434292632,-0.0067905991633002,-0.0232294379303409,-0.0195985458194875,0.0495223852344077,2,2,2
71,36,4225.0,0.0108217679997556,-0.0207838761532366,-0.0056430896079308,0.0102876780198354,-0.001153422373654,-0.0065500415729418,-0.0071980141043542,0.0173647915922546,2,2,2
71,37,4226.0,0.0089354757060346,-0.0182291377029551,-0.0073592874906434,0.0155333165683473,0.0059599688794134,0.0130190202681012,0.0035947004722717,-0.0052174504580385,2,2,2
71,38,4227.0,0.008931919938836,-0.018211679271474,-0.0073493746298384,0.0155211120989838,0.006031614810787,0.0132720133471116,0.0038387664167691,-0.0058417104466007,2,2,2
71,39,4228.0,0.0121211768984182,-0.0227352937071389,-0.0054918131521514,0.0097107749968956,-0.0008431037361031,-0.0045000289833343,-0.0037215027128662,0.0077081984878086,2,2,2
71,40,4229.0,0.0122017510540775,-0.0236119263547302,-0.0068532570320288,0.0129030715609386,0.0001085186351129,-0.003567803739256,-0.0061472596312494,0.0158469052575527,2,2,2
71,41,4230.0,0.008922849806606,-0.018161894335193,-0.0072717631170219,0.0153283500952856,0.005891265254367,0.0129319491722244,0.0037277790698496,-0.0057013256376849,2,2,2
71,42,4231.0,0.0141786016269625,-0.0271369518456845,-0.0078593579181933,0.0151445996111418,0.0030456818355744,0.00576365244918,0.0020426363275775,-0.0054544990964926,2,2,2
71,43,4232.0,0.0098581707720105,-0.018531725842337,-0.0047297643897822,0.0086909573749427,0.0008249225453569,0.000947762571925,0.0004616719732655,-0.0021575619306984,2,2,2
71,44,4233.0,0.0089364326376276,-0.0182384364607109,-0.007408418932991,0.0156806094896234,0.0062353258691607,0.0138559893817228,0.0042246216496625,-0.0067430611472185,2,2,2
71,45,4234.0,0.0089568720022846,-0.0183500920426949,-0.0075781366364368,0.0160991229656252,0.0065222314496286,0.0145360021703075,0.0044273220311222,-0.0070042455634574,2,2,2
71,46,4235.0,0.008959919446644,-0.018366730473133,-0.0076033529564597,0.0161612512389288,0.0065644621293535,0.0146356864409118,0.004455968257805,-0.0070383312400809,2,2,2
71,47,4236.0,0.0089608691769883,-0.0183717943436269,-0.0076100097677933,0.0161769106579437,0.0065704395029051,0.0146451575622722,0.0044503304429521,-0.0070191396559553,2,2,2
71,48,4237.0,0.0089601206476161,-0.0183675778771851,-0.0076025362809293,0.0161577094923853,0.0065524294768906,0.0145976967203617,0.0044276001209243,-0.0069777822904431,2,2,2
71,49,4238.0,0.0089497901039481,-0.0183097980717505,-0.0075034782489827,0.0159053021072772,0.0063284176284815,0.0140166427035368,0.0041645781842352,-0.0065132653850325,2,2,2
71,50,4239.0,0.0125614880308611,-0.0246235928991402,-0.0078985717213033,0.0155191435875528,0.0026567207819322,0.0035013730770308,-0.0014528894304273,0.003670996097656,2,2,2
71,51,4240.0,0.0089496715767029,-0.01830912978519,-0.0075022924453007,0.0159022576023338,0.0063256150728717,0.0140093448040384,0.0041614113922895,-0.0065084441579225,2,2,2
71,52,4241.0,0.0089589394983281,-0.0183609390330125,-0.0075909233712052,0.0161279968092997,0.0065256833147625,0.0145284792565159,0.0043982022176374,-0.0069334968544553,2,2,2
71,53,4242.0,0.008958800971197,-0.0183601416064168,-0.0075894019639327,0.0161240445455344,0.0065220443498447,0.0145193412821186,0.0043960809406806,-0.0069369394263678,2,2,2
71,54,4243.0,0.0089479738590126,-0.0182993542367019,-0.0074836445967501,0.0158538326102223,0.0062812956198264,0.0138984257067286,0.0041368223254742,-0.0065548180151386,2,2,2
71,55,4244.0,0.0125022275883056,-0.0243459717132037,-0.0074226093424743,0.0142912017517616,0.0015602608374546,0.0007740706290396,-0.0020253955993423,0.0024380486022369,2,2,2
71,56,4245.0,0.0089278629605631,-0.0182505273256693,-0.0074475469416105,0.0157681448988125,0.0062205703581213,0.0137462889828434,0.004076248726748,-0.0064635931701478,2,2,2
71,57,4246.0,0.0089022824785001,-0.0181965683087428,-0.0074220793853467,0.0157122725498639,0.0061929331881058,0.0136815232389722,0.0040538180125975,-0.0064286295307995,2,2,2
71,58,4247.0,0.0121269201706929,-0.0235743142828573,-0.0070988489009624,0.0136008931341811,0.0012749292584902,0.0001356115961503,-0.0022208911410759,0.0027461141560407,2,2,2
72,0,4248.0,0.0007743281094601,0.0148017443756884,-0.0007588108595473,0.0089453323697882,0.0016625234058327,-0.0055953789652264,-0.0022424222230276,-0.0058354211861598,0,0,0
72,1,4249.0,0.0003333651161518,0.0135624399125877,-0.0018169356725983,0.0089969417802209,-0.0010202790125383,-0.0065375861817375,0.0032466628179591,-0.008217060320491,0,0,0
72,2,4250.0,0.0006175137046555,0.0122227258281571,-0.0006946116407295,0.0074854333245715,0.0012432507031726,-0.0047938181145638,-0.0015709891200345,-0.0051749984975371,0,0,0
72,3,4251.0,0.0009252571199895,0.0138733634725288,-0.0001095192500528,0.0076587094582265,0.0027364710868939,-0.0039857419740797,-0.0045020039511258,-0.0029581126334375,0,0,0
72,4,4252.0,0.000758894974348,0.0198817055271617,-0.0018748538553072,0.0127822787299119,0.0003405718593538,-0.008890476469903,0.0010303740219139,-0.0107102324161582,0,0,0
72,5,4253.0,0.0009227929218814,0.0181016392765905,-0.0010064176402711,0.0111093115698586,0.0019117204311275,-0.007144628892351,-0.0024693114095912,-0.007767143168564,0,0,0
72,6,4254.0,0.001150582642242,0.0165904747974697,6.624620859126989e-06,0.0090272335877896,0.0035836521522114,-0.0045182365789039,-0.0060801076136128,-0.0029764309984776,0,0,0
72,7,4255.0,0.0011698149273735,0.0128185753028561,0.0008355118896502,0.0056729554797763,0.0041343233616306,-0.0013379937841978,-0.0072566021602855,0.0017244782349942,0,0,0
72,8,4256.0,0.0007442870230813,0.0156038826420426,-0.001022121847124,0.009679084880257,0.0012853831001312,-0.0063487240266259,-0.0013541694247675,-0.0071072019915513,0,0,0
72,9,4257.0,0.0012821160023931,0.0194609390804066,-0.0001962684428084,0.0109263254982733,0.0038669896081681,-0.0058770138470502,-0.0064774798213784,-0.0046256276694199,0,0,0
72,10,4258.0,0.0010813984342448,0.0151548336028389,9.970498279538155e-05,0.0081356229702872,0.0034652473229051,-0.003929832912723,-0.0059603377488101,-0.0023117781537549,0,0,0
72,11,4259.0,0.001314832467882,0.0168947242522303,0.0004422466694636,0.0086234282487075,0.0044846308343428,-0.0036070584833156,-0.0079114435300465,-0.0010258923376972,0,0,0
72,12,4260.0,0.0007520270130901,0.0092657401193105,0.000332571505853,0.0045741622188997,0.0025918264460992,-0.0017273446173058,-0.0045618277230261,-0.0001155294178124,0,0,0
72,13,4261.0,0.0013879174139069,0.0139435472065006,0.0012507992386591,0.0056738427889531,0.0050877340258293,-0.000633354847642,-0.0090182096557057,0.0034030687291862,0,0,0
72,14,4262.0,0.0007408670188992,0.0103023834792273,8.314786708295719e-05,0.0055061340370786,0.0023748939794104,-0.0026364394575315,-0.0040714214329917,-0.0015237231662213,0,0,0
72,15,4263.0,0.0013883653288944,0.0200249923613977,9.57426800555831e-06,0.0109342247393049,0.0043638274082843,-0.0055033424771382,-0.0074430123704517,-0.0036554696717154,0,0,0
72,16,4264.0,0.0019021649524282,0.0219111538042011,0.0011537826178036,0.0102498760580365,0.0067411184443524,-0.0031411201277789,-0.0119370894137813,0.0014990000348765,0,0,0
72,17,4265.0,0.0007398497530584,0.0097967890498417,0.0001815805111975,0.0050227735951633,0.0023838605555433,-0.002163822019418,-0.0040663725221258,-0.0008312450944391,0,0,0
72,18,4266.0,0.0014239648774468,0.0141316335337306,0.0013193172134499,0.0056586769789778,0.0052365436283153,-0.0004869053784126,-0.0092953655402217,0.0037567974162461,0,0,0
72,19,4267.0,0.0013440480827241,0.0110572927856466,0.00167467549819,0.003247172016456,0.0049183437146401,0.0014029392638345,-0.0084610810935207,0.0058153167505135,0,0,0
72,20,4268.0,0.0012812455353537,0.0095183530804124,0.0017678885472375,0.0021565071221414,0.0045677487271687,0.0020793716598131,-0.007612086338407,0.0061795080882751,0,0,0
72,21,4269.0,0.0014943521947254,0.0106711803383587,0.0021289929747813,0.0021145046298034,0.0052436826400286,0.0027217146090982,-0.0085859389631238,0.0073782630960639,0,0,0
72,22,4270.0,0.0021514723732643,0.0112172599313389,0.0037717181619051,-0.000819170875515,0.0070769230933769,0.0070770667131328,-0.0105690184639011,0.0136112305174742,0,0,0
72,23,4271.0,0.0024565371841761,0.0087354533133013,0.0048503775805619,-0.0045990050559035,0.0069867524891864,0.0103164522437584,-0.0087198676027923,0.0156920553444866,0,1,1
72,24,4272.0,0.0053018139308343,0.0101992456381314,0.0111781092114415,-0.01713927779743,0.0111516333336629,0.0242722536730391,-0.0081552340035363,0.0265400468331691,1,1,1
72,25,4273.0,0.0037555379330627,0.0041899313973077,0.0076177568363942,-0.0135354933466924,0.0053736982599074,0.0146330420042285,-0.0011162995756478,0.0110258208388431,1,1,1
72,26,4274.0,0.0060589757639324,0.005649847969486,0.0125151939015743,-0.0231526204632102,0.0081371149842635,0.0243778489435092,0.0005078318294914,0.0158493511828936,1,1,1
72,27,4275.0,0.0065682637970597,0.0037555790606195,0.0133221606128496,-0.0262379880135095,0.0065758194708813,0.0240135032599461,0.0050241068090715,0.0090043784764977,1,1,1
72,28,4276.0,0.0069665380412779,0.0003462405370772,0.012734623201778,-0.027063067790366,0.0025601197150224,0.0168988845752669,0.0097850573892327,-0.0046029508244636,1,1,1
72,29,4277.0,0.0052970244587586,0.0034552275526148,0.0107016261474837,-0.0207259317242089,0.0056844799917959,0.0194766743324396,0.0028547816427222,0.0090843924407325,1,1,1
72,30,4278.0,0.0061931892723327,0.0028298196410089,0.0122714114701434,-0.0245531524154605,0.0052769702728066,0.0207630300636795,0.0055812102942113,0.0054924761622927,1,1,1
72,31,4279.0,0.0080565839790796,0.0034311078450706,0.0161895267165555,-0.0326948163037307,0.0068195298523029,0.027880956267673,0.0084463196227521,0.0063881669586586,1,1,1
72,32,4280.0,0.0032977637849985,0.0018764862764215,0.0065366101205271,-0.0128025745577697,0.0031515678497538,0.011313393144181,0.0021356824843377,0.004336563670614,1,1,1
72,33,4281.0,0.0061402792522578,-0.0001347061275582,0.0110548158199416,-0.023793925216661,0.0014745402350832,0.0131933999692921,0.0092570808721788,-0.0068720160715501,1,1,1
72,34,4282.0,0.0088534459920741,0.0001201267458559,0.0164229833149527,-0.0352919190443391,0.0027802824960697,0.0214231812789881,0.0141396606150749,-0.0088420719258417,1,1,1
72,35,4283.0,0.005453784195604,0.0007205147934353,0.0100239183792894,-0.0210034940028074,0.002314001072444,0.0133418436950442,0.0066853023659968,-0.0020863203259332,1,1,1
72,36,4284.0,0.0074875035852292,-0.0049439850089073,0.0102556278052585,-0.0244297661110876,-0.0048299814139043,-0.0013108228079669,0.0111887237639946,-0.0217310932298221,1,1,1
72,37,4285.0,0.0076271090960244,-0.0029702761031332,0.0120007598052225,-0.027255740080082,-0.0017347954571289,0.0075950920060784,0.0123955592742615,-0.0169158696377469,1,1,1
72,38,4286.0,0.0071638674218313,-0.0046547164404011,0.00985226720946,-0.0233981256562446,-0.0043426519822917,-0.0004796705574501,0.0108134742600402,-0.0202856314413067,1,1,1
72,39,4287.0,0.0078676498531722,-0.0102905934619215,0.0042327008201179,-0.011984651626489,-0.007264613675082,-0.0140593865051178,0.0009539441258402,-0.0072870685238847,1,2,2
72,40,4288.0,0.0088468757711813,-0.0109965189845736,0.0065679894045424,-0.0182707164293864,-0.0120056978629873,-0.0242672386527398,0.001818240438283,-0.0179172271450939,1,2,2
72,41,4289.0,0.0093095539177655,-0.0103940996585506,0.0084820888685791,-0.0225182726187986,-0.0117407389940663,-0.0210403456655632,0.0059291681568989,-0.0250958076931787,1,2,2
72,42,4290.0,0.0106142053867528,-0.0143071390214818,0.0064415251257721,-0.0189463942661692,-0.0154007236710054,-0.0337277780996292,-0.0016717326131729,-0.0156595343791877,1,2,2
72,43,4291.0,0.0088869030163925,-0.0126086976124167,0.0032087244322658,-0.009939475955968,-0.0070848127182391,-0.0140111121254527,0.0012827673168084,-0.0096420183113134,1,2,2
72,44,4292.0,0.0073093769604312,-0.0098991088669174,0.0040831727304121,-0.0120363464286187,-0.0095648987616687,-0.0208465828371844,-0.0013494542224395,-0.0078896798187106,1,2,2
72,45,4293.0,0.0106013690274808,-0.0144624315214137,0.0061217252301557,-0.018202477958953,-0.0153580965641063,-0.0341766340192194,-0.0028685547243265,-0.0125266706515552,1,2,2
72,46,4294.0,0.0087960819322615,-0.0116771832408294,0.0042261208650574,-0.0121191270759648,-0.0076644941934908,-0.015352033965164,-8.935631057704543e-05,-0.0056350847705016,1,2,2
72,47,4295.0,0.0114371402210736,-0.0190286549980348,0.0007263471294007,-0.0060854829337105,-0.0144886866778213,-0.0394279785049638,-0.017916256381502,0.0283057735615157,2,2,2
72,48,4296.0,0.0100573434097946,-0.0183707646594301,-0.003042976824935,0.0039421405324189,-0.005784746802354,-0.0180097649176441,-0.011531824392303,0.0240836721278869,2,2,2
72,49,4297.0,0.0102205365130818,-0.0167409870978362,-3.0434136870724837e-05,-0.0029025410191929,-0.0065574966708031,-0.0162395460345768,-0.0049827854464614,0.0066420149237466,2,2,2
72,50,4298.0,0.0094413495922837,-0.0178861237617881,-0.0045837751287781,0.0082684354237813,-0.0005882818927533,-0.0038025624636765,-0.0039414361729335,0.0091755617851836,2,2,2
72,51,4299.0,0.0115499887244271,-0.0220186573686662,-0.0054924586031406,0.0095045265065432,-0.0035180174247794,-0.0139812746575542,-0.0137828752698838,0.0361406999310806,2,2,2
72,52,4300.0,0.008934158155321,-0.0182222154609311,-0.0073496966968629,0.0155093636241262,0.0059300206322028,0.0129219055023682,0.0034761423416868,-0.0048001362232636,2,2,2
72,53,4301.0,0.0104284000837517,-0.02126193508828,-0.0085467788051228,0.0180117755545593,0.0067802965135703,0.0146632158253965,0.0037420615127374,-0.004774934341911,2,2,2
72,54,4302.0,0.0089384640882022,-0.018248713450586,-0.0074168666406642,0.0156960047635261,0.0062089737978231,0.0137542002490395,0.0041142046241083,-0.0064575899089891,2,2,2
72,55,4303.0,0.013749397227068,-0.0264228709813077,-0.0078281716486148,0.0151862417157566,0.0032192683136792,0.0061510942394313,0.0020498864976398,-0.0052630044985572,2,2,2
72,56,4304.0,0.0127013325856351,-0.0248151917189205,-0.007805453993593,0.0152377549612466,0.0023576178756122,0.002753849873274,-0.0017077275669924,0.0040001189863005,2,2,2
72,57,4305.0,0.0142642134537187,-0.0272632967089385,-0.0078401853705166,0.0150779723244651,0.0029873815784736,0.0056351523745695,0.002018987366612,-0.0054505519380514,2,2,2
72,58,4306.0,0.0086470551815318,-0.0176537543004383,-0.0071806444616638,0.0152024282154012,0.0060478932295945,0.0134344517742099,0.0040848884427231,-0.0065209581976441,2,2,2
73,0,4307.0,0.0010775117478279,0.0125057936856723,0.0006408996739598,0.0059140391039227,0.0038663167833475,-0.0018700311491636,-0.0069257406312888,0.0007989887769262,0,0,0
73,1,4308.0,0.0015883479503027,0.0255304742215916,-0.0005417883160255,0.0147184850334312,0.0045374165004128,-0.0083768296317181,-0.0073979621168981,-0.0074065784871171,0,0,0
73,2,4309.0,0.0010253113223414,0.0123116489894915,0.0005148334493094,0.0059370317895601,0.0035336393318929,-0.002081461677291,-0.0061930235008047,0.0001987781319682,0,0,0
73,3,4310.0,0.0012184661739386,0.0142336011412461,0.0007068193755323,0.0068005589790664,0.0043913311715071,-0.0022412228574967,-0.0078969688512701,0.000708596462862,0,0,0
73,4,4311.0,0.0015887856330635,0.0163528658490913,0.0013630552259139,0.0068615271583473,0.0058602773109109,-0.001033124764055,-0.0104714180209029,0.0035873912763447,0,0,0
73,5,4312.0,0.0010784396940917,0.0106942076582456,0.0009906350983149,0.0042492195967939,0.0038856486190871,-0.0003603666361552,-0.0067875204277432,0.0027253297350337,0,0,0
73,6,4313.0,0.001214505626965,0.0092170538194079,0.0016252373443135,0.0022258195065177,0.0042636042810977,0.0017462858859952,-0.0070558214372351,0.0054197701680741,0,0,0
73,7,4314.0,0.0011185610159476,0.0112242431650546,0.0010036631888286,0.0045527565371209,0.0040583787268129,-0.0005177990389864,-0.0071473563626039,0.0026519780887022,0,0,0
73,8,4315.0,0.0013426783716858,0.010307771836681,0.0017779710285283,0.0025767691989972,0.0047398923039782,0.0018361457599782,-0.007893927763005,0.0059162425166973,0,0,0
73,9,4316.0,0.0016957101427508,0.0180994537870183,0.0013076406496445,0.0078686412430102,0.0060867214728968,-0.0016674973600343,-0.0107451821424281,0.0028248370703176,0,0,0
73,10,4317.0,0.0021208838300482,0.0119100055165814,0.003606839070184,-2.7928525175025603e-05,0.0072300701537418,0.0064959871369926,-0.011201503393552,0.0133941793012429,0,0,0
73,11,4318.0,0.0030732933839593,0.0130516206542877,0.0058232202882646,-0.0038842474560289,0.0094587661802362,0.0119632399624218,-0.0129969185907339,0.0201970905922414,0,1,1
73,12,4319.0,0.0040783231280867,0.0095546915096411,0.0085365524318566,-0.0118937055357644,0.0095853695990446,0.0187875192756112,-0.0087808812445314,0.0230746458226407,0,1,1
73,13,4320.0,0.003810509764759,0.0097714775910185,0.0079095185257575,-0.0104026980039098,0.0093609268175288,0.017356809896174,-0.0093307555534866,0.022334466287438,0,1,1
73,14,4321.0,0.0034270520000693,0.007612920802419,0.0071855195798748,-0.0102965334316738,0.0078144070192531,0.0157413292495892,-0.0068127069093858,0.0187712973646837,0,1,1
73,15,4322.0,0.0038497659516209,0.0048336996949412,0.0080220155846748,-0.0140192483538857,0.0061095412771415,0.0162060208236807,-0.0015984771357582,0.0128585352150733,1,1,1
73,16,4323.0,0.0038153088817191,0.0042989042467571,0.00798136559961,-0.0142929974528461,0.0058103637803888,0.0161681004121258,-0.0008887499275293,0.0122492508450918,1,1,1
73,17,4324.0,0.0054291874088301,0.0042464332665764,0.0110830494425991,-0.0210094151492898,0.0065228025397612,0.0208629198739396,0.0017306193869922,0.011713703799877,1,1,1
73,18,4325.0,0.0056393282584697,0.0041074480534685,0.0113819065552529,-0.0217404837468457,0.0063324374845726,0.0207907455701783,0.0023220153054708,0.010453118389102,1,1,1
73,19,4326.0,0.0071713825288288,0.001041106410418,0.0135708824597741,-0.0285251792981568,0.0034821905930397,0.01955582667754,0.0099148085119239,-0.0027297597729698,1,1,1
73,20,4327.0,0.0070334911314665,-0.000828485521773,0.0124629309853152,-0.0272743631460345,0.0008067895709292,0.013474565841312,0.0115656122218389,-0.0107731246193252,1,1,1
73,21,4328.0,0.0090130788742361,-0.0065478932528399,0.0119162812687902,-0.0287858108869857,-0.0068295242285599,-0.0043827561720563,0.0132734180696035,-0.0283572807214902,1,1,1
73,22,4329.0,0.0086368510219876,-0.0020538026881858,0.0146659589308501,-0.0326429270271925,-0.0002886470455596,0.0134183296138334,0.0145418128628738,-0.0161257186406061,1,1,1
73,23,4330.0,0.0075692246532882,-0.0033063809784801,0.0118883233520583,-0.027328891871128,-0.0025148067106988,0.0060246184389461,0.0132862973861878,-0.0202657873761925,1,1,1
73,24,4331.0,0.0092778989623002,-0.0050181649335169,0.0139845402174456,-0.0327746321719671,-0.0046797049527218,0.0033212097918986,0.0165287862820667,-0.0287765158769813,1,1,1
73,25,4332.0,0.0081677917753205,-0.0089320653639783,0.0069878946677767,-0.0182218993197589,-0.0084551748340239,-0.0146098207571417,0.0037373343386244,-0.0143559905457817,1,2,2
73,26,4333.0,0.0073832926902401,-0.0078372014885146,0.0062246951432102,-0.0159627065481848,-0.0066507084306724,-0.0109637137606388,0.0031143983627911,-0.0106698238531626,1,2,2
73,27,4334.0,0.0098717605198421,-0.0124874025037186,0.0070351355497808,-0.0197918983552551,-0.013911767148389,-0.0292176916495842,-0.0001127919867688,-0.0155370134330181,1,2,2
73,28,4335.0,0.0109308293802064,-0.0144624342872847,0.0070168684789356,-0.0203369974640356,-0.0157661901551552,-0.0340028753532009,-0.0009035185653697,-0.0175092051594438,1,2,2
73,29,4336.0,0.0103148816745764,-0.0126056749965032,0.0079953146743893,-0.0220522945356541,-0.0139522910401438,-0.027660022521807,0.0031384809740863,-0.0231674526135643,1,2,2
73,30,4337.0,0.0106851970487401,-0.0143649502027935,0.0065168457463104,-0.0191216656011722,-0.0153708831054045,-0.0335053956146122,-0.001370077737341,-0.0163146215180959,1,2,2
73,31,4338.0,0.0092296318294973,-0.0147306917674612,0.0013418425465972,-0.0063570342920554,-0.009816121493976,-0.0244670721577078,-0.0068452426725881,0.0043279520947026,2,2,2
73,32,4339.0,0.0107349977010752,-0.0169830323410718,0.0023842977164836,-0.0097901123419467,-0.0149719875902303,-0.038436633927058,-0.0130423511668254,0.0133092934203737,2,2,2
73,33,4340.0,0.0111827709461055,-0.0165018530201743,0.0045853039140348,-0.015089901866337,-0.0165721063530162,-0.0397861322580631,-0.0085085930804557,-0.0011009059647609,1,2,2
73,34,4341.0,0.0092128346488702,-0.0147774470764286,0.0014544542315653,-0.0068234162911996,-0.0112557315175708,-0.0288999608367232,-0.0099141008076595,0.011025006490776,2,2,2
73,35,4342.0,0.0087450841611643,-0.0154319090302221,-0.0022746794677126,0.0030483507115734,-0.0020863005947538,-0.0057248942358362,-0.0017959461386799,0.0016103625731482,2,2,2
73,36,4343.0,0.0092422839600609,-0.0165694516826259,-0.0024320742354247,0.0029495321460136,-0.0041671484285439,-0.0121255912026167,-0.0058792120398593,0.009955810779325,2,2,2
73,37,4344.0,0.0110489930763378,-0.0211486273834275,-0.0056295040959955,0.0101913403906674,-0.0012697041421667,-0.0067627920945119,-0.007047575379477,0.0166494586736848,2,2,2
73,38,4345.0,0.01043236105491,-0.019474895976064,-0.0044855508002322,0.0077163624989577,-0.0015110892359942,-0.0061367435005367,-0.0047594157440381,0.01034883416921,2,2,2
73,39,4346.0,0.0121223916381717,-0.0227126643069057,-0.0047802695659903,0.007415401355125,-0.0062357542448794,-0.0215421807963577,-0.018329920438134,0.0464532736449642,2,2,2
73,40,4347.0,0.0098338119217787,-0.0182363013619839,-0.0043489279766497,0.0078464570178535,0.000651174401318,0.0007562386600502,0.0005416472947693,-0.0022997084389723,2,2,2
73,41,4348.0,0.0092089125852739,-0.0178881588673983,-0.0054365531769846,0.0104912768498494,0.001302548906552,0.0010035286239737,-0.001618489278262,0.0036077426782262,2,2,2
73,42,4349.0,0.010321153377669,-0.0196745485759248,-0.0052840845892637,0.0097319299840789,-5.566373413866108e-05,-0.0026315159056431,-0.0035196465119712,0.0082447504793659,2,2,2
73,43,4350.0,0.0089208924838541,-0.0181528402987984,-0.0072704832166944,0.015333545556129,0.0059424581216691,0.0130975494157488,0.0038580129795182,-0.0060009587180568,2,2,2
73,44,4351.0,0.0048546024151502,-0.0093245601310008,-0.0028118798155343,0.0055173611742688,0.0014109790239418,0.002930197409935,0.0010262990197446,-0.002092219521139,2,2,2
73,45,4352.0,0.0089421135553141,-0.0182701932138395,-0.0074613867363875,0.0158137969610003,0.0063357324654678,0.0140973975254533,0.004293467105509,-0.0068119619498106,2,2,2
73,46,4353.0,0.0089587930641358,-0.0183606947092586,-0.0075949466756627,0.0161409464813037,0.0065520803799206,0.0146069596658336,0.0044469723855893,-0.0070233621443532,2,2,2
73,47,4354.0,0.0089588908750167,-0.0183610604752048,-0.0075941582924728,0.0161380641894275,0.0065444440277207,0.0145833634873441,0.0044294715269287,-0.0069823098285668,2,2,2
73,48,4355.0,0.0089587006225409,-0.0183598209704378,-0.0075906753772973,0.0161283582274293,0.0065310333320986,0.0145450017224646,0.0044054826908659,-0.0069291492362501,2,2,2
73,49,4356.0,0.0089414206299531,-0.0182640423054167,-0.0074332108195811,0.0157312035089097,0.0062001887996512,0.0136996408740734,0.0040294537593696,-0.0062150140909778,2,2,2
73,50,4357.0,0.0131498098569986,-0.0251492526093819,-0.0069019885104078,0.0128181399071881,0.0002036259648842,-0.002712188786981,-0.0043044240062981,0.0103095301354008,2,2,2
73,51,4358.0,0.0089174217633229,-0.0181319564854533,-0.0072239458426879,0.0152088181497072,0.0057998180608777,0.0127063162077296,0.0036432698065867,-0.005552523647325,2,2,2
73,52,4359.0,0.0117711715055198,-0.022156589265352,-0.0054971140059192,0.0098391165744799,-0.0005131143048932,-0.0036071550140875,-0.0032770713881112,0.0068103676058959,2,2,2
73,53,4360.0,0.0086238022823261,-0.016530914969039,-0.004812323029365,0.0092764077339491,0.0018183646033397,0.0033589066634655,0.0010948190758637,-0.0029682046018823,2,2,2
73,54,4361.0,0.0065847538287237,-0.0126156338724403,-0.0036683724950177,0.0070738332184999,0.0014208038329214,0.002680145609073,0.0009421920644281,-0.0025179053232476,2,2,2
73,55,4362.0,0.0130979120126807,-0.0246871179078606,-0.0063933615649072,0.011799324353339,0.0011646271547822,0.0013348119947005,0.0005059913604429,-0.0025387981737848,2,2,2
73,56,4363.0,0.008915977235826,-0.0181876066559507,-0.0073684016551134,0.0155847018949772,0.006164634281586,0.0136774887041649,0.0041497925089116,-0.0066152295641233,2,2,2
73,57,4364.0,0.0089014455037638,-0.0181928578764733,-0.0074232113784918,0.0157196407625182,0.0062220173317997,0.0137683450176931,0.0040897545624516,-0.0064114290992029,2,2,2
73,58,4365.0,0.0087389044314178,-0.0171294231863066,-0.0054933255154507,0.0107928595440536,0.0018492272128409,0.0024423283937484,-0.0010003839149645,0.0025273767678134,2,2,2
74,0,4366.0,0.0005267053344769,0.014021523724322,-0.0013451025298651,0.0090502633604553,0.0002112141366329,-0.0063269505740124,0.0007580628254265,-0.0076551147736554,0,0,0
74,1,4367.0,0.0006818939057776,0.0172998788946488,-0.0015642385090191,0.0110998906945817,0.0004771219832418,-0.0076881791106209,0.0004858336939521,-0.0092017240149321,0,0,0
74,2,4368.0,0.0005434917781057,0.0101423704272073,-0.0004827796539347,0.0061134029405513,0.0012266307380152,-0.0038093283392702,-0.001713236219961,-0.0039579609135695,0,0,0
74,3,4369.0,0.0006179315932661,0.0111703284888554,-0.0004712508439687,0.0066667524019224,0.0014802479146594,-0.0040704259656525,-0.0021666178607655,-0.004082555034853,0,0,0
74,4,4370.0,0.0009446421336338,0.0162801671324831,-0.0005578767955321,0.0095674055621748,0.0024019104024826,-0.0056888757210644,-0.0036285920769692,-0.0055064338009034,0,0,0
74,5,4371.0,0.0014557259256022,0.0142592609352945,0.0013677471340258,0.0055744455870526,0.0052294728007859,-0.0003549804335929,-0.009098110777973,0.0038036432365966,0,0,0
74,6,4372.0,0.0007838754805629,0.0129165370174985,-0.000337454936007,0.0074509388200678,0.0021074780728456,-0.0042671115450235,-0.0032984678262534,-0.003863462111868,0,0,0
74,7,4373.0,0.0011455327027102,0.0131654357458598,0.0006931185021411,0.0061325926726399,0.0040088856931618,-0.0018804541342769,-0.0070312617359776,0.0008175790009392,0,0,0
74,8,4374.0,0.0010483481793747,0.0166859663498483,-0.0003236582401362,0.0095395443377251,0.0029936779866292,-0.0053442084857608,-0.0048747183977669,-0.0046007352761807,0,0,0
74,9,4375.0,0.0012139195380472,0.0113767348330146,0.0012364401838099,0.0041818270139992,0.0043536357559464,0.0001108041010722,-0.0075070346012122,0.0036445480637472,0,0,0
74,10,4376.0,0.0016535485325549,0.0186282331132024,0.0010910785196725,0.0085848847214631,0.0059571573886083,-0.0024477616129606,-0.0106455381912366,0.0017384091622637,0,0,0
74,11,4377.0,0.0007438689457068,0.0092243524708659,0.0003122996552216,0.0045568826823833,0.0025167638985892,-0.0017451911090885,-0.004376111117484,-0.0002181504524793,0,0,0
74,12,4378.0,0.0012938539795421,0.0110902643417682,0.0015296573435573,0.0035413825943449,0.0047503727689952,0.0009819864048411,-0.0082326834268801,0.0051537507228654,0,0,0
74,13,4379.0,0.001199959646226,0.0111832793832569,0.0012533556865441,0.0041014525456597,0.0044305009948786,0.0002062432410571,-0.0078065574349771,0.0039816426754939,0,0,0
74,14,4380.0,0.001527805938021,0.0161895147371641,0.0012155181843396,0.0070208587588569,0.0055953982519002,-0.0014039166200831,-0.0100003958857126,0.0028369463014787,0,0,0
74,15,4381.0,0.0016530906932546,0.014500730067458,0.0019030527749714,0.0048327350349829,0.0061354074061399,0.0010292873370308,-0.0107481827078757,0.0064653995006495,0,0,0
74,16,4382.0,0.0010202297539429,0.0100691400563468,0.0009360700813393,0.0039695012752232,0.0036155046897344,-0.0003364082128344,-0.0062342380621697,0.0024491241772951,0,0,0
74,17,4383.0,0.0018336049419454,0.0180371200237967,0.0017386136192948,0.0071721840095368,0.0068174629514986,-0.0005076447658906,-0.0121698290900976,0.0050783771582945,0,0,0
74,18,4384.0,0.0016568856908374,0.016805024012936,0.0014604791443879,0.0069100410234891,0.0060532148082685,-0.0008824523495563,-0.0107211572265531,0.0038789164716435,0,0,0
74,19,4385.0,0.0008655889014785,0.0161420167911606,-0.0007662290438548,0.0096902517258688,0.0019296801983351,-0.0059948630152857,-0.0026602092287207,-0.0061692411824593,0,0,0
74,20,4386.0,0.0010319897189984,0.0155818240055555,-0.0001400989475032,0.0087083259184851,0.0031164308889454,-0.0046348056466107,-0.0052170210219378,-0.0035642537842364,0,0,0
74,21,4387.0,0.0007384783817773,0.0180378075199933,-0.001548786129513,0.0115075592145996,0.0006791250923152,-0.0079004409012555,0.0001304734831721,-0.0093605264747098,0,0,0
74,22,4388.0,0.000962362161782,0.0191966741150828,-0.0011123593924809,0.0117542789227959,0.0018954976986324,-0.0075264461466652,-0.0023520121437097,-0.0081229392630047,0,0,0
74,23,4389.0,0.0004206841400414,0.0166354973456064,-0.0021992062461946,0.0110565874501071,-0.0011764032651354,-0.0080719452218986,0.0038678001307354,-0.0102386199539085,0,0,0
74,24,4390.0,0.0003923234637656,0.0124910602088918,-0.0014111236818746,0.0081017470023615,-0.0003142772303806,-0.0056864883054826,0.0016206367084245,-0.0068654816306754,0,0,0
74,25,4391.0,0.0008252370030406,0.0234185395944038,-0.0024103320009513,0.0151936123775325,-5.151475851052456e-05,-0.0107111163036816,0.0021367170296056,-0.0130938506577421,0,0,0
74,26,4392.0,5.7076525018020155e-05,0.0136953470944509,-0.0026212928302043,0.0093055712025285,-0.0028843762962105,-0.0069320202439416,0.0068582014953728,-0.0087956664539606,0,0,0
74,27,4393.0,-0.0003953257813727,0.0171268070634472,-0.0045287929191512,0.0116797862418032,-0.0065296786416557,-0.0085609309643585,0.0137390987766233,-0.0102460502189364,0,0,0
74,28,4394.0,0.0003087788064949,0.014570201927547,-0.0020836169683645,0.0096896555200951,-0.0013881173357853,-0.0070494685651577,0.0039921748673655,-0.0088369992982512,0,0,0
74,29,4395.0,-0.0002942941412688,0.0171087306166136,-0.0042610232651769,0.0116985704500204,-0.0059090974275333,-0.0086609103140313,0.0127050868886618,-0.010618521406053,0,0,0
74,30,4396.0,-0.0003190283111457,0.0164355815723643,-0.0041558528869035,0.0111117389949705,-0.0057762209020855,-0.0080519814183596,0.0121066530720872,-0.0095431759548536,0,0,0
74,31,4397.0,-0.002842001606153,0.0123854798564262,-0.0095516460490605,0.0073698311934548,-0.0181565464792302,-0.0031319552396847,0.0294961177454293,0.0015936743560046,0,0,0
74,32,4398.0,-0.0020364941106761,0.0089677783175259,-0.0068377093300255,0.0053481823735133,-0.0128990585796134,-0.0023287338512911,0.0208766995056098,0.0008830154917375,0,0,0
74,33,4399.0,-0.0024383373452313,0.0097634762698809,-0.007974975725332,0.005711719907102,-0.0151476582458585,-0.0022412049833768,0.0242493185111923,0.0017834231389987,0,0,0
74,34,4400.0,-0.0043793801853412,0.008167234189265,-0.0118916784015851,0.0033323101181321,-0.0223203214094441,0.0014807029673021,0.0306479251885497,0.0094013532115809,2,0,3
74,35,4401.0,-0.0101394411065575,0.0094116959781862,-0.0242717646640715,0.0004432632617152,-0.0428081162985485,0.0087660572304717,0.0483869840859959,0.0247940254718304,2,0,3
74,36,4402.0,-0.0043324149916443,0.0068912776536966,-0.0112468329736374,0.0023699328409099,-0.020448636093464,0.0020569782994229,0.0263322230490976,0.0091477542766257,2,0,3
74,37,4403.0,-0.0108079007391718,0.0090963492565654,-0.0253914583640148,-0.0002371726746565,-0.0440321812029107,0.009684560733704,0.0479626310267553,0.0258191467887343,2,0,3
74,38,4404.0,-0.0150613086169502,0.0035833264680061,-0.0293930756574817,-0.0070889829533664,-0.0400592824010414,0.0151272005421882,0.021535663229843,0.0227287441975464,2,3,3
74,39,4405.0,-0.0143435132570252,0.0030574933758938,-0.0276941611618758,-0.0069896498308642,-0.0371302268402728,0.0143673297609292,0.0187322784387645,0.0209769534019847,2,3,3
74,40,4406.0,-0.0074239783980813,0.0013195900253392,-0.0138853075328738,-0.0037192337231717,-0.0177489642292106,0.0070878735325367,0.0077926373804066,0.0095929402688301,2,0,3
74,41,4407.0,-0.0141604439865599,0.0017426924391521,-0.0259103237606096,-0.0076856987583177,-0.0314838105033068,0.0135089424338092,0.0097221061896259,0.0161287626832295,2,3,3
74,42,4408.0,-0.0274871549453309,0.0027172314941813,-0.0494856427670365,-0.0152971301422506,-0.0583136219380221,0.0257958168743058,0.0144453033499363,0.0289255218013278,2,3,3
74,43,4409.0,-0.0177490686637045,-0.001346374840287,-0.0237911855358593,-0.0096456403572933,-0.015351492558941,0.0089277514705603,-0.0063603709240121,0.0033708610096202,2,3,3
74,44,4410.0,-0.0286048498878085,-0.0007218845693578,-0.0458938840958359,-0.0175512616340744,-0.0405935096416206,0.0222324354602535,-0.0133536996985561,0.0105386614983235,2,3,3
74,45,4411.0,-0.0298708764936264,-0.0032239290965345,-0.0422133290018514,-0.0187042226854701,-0.0230370125401887,0.0168972736777937,-0.0329034253317369,-0.0069401682068997,2,3,3
74,46,4412.0,-0.0318009018837845,-0.004832832793098,-0.0395259154477734,-0.019019564323979,-0.0101417337054669,0.0117565850611656,-0.0393533894194738,-0.0167018852859836,2,3,3
74,47,4413.0,-0.037510000377197,-0.0051995391651854,-0.0496499998673201,-0.0233569799319328,-0.0176648898855809,0.0168523993194961,-0.0482965748181068,-0.0178508582043396,2,3,3
74,48,4414.0,-0.0362925563869085,-0.0050823899972455,-0.0476773036129654,-0.0224726656732939,-0.0165443122093528,0.0159846499372395,-0.0461539275407387,-0.0170974004289288,2,3,3
74,49,4415.0,-0.0192222484124134,-0.0030461838798549,-0.021930370015565,-0.0106501021075683,-0.0023936119169478,0.0045087977867937,-0.0170911816599565,-0.0078197807349609,2,3,3
74,50,4416.0,-0.0400588104725752,-0.0065385788435869,-0.0485626767281292,-0.0239955936779739,-0.00693137834216,0.0122564841621442,-0.0504866090716409,-0.024134035765035,2,3,3
74,51,4417.0,-0.0386199916693634,-0.0074506693072721,-0.041007896352526,-0.0217250421485138,0.0089988785019617,0.0037954092464924,-0.0434292685135464,-0.0279915060758875,2,3,3
74,52,4418.0,-0.0376893430212017,-0.0075674973899413,-0.0378218673551317,-0.0204300783397223,0.0126528613669186,0.0014065574121696,-0.0384189204662939,-0.0266095836152891,2,3,3
74,53,4419.0,-0.0247842897144692,-0.0054928339731337,-0.0146888317711824,-0.008173295049131,0.005180468358246,5.3320957946376545e-05,-0.0082247328108649,-0.0036189997198041,2,3,0
74,54,4420.0,-0.0141430262923429,-0.0031031727395107,-0.0100038784292829,-0.0056508655855998,0.0066751829889598,-0.001648046553222,-0.0039956875183434,-0.003539171269238,2,3,0
74,55,4421.0,-0.0508867705787073,-0.0126492812217695,-0.033095249795026,-0.0214350608103025,0.0558522621153709,-0.0215773343885494,-0.0035280502249515,-0.0210436474991871,2,3,4
74,56,4422.0,-0.0126908442310837,-0.0032293928677958,-0.0053143616464372,-0.0036189628290586,0.0086578958674215,-0.0031825570212317,-0.0004884720306069,-0.0022039230275293,2,0,0
74,57,4423.0,-0.0268516548152463,-0.0070399950023369,-0.0051935968014376,-0.0042176159388866,0.009192455103526,-0.0030774864159614,0.0006097917236767,0.0013259333235445,2,3,0
74,58,4424.0,-0.033470134248857,-0.0094614669995839,-0.0008182790148451,-0.0029944406942643,0.0145052559635081,-0.0057346121137237,0.0025004285282138,0.0006301927106363,2,3,0
75,0,4425.0,0.0007125319036072,0.020399468781679,-0.0021226605044924,0.0131383383454411,-0.0001895369065627,-0.0091922732151908,0.0022296082013708,-0.0112058754138127,0,0,0
75,1,4426.0,0.0012888737678149,0.0106943883010968,0.0015509495514213,0.0030785878256453,0.0044224948028391,0.0012975208873008,-0.007254169151117,0.0051049937028081,0,0,0
75,2,4427.0,0.0010736653664306,0.0152511121218134,3.557720204621698e-05,0.0080738450632545,0.0031617959830866,-0.0038637186178893,-0.0051172252663655,-0.0024214308612664,0,0,0
75,3,4428.0,0.0024099494685037,0.0143132359740377,0.0039501146304589,0.0006817507732166,0.0082184984321754,0.0067460187420576,-0.0128338904254482,0.0144609694741573,0,0,0
75,4,4429.0,0.0013755253319019,0.0104042602679115,0.0018817829260994,0.0024809329576801,0.0049973411013731,0.0021715233980489,-0.0084476701335111,0.0067902851842717,0,0,0
75,5,4430.0,0.0015948003554618,0.0108638829854448,0.0023844749304484,0.00175890837675,0.0056469872914916,0.0034218003393413,-0.0092414925453523,0.0086880112677176,0,0,0
75,6,4431.0,0.0016128088351011,0.014315526602786,0.0018271959048511,0.0048908651091752,0.0060200382915454,0.0008401545588824,-0.0106219002003296,0.0061337789193313,0,0,0
75,7,4432.0,0.0012503546527075,0.0106699327839072,0.0014923291063609,0.003381306711722,0.00462049532233,0.0010071167364114,-0.0080416702930325,0.0051237933128625,0,0,0
75,8,4433.0,0.0011053757466568,0.0127846496232355,0.0006345904309599,0.0059349871151598,0.0037203068910229,-0.0018713690846919,-0.0063441192266345,0.0005005979664398,0,0,0
75,9,4434.0,0.0023959690554546,0.0131089363719454,0.004124204940587,-0.0003604195644522,0.0080733245095218,0.0075711491498633,-0.0123425488710955,0.0152228975647656,0,0,0
75,10,4435.0,0.0033606900521875,0.0124382018588341,0.0066340355584886,-0.005955559823111,0.0098852372589929,0.0142529324561197,-0.0126902739863654,0.0224352578038484,0,1,1
75,11,4436.0,0.0031960260042879,0.012105081984386,0.0062424561857837,-0.005356604560685,0.0093967320437312,0.0131972145039725,-0.0121859677478885,0.0208736175502753,0,1,1
75,12,4437.0,0.0024282697798517,0.0081087824792684,0.0048836034740288,-0.0050673543749944,0.0067979521278347,0.0106224366293614,-0.0081880029133202,0.0157634712194349,0,1,1
75,13,4438.0,0.0029308624475286,0.0078943222397497,0.0060494547097057,-0.0076704604097251,0.0073826843903989,0.0132457240609792,-0.0077149171277719,0.0175628042968058,0,1,1
75,14,4439.0,0.0032306130197302,0.0081928279584831,0.0067287555850348,-0.0089207250552517,0.0079503558107493,0.0148579428992365,-0.0079036379584636,0.0191851356292112,0,1,1
75,15,4440.0,0.002802989148581,0.0106449731413838,0.0054611184377999,-0.0046579251692931,0.0082164232097047,0.0114988242809263,-0.0106429087615972,0.0181481082209553,0,1,1
75,16,4441.0,0.0033597589180725,0.0100003595201111,0.0068947762914524,-0.0080680169063399,0.0090000740736672,0.0152070272617515,-0.0101778993146512,0.0214636819082099,0,1,1
75,17,4442.0,0.0028037163624293,0.008184126738512,0.0057672800367413,-0.0068740239673984,0.0074263863713181,0.012728760685191,-0.0082449620328912,0.0177194174309984,0,1,1
75,18,4443.0,0.0037344234665347,0.0096746968532551,0.007762810675297,-0.0101427331959592,0.0092879314985599,0.0171292951839399,-0.0094100230945879,0.0223708480077896,0,1,1
75,19,4444.0,0.0027599742536305,0.0065078259160603,0.0056787687610621,-0.0078228581410834,0.0062859929841445,0.0121040297600938,-0.0057663316236361,0.0145541967974128,0,1,1
75,20,4445.0,0.0043664759967096,0.0071183679683342,0.0091805408006152,-0.01494921010469,0.0082323386242052,0.0194214258557047,-0.0045515951094516,0.018828494241608,1,1,1
75,21,4446.0,0.0052243724056148,0.0067053591116215,0.0108392790789458,-0.0187770613842678,0.0084575407107678,0.0219764995389638,-0.0028385936192006,0.0184656766445728,1,1,1
75,22,4447.0,0.0053907694963918,0.0007197762998425,0.0096398366096022,-0.0200105531443629,0.0026034561109755,0.0133996694738374,0.0057338142619099,-0.0001067512914329,1,1,1
75,23,4448.0,0.0057491283318981,0.0046388872508165,0.0117473051162752,-0.0221823197758657,0.0070013654404844,0.0221827727015938,0.0017178025661663,0.0125207642374539,1,1,1
75,24,4449.0,0.005220151338407,0.0023332942918035,0.0104254776997181,-0.0209395043168865,0.0044705710459054,0.0178492676659779,0.0050381643075885,0.0045291169775009,1,1,1
75,25,4450.0,0.0035454487548197,0.002635845838112,0.0070598441966745,-0.0133933529534468,0.0039248899686264,0.0126083484688753,0.0011065159837592,0.0065843662776409,1,1,1
75,26,4451.0,0.0063752491305817,-0.0018849866688789,0.0103659801296043,-0.0232011790519484,-0.0008136785774698,0.0078226581878826,0.0101812348091547,-0.0130451880969125,1,1,1
75,27,4452.0,0.0063460291246377,-0.0043408873986715,0.0081073605687217,-0.0191533693366634,-0.0031048260682334,0.000719607184669,0.0087963589159243,-0.0157162655567792,1,1,1
75,28,4453.0,0.0090565446767873,-0.0058011874679018,0.0129112964336217,-0.030797971891989,-0.0059855163742522,-0.0009109218608103,0.0154442699980421,-0.0303173628980191,1,1,1
75,29,4454.0,0.0073568593488198,-0.0057155189889672,0.0094886760527489,-0.0231900311710556,-0.0062346770192018,-0.0053216912454177,0.010826626852257,-0.0247103402168768,1,1,1
75,30,4455.0,0.0074413685867134,-0.0060344062937721,0.0092799028399802,-0.0228078264696277,-0.0065518119729712,-0.0064492735088692,0.0101644736600211,-0.0239702003795889,1,1,1
75,31,4456.0,0.0074605264896691,-0.006945452963348,0.0071939360152259,-0.0177216037248631,-0.0053059521183324,-0.0065218559026983,0.0048797337865569,-0.0114158656070859,1,1,1
75,32,4457.0,0.009982337348502,-0.0099361972987922,0.010461515569712,-0.0268042967835426,-0.011089160466434,-0.0169279486450828,0.0095386595212786,-0.0296260369853177,1,1,1
75,33,4458.0,0.0079053517829081,-0.0101884122966187,0.0052988789478272,-0.0150640737957569,-0.0109197047495391,-0.0232115942256234,-0.0006997985768881,-0.0105161764801002,1,2,2
75,34,4459.0,0.0112954571152177,-0.0162104702483966,0.0054749322967936,-0.0172452799678048,-0.0174998384822763,-0.0413637806917543,-0.0077734479886737,-0.0041842038292411,1,2,2
75,35,4460.0,0.0101131376877201,-0.0144824575555927,0.0048595159783884,-0.0152743983955108,-0.0153737062120501,-0.0363469288671248,-0.007160290954929,-0.0021708202522991,1,2,2
75,36,4461.0,0.0110877906583239,-0.0172543232424712,0.0031439571468723,-0.0118557611434353,-0.0168990496260796,-0.0432328219349775,-0.0144623644883218,0.0139670179380402,2,2,2
75,37,4462.0,0.0116655184431292,-0.0169323004049432,0.0053484102485985,-0.0171235603344398,-0.0180827963991167,-0.0432197681738232,-0.0090249792923524,-0.0017953838523862,1,2,2
75,38,4463.0,0.0102796213495523,-0.0162951380931911,0.0022507657336851,-0.0093323125981791,-0.0146574768337556,-0.0379996887843204,-0.0137730429562186,0.0159103102151666,2,2,2
75,39,4464.0,0.0118892799768879,-0.0192243378347746,0.0020507680040053,-0.0095973580429014,-0.0172065284375036,-0.0455577618419952,-0.0181120385406639,0.0236517253101945,2,2,2
75,40,4465.0,0.012243329045118,-0.0224082771338697,-0.0033943278176138,0.0037012441211286,-0.0102307633451165,-0.0322671616753759,-0.0235086352768239,0.0551384883062892,2,2,2
75,41,4466.0,0.0121138308898137,-0.0234730587824259,-0.0066921363455812,0.0123830174298413,-0.0013741874488097,-0.0085024671052887,-0.0112426234914166,0.0312822934056372,2,2,2
75,42,4467.0,0.0104255633426414,-0.0212430857538737,-0.0085102299415839,0.0179169440491124,0.0066864031375184,0.0144119518189465,0.003612574842015,-0.0045181531301465,2,2,2
75,43,4468.0,0.0089533132033935,-0.0183295301493035,-0.007537126165407,0.0159906096260066,0.0063971039667474,0.0141839918308598,0.0042012268931153,-0.0064650026400749,2,2,2
75,44,4469.0,0.0089383595162052,-0.0182485096951005,-0.0074197497470965,0.0157055179508371,0.0062314570339597,0.0138238804384557,0.0041646860676339,-0.0065613055303183,2,2,2
75,45,4470.0,0.0086020242589414,-0.0164086890473678,-0.0046053316068888,0.0087543178384725,0.0014145153861315,0.0023700397917165,0.0007025539741492,-0.0020320234721143,2,2,2
75,46,4471.0,0.0089126991652506,-0.0181109026510692,-0.0072273525783974,0.0152402449069938,0.0059436408981502,0.013151183871984,0.0039475032052668,-0.0062180853528294,2,2,2
75,47,4472.0,0.012070819865688,-0.022179410207476,-0.0050312103747803,0.008918602694184,0.0002028582952926,-0.000966353855436,-0.0015369340440199,0.0038606514440494,2,2,2
75,48,4473.0,0.0089305079817109,-0.0182085064790217,-0.0073780173926733,0.0156132198727866,0.0062063735294661,0.0137792448840361,0.0041422757451128,-0.0064800452336152,2,2,2
75,49,4474.0,0.0089553865018973,-0.0183423406472157,-0.0075685877071611,0.0160766775780927,0.0065090333713557,0.0145029009932859,0.004406720902418,-0.0069492618395986,2,2,2
75,50,4475.0,0.0089562979856414,-0.0183471103283889,-0.007574509262855,0.0160905887764255,0.0065167133136107,0.0145213423804141,0.004416332274814,-0.0069732172695859,2,2,2
75,51,4476.0,0.008942050381858,-0.0182688053927093,-0.0074522621616879,0.0157872693735906,0.006301310138521,0.0140069080169747,0.0042615505641873,-0.0067778667597836,2,2,2
75,52,4477.0,0.0086055489326283,-0.016427580272741,-0.0046318752962494,0.0088187582015036,0.0014575235298503,0.0024753024186168,0.0007489273378195,-0.0021310301144053,2,2,2
75,53,4478.0,0.0089386359602037,-0.0182499423499293,-0.0074219192770704,0.0157112977651041,0.0062427758047624,0.0138626497918636,0.004211450343413,-0.0067125581299271,2,2,2
75,54,4479.0,0.008940383706545,-0.0182595739074407,-0.0074369756762283,0.0157485539844284,0.0062679511881774,0.01392155463326,0.004230968654551,-0.0067606265477069,2,2,2
75,55,4480.0,0.0086519905085586,-0.0166840898444649,-0.0050391301429559,0.0098318906463429,0.0021822476038474,0.0042127123783584,0.0013622745235429,-0.0034309951091397,2,2,2
75,56,4481.0,0.009250358922757,-0.0179769588816373,-0.0054226278991927,0.0104078930419559,0.0010830218797963,0.0004468540681097,-0.0014652301227141,0.0016910635151728,2,2,2
75,57,4482.0,0.0089024707851236,-0.0181980539058522,-0.007428074019393,0.0157297030674799,0.0062206784795184,0.0137618620287529,0.0041004330205484,-0.0065083734134386,2,2,2
75,58,4483.0,0.008665970263989,-0.0177567655570445,-0.0073349660353105,0.0155815905039889,0.0063012134140212,0.0140297963560743,0.0042537143285633,-0.0067200907937998,2,2,2
76,0,4484.0,0.0005338470711749,0.0111707119562996,-0.0007283130906036,0.0069434482341758,0.0009409370832946,-0.0045646083616552,-0.0010220705031586,-0.0051117886156858,0,0,0
76,1,4485.0,0.0004304393460132,0.0133212499695968,-0.0014880294091556,0.0087384772159727,-0.0002879607037549,-0.0062629192471085,0.001754830325693,-0.0077983955640328,0,0,0
76,2,4486.0,0.0005247090452207,0.0193642884238565,-0.002458252912819,0.0128316591161289,-0.0011240550743964,-0.0093214840364048,0.0039957295019674,-0.0117435249717295,0,0,0
76,3,4487.0,0.0008249697694491,0.0161833678376446,-0.0008988731495104,0.0099015008826605,0.0016934499883293,-0.0063335240664475,-0.0021725932186954,-0.0068317899690471,0,0,0
76,4,4488.0,0.0005164257575539,0.016517266831869,-0.0018925324619647,0.0108202461974949,-0.0004848005196064,-0.00773105609734,0.0024236765945923,-0.0095711191547788,0,0,0
76,5,4489.0,0.0004374144477445,0.0130369375942097,-0.0014042252857194,0.0084827266077128,-0.0001725805424226,-0.0060011095638943,0.0014673780359999,-0.0073527336569113,0,0,0
76,6,4490.0,0.0008200323865461,0.0141801146328595,-0.0004916265925045,0.0083491948085624,0.0020956417773968,-0.0049712355788067,-0.0031911693482818,-0.0047968810761464,0,0,0
76,7,4491.0,0.0007452150977638,0.0116830944342266,-0.0001922497972334,0.0066016645136519,0.0021388086137081,-0.0036069746906375,-0.0034856541541558,-0.0029532891284574,0,0,0
76,8,4492.0,0.0015475386452822,0.0167939879218032,0.0011445354449077,0.0074375053134201,0.0055744329181091,-0.001738528062517,-0.0098829202514117,0.0023403414403756,0,0,0
76,9,4493.0,0.0011427966022237,0.0143809679665891,0.0004423903721638,0.007202920377464,0.0038878628080322,-0.0028594710113328,-0.0068099433359473,-0.0005324950512051,0,0,0
76,10,4494.0,0.0017132956821667,0.0187283012105702,0.001247931675624,0.0083699797007029,0.0062188111034941,-0.0020255778518182,-0.0111084667300418,0.0025598907044264,0,0,0
76,11,4495.0,0.0012668186417567,0.0098035830515325,0.001681191547431,0.0025070125094843,0.004573817054029,0.0017478524425002,-0.0077493545663707,0.0058499456386314,0,0,0
76,12,4496.0,0.0022339262352552,0.0131622568626478,0.0036970111793869,0.0005418593946778,0.0077021499761333,0.0063976104107268,-0.0121197025583322,0.0137681306117604,0,0,0
76,13,4497.0,0.00157482452308,0.0124376102267788,0.0020190048920816,0.0033271555230451,0.0055468289317097,0.0018945592986415,-0.009249839200288,0.0066318900173912,0,0,0
76,14,4498.0,0.0026282935613079,0.0080074833284654,0.0052853890925249,-0.0060135276576424,0.0068408463283119,0.0113031047508265,-0.0076374107732417,0.0156096956095416,0,1,1
76,15,4499.0,0.0030236369708987,0.0154929536217501,0.005350097847589,-0.0014019178221476,0.0099326534250542,0.0101604839453565,-0.0147877487565345,0.0193607912242766,0,1,1
76,16,4500.0,0.0034398883918101,0.0081477137871244,0.007182663450342,-0.0099383915637941,0.0080976819627651,0.0157571200274097,-0.0074765698194528,0.0193865422128295,0,1,1
76,17,4501.0,0.003614310480748,0.0089652002920597,0.0075178058114437,-0.0101115393465445,0.008702796632237,0.0164834147979927,-0.0083679623457162,0.0207363097156097,0,1,1
76,18,4502.0,0.0031172294086558,0.0113136086193709,0.0061788177642162,-0.005704852578139,0.0091185292419345,0.0133112779974713,-0.0116643471168792,0.0208503338048021,0,1,1
76,19,4503.0,0.0026798654583423,0.0085602481881442,0.0054295194315862,-0.0059066100005542,0.0073877156702795,0.0118540819713212,-0.008762518774747,0.0173308985129605,0,1,1
76,20,4504.0,0.0035150666990502,0.0072134070996108,0.0073168903939945,-0.0108617112539119,0.0074805059636814,0.0156107513292983,-0.0059095750776667,0.0173766184832772,0,1,1
76,21,4505.0,0.0027004019779626,0.0053705711879262,0.0056704854827376,-0.008562021204282,0.0057442787832889,0.0122574372896246,-0.0043820636666642,0.0135804228899156,0,1,1
76,22,4506.0,0.0026561279569453,0.004704984148278,0.0055170445898535,-0.0086901998296001,0.0051316216623919,0.0115129177041061,-0.003309830064214,0.0116067965197618,0,1,1
76,23,4507.0,0.0057076663796303,0.0047514995983173,0.0117995822635804,-0.0222611415094731,0.0071606311861882,0.0226511699545654,0.0017664071018132,0.0129081789365936,1,1,1
76,24,4508.0,0.0055577106973032,0.0043030667280956,0.0112888665577228,-0.0214198226147089,0.006502153051871,0.0209165014021793,0.0019521780356078,0.0111102843649691,1,1,1
76,25,4509.0,0.0063328636241685,0.0004437522647669,0.0116768049423418,-0.0247837894410925,0.0023436757094299,0.0154315823089215,0.0090011629928863,-0.0045630154925427,1,1,1
76,26,4510.0,0.0084698742796669,-0.0030965874878967,0.0137353022580433,-0.0312270412266642,-0.0020134964036931,0.0088489060178795,0.0147590863104285,-0.020605634984592,1,1,1
76,27,4511.0,0.007181104032796,-0.0006698197181128,0.0128091489056769,-0.0279150207382517,0.0011279985594132,0.0144424881222092,0.0115564125763294,-0.0098084067887326,1,1,1
76,28,4512.0,0.0059217417336372,-0.0001613323369879,0.0107648386302489,-0.0232240022552578,0.001525969082844,0.0133124723240678,0.0092690219629184,-0.0064232336061358,1,1,1
76,29,4513.0,0.0087636550503308,-0.0031650670094016,0.0142578766699434,-0.0323955690399136,-0.0019905217689149,0.0094656166542764,0.015373286655528,-0.0212245695421263,1,1,1
76,30,4514.0,0.0067557333606579,-0.0046659117401214,0.0091442088434251,-0.0219197592965057,-0.0045876899585008,-0.0016475926847192,0.0103940869766389,-0.0206222074195066,1,1,1
76,31,4515.0,0.0087602909425303,-0.0058826619768691,0.0122028240107277,-0.0292487191100555,-0.0061172717875857,-0.0020406487673731,0.0144072130984048,-0.0290894837535967,1,1,1
76,32,4516.0,0.0065278947150374,-0.0051859610501917,0.008086008044459,-0.019720829124096,-0.0050864409304843,-0.0040176825299782,0.0089963111370095,-0.0198629815982248,1,1,1
76,33,4517.0,0.0074507625087067,-0.0092373093592936,0.0044855811517508,-0.0122069522936762,-0.0062518310817877,-0.0112545327241607,0.0017198210405838,-0.0072080498389236,1,2,2
76,34,4518.0,0.0089121851944756,-0.0082515382033077,0.0099461805641127,-0.0250132291408231,-0.0088392407206033,-0.0115796336258913,0.0100636888682598,-0.0270866337064364,1,1,1
76,35,4519.0,0.0071809969989912,-0.0081056349855389,0.0053664339020888,-0.0139948364429487,-0.0061190424717324,-0.0102645131750094,0.002630507874035,-0.0092844342065957,1,2,2
76,36,4520.0,0.0095180737585992,-0.011835796326101,0.0070777882208586,-0.0196956261592034,-0.0129553768185438,-0.0261735315593638,0.0020306976028744,-0.0195408494647362,1,2,2
76,37,4521.0,0.0069533199528399,-0.0081902342078718,0.005515994196425,-0.0148904675041215,-0.0084787285578137,-0.0162583654545073,0.0019277825393424,-0.012146377721264,1,2,2
76,38,4522.0,0.0078143018161351,-0.0125215622480015,0.0014374357712752,-0.0064332199805293,-0.0109292272177311,-0.0287311211463037,-0.0113026475145182,0.0150362223065704,2,2,2
76,39,4523.0,0.0107464956920563,-0.0168898212801697,0.0027558882841272,-0.0108136692596193,-0.0162313560572994,-0.041879844968337,-0.0146253254744499,0.0153338895093739,2,2,2
76,40,4524.0,0.0105409328712208,-0.0178509961448612,-0.0001310720072557,-0.003511083567004,-0.0112166226035983,-0.0306223428005692,-0.0138581509795732,0.0223373058555727,2,2,2
76,41,4525.0,0.0080117615143371,-0.0117333685021429,0.0029445450458975,-0.0096341000834804,-0.0095945199183805,-0.0222465028795806,-0.0039258758953056,-0.0014726642402518,1,2,2
76,42,4526.0,0.0096909746078543,-0.015593516262036,0.0005473169950446,-0.0041736447982061,-0.0071244272228705,-0.0174714978391421,-0.0051966941019809,0.0065769852225391,2,2,2
76,43,4527.0,0.0104066447322162,-0.0193317972841421,-0.0037803927201239,0.005589812185417,-0.0056160930801214,-0.0187421706038042,-0.0147836476182195,0.0360214740237141,2,2,2
76,44,4528.0,0.0122046438149405,-0.022601230705267,-0.0042877747536841,0.0062161370475065,-0.0064155578874765,-0.0208920508913215,-0.0148667480712152,0.0331307251000382,2,2,2
76,45,4529.0,0.0089042791269601,-0.0180544980952635,-0.0070558534579527,0.0147555559582076,0.0052176631220039,0.0110267975089967,0.0024884566506042,-0.002752050458374,2,2,2
76,46,4530.0,0.0119210197109862,-0.0224034371765253,-0.0048543306070282,0.0076809902067232,-0.0058177474049817,-0.0203914945658395,-0.017689038384094,0.0450689281000338,2,2,2
76,47,4531.0,0.0091398776261445,-0.0168523834805655,-0.0035569406506017,0.0058815352638356,-0.0016518938830622,-0.0059039896525416,-0.0039022589687146,0.0080251057882624,2,2,2
76,48,4532.0,0.0089314600351515,-0.0182102787094736,-0.0073552552767274,0.0155406483706131,0.006070567929245,0.0133852732277333,0.0039059827350529,-0.0059778572473528,2,2,2
76,49,4533.0,0.0089558753432092,-0.018344230488431,-0.0075652908032095,0.0160642812102907,0.0064750724947772,0.0143977324558223,0.0043269958885237,-0.0067540567596699,2,2,2
76,50,4534.0,0.0089595756522511,-0.018364799868139,-0.0075998064619056,0.016151949825359,0.006553520392367,0.0146042632107716,0.0044341218979415,-0.0069848925130142,2,2,2
76,51,4535.0,0.0089616526745084,-0.0183762008174351,-0.0076177437449803,0.0161967205180374,0.0065885224342917,0.0146923213315803,0.0044717409876468,-0.0070558226111274,2,2,2
76,52,4536.0,0.0089601065380635,-0.0183677301596624,-0.0076047014385761,0.0161644626852319,0.0065660376808565,0.0146388656905842,0.0044559041692571,-0.007036230793778,2,2,2
76,53,4537.0,0.008956426991657,-0.0183475289191836,-0.0075730818673121,0.0160857840365244,0.0065072945880113,0.0144946028240667,0.0044032027356601,-0.0069527361080061,2,2,2
76,54,4538.0,0.0089356445831456,-0.0182338131836369,-0.0073986070831054,0.0156543172849725,0.0062034276751932,0.0137660274232015,0.0041695287728803,-0.0066224525211424,2,2,2
76,55,4539.0,0.0125774694380317,-0.023832183423905,-0.006378348894582,0.0119052208395255,0.0013968713012992,0.0018346304434928,0.0004790004177678,-0.0021807560068422,2,2,2
76,56,4540.0,0.0109208770352421,-0.0201636241154235,-0.0042357892340547,0.0069455873436385,-0.0022445796097833,-0.0078170200987413,-0.0048234105464323,0.0088052182506315,2,2,2
76,57,4541.0,0.0116377562200555,-0.0214426478602722,-0.004911415454169,0.0087107757268708,9.679514697051318e-05,-0.0012854938619782,-0.0017330801601135,0.0042063440085636,2,2,2
76,58,4542.0,0.0086354985474427,-0.0175925736991112,-0.0070995086139364,0.0150080711449327,0.005923691016336,0.013125808157945,0.0039205989187362,-0.0061147975766916,2,2,2
77,0,4543.0,0.0007590690965409,0.0160347919290984,-0.0010684285718642,0.0099135635970407,0.0012448859953537,-0.0064717880204749,-0.0012122948420511,-0.0072064696955895,0,0,0
77,1,4544.0,0.0006531028603275,0.0118684097702827,-0.0005116441363963,0.0071364170309012,0.0015775099116049,-0.0044137335857522,-0.0023228062609183,-0.0045073545522417,0,0,0
77,2,4545.0,0.001091828100537,0.017201459057556,-0.0002967019299578,0.0098061661462952,0.0031811962985382,-0.0054445910209145,-0.0052509411654948,-0.0045702466615251,0,0,0
77,3,4546.0,0.0009702318820023,0.0165953516279652,-0.0005411094861797,0.0098017763995591,0.0025799015086707,-0.005855910455855,-0.0040483290906112,-0.0056465498381142,0,0,0
77,4,4547.0,0.0010455812853531,0.0215454670164589,-0.0013555530161865,0.0133754323500565,0.0019456827652552,-0.0087694867805107,-0.0022662070393532,-0.0097766012852271,0,0,0
77,5,4548.0,0.0014352348242857,0.0199233630677038,0.0001761791358602,0.0107143916821124,0.0047126371595356,-0.0051757762078498,-0.0082348422623442,-0.0029800024853228,0,0,0
77,6,4549.0,0.0009663370248651,0.0150696070424505,-0.0002305972205655,0.0085517172915976,0.0028411104307166,-0.0047026462291784,-0.0047089923684539,-0.003868581691022,0,0,0
77,7,4550.0,0.0008695880005195,0.0127787097817208,-4.724942477702742e-05,0.0069833282067402,0.0026275749016037,-0.0035456079784192,-0.0043832328313001,-0.0024596582916177,0,0,0
77,8,4551.0,0.0008414689429817,0.0092474311524186,0.0005981796764539,0.0041446303577008,0.0030154171553895,-0.0010412430729911,-0.0053410468963168,0.0011287349228967,0,0,0
77,9,4552.0,0.0012598466013558,0.01282795677684,0.001097193023478,0.0053044308291827,0.0045856201279674,-0.0007375509726377,-0.0081074299101424,0.0028081025646011,0,0,0
77,10,4553.0,0.001342507080743,0.0086426842452129,0.002075251662608,0.0009998124932241,0.0045909749300771,0.0032037563549482,-0.0072467635607434,0.0073657858557269,0,0,0
77,11,4554.0,0.0011101050532396,0.0097555485651338,0.001266711659164,0.0032624345105332,0.0040783489307822,0.0006388286236344,-0.0070957849970898,0.0041647620478727,0,0,0
77,12,4555.0,0.0015049686332045,0.0095937821362575,0.0023665973615871,0.0010448117762498,0.0052737872789955,0.0037530805051048,-0.0084882636510305,0.0087554369347176,0,0,0
77,13,4556.0,0.0020087511798514,0.0090844024373085,0.0037281009155019,-0.0020355821663696,0.006315373795962,0.0074892685186497,-0.0089124789308151,0.0131024852554297,0,1,1
77,14,4557.0,0.0015901693143298,0.0120330901588142,0.0021590225196894,0.0028706347772542,0.0056950838107153,0.0024420761388378,-0.0095318489450584,0.0075763493326354,0,0,0
77,15,4558.0,0.0022870188823006,0.0108194531726536,0.0041851594145066,-0.0018878621782205,0.0073451562868039,0.0082883273280496,-0.0106284818540229,0.0150247775106992,0,1,1
77,16,4559.0,0.002874501704627,0.007947944498525,0.0058342257348112,-0.0072171496257145,0.0070782760765823,0.0124026153357988,-0.0073466693746286,0.0160706064078567,0,1,1
77,17,4560.0,0.0025513110437443,0.0079222568471116,0.0051696175158259,-0.0057866049530224,0.0068650952385432,0.0112134543041777,-0.0079216988773628,0.0159545236102741,0,1,1
77,18,4561.0,0.0019930840167427,0.0077999155280672,0.0038271961233964,-0.0030718543098095,0.0058112905281194,0.0078876996541989,-0.0075470577741125,0.0124299874839713,0,1,1
77,19,4562.0,0.0039686141364022,0.0069983095083942,0.0083533826806253,-0.0132481602165404,0.0078545490658079,0.0178682286898467,-0.004955613533202,0.0182335835781982,1,1,1
77,20,4563.0,0.0048704983388406,0.0081676189625129,0.0102800879793017,-0.0165785641130749,0.0094860431269317,0.0220332884135597,-0.0057505911363834,0.0223298985468554,1,1,1
77,21,4564.0,0.0029196095807948,0.0061533237346518,0.0061255839995637,-0.0089963916644679,0.0064697902352581,0.0133598448241368,-0.0053972498347467,0.0155619446202157,0,1,1
77,22,4565.0,0.0036750690040457,0.0040108572461399,0.007522520632433,-0.0134645914781408,0.0053039232730921,0.0146985244342314,-0.0008557362602327,0.0109049310722985,1,1,1
77,23,4566.0,0.0040967926338394,0.003874985574554,0.0082119016534921,-0.0150213095580951,0.0052338974883079,0.015228804900632,-8.411259519605374e-05,0.0099066715261288,1,1,1
77,24,4567.0,0.0053577738392908,0.0043385448616454,0.010985527397119,-0.0207378082295604,0.0066330890475378,0.0209446343687752,0.0014565911588137,0.012280253568275,1,1,1
77,25,4568.0,0.0057074525641383,0.0048086527091849,0.0116829524988054,-0.0219201033473704,0.0071493237625446,0.0222238890675051,0.0012673884290663,0.0132317524537691,1,1,1
77,26,4569.0,0.0048861771356925,0.0008321949290606,0.0087944545812444,-0.0181715065744753,0.0023936237493415,0.0120571506852684,0.0050117811286167,-0.0001072876465875,1,1,1
77,27,4570.0,0.005536460146978,0.0005129704714476,0.0093187155888919,-0.0191985858503117,0.0023343473466355,0.0116687843588411,0.0040174021388986,0.0017059694902868,1,1,1
77,28,4571.0,0.0066917252274649,-0.0008062708490735,0.0116611741238582,-0.0254177090559895,0.0009782698326998,0.0129543295250863,0.0103718059365905,-0.0087413805838555,1,1,1
77,29,4572.0,0.0087277708054901,-0.004417566949839,0.0133215047616902,-0.0310151299378976,-0.0039411414235726,0.0042372473627667,0.0154054312095013,-0.0259318619672515,1,1,1
77,30,4573.0,0.0091946183821604,-0.0057388744072223,0.0131150329763696,-0.0311374506675156,-0.005690283129622,-0.0001514656032074,0.0152026828673977,-0.028836862761625,1,1,1
77,31,4574.0,0.0092894811744589,-0.0063354177500531,0.0129129216549919,-0.0310418380999459,-0.006766755938775,-0.0028326664078964,0.0154052237327685,-0.0318408214483619,1,1,1
77,32,4575.0,0.0082579296437879,-0.0041824434039255,0.0125172172705035,-0.0290995447345449,-0.0036177449693355,0.0040567303149915,0.0141059677423409,-0.0233804514352695,1,1,1
77,33,4576.0,0.0072228238296173,-0.001784140186373,0.0121023642936367,-0.0269248196823661,-0.0003258421920828,0.0107153271130157,0.0118154366456311,-0.0134336776478107,1,1,1
77,34,4577.0,0.0073982268524197,-0.0066210678878467,0.007864019628492,-0.0193485028831375,-0.0052477836945294,-0.0047747555993977,0.0080993206913949,-0.018144974408085,1,1,1
77,35,4578.0,0.0072577708957997,-0.0057923776309845,0.0092201225351382,-0.0226318142930995,-0.0063672376324548,-0.005929597859391,0.010490128573658,-0.0245360442932321,1,1,1
77,36,4579.0,0.010770268296813,-0.0121432127439877,0.0096180475306116,-0.0256165645276583,-0.0136432833385012,-0.0248454758841838,0.0061284352067643,-0.0274171765690873,1,2,2
77,37,4580.0,0.0096774662931225,-0.0140403734037486,0.004225555058047,-0.0135520520098364,-0.0141303770327752,-0.0337307268702648,-0.0074607271494162,0.0007293420504067,1,2,2
77,38,4581.0,0.0082114941389267,-0.0108767489220784,0.0042572942076856,-0.0121747224947692,-0.0074820377992038,-0.014316048759649,0.0018176744318484,-0.0106527107245577,1,2,2
77,39,4582.0,0.0077374838385645,-0.0112678423793722,0.0024461771545431,-0.0080292096474203,-0.0074778124618299,-0.0170592087941555,-0.0032161484639843,0.0005565250728059,1,2,2
77,40,4583.0,0.0117880580097402,-0.0193624447907697,0.0012948790138695,-0.0076319485319574,-0.0157496016242851,-0.0423270614426579,-0.018210524539169,0.0268606066351416,2,2,2
77,41,4584.0,0.0117522676578573,-0.0192285416354781,0.0014715657423732,-0.0080670964950012,-0.0160043813590078,-0.0428364085887007,-0.0180520184403073,0.0258453154761557,2,2,2
77,42,4585.0,0.0116791488631348,-0.0188222954261349,0.0021504973521859,-0.0097659306670885,-0.0170960337486173,-0.045130020533258,-0.0176392705375131,0.0223244224116652,2,2,2
77,43,4586.0,0.0106594559065954,-0.0178556724266143,0.0005715890713947,-0.0055079837522611,-0.0138909790072705,-0.0380466033156296,-0.0175666927867756,0.0278904687176866,2,2,2
77,44,4587.0,0.0074314096283937,-0.0139208618243745,-0.0032262987930357,0.0055280038179443,-0.0012806379149207,-0.0050138297581217,-0.0037147783894196,0.0076225747188412,2,2,2
77,45,4588.0,0.0083795426320564,-0.0151664608902813,-0.0024884572562835,0.0033654734998292,-0.003371108466804,-0.0100812716385722,-0.0051109904630217,0.0087632588518277,2,2,2
77,46,4589.0,0.0073320733965855,-0.0142023298449938,-0.0043522689007161,0.0084912069800553,0.0016132664528507,0.0026074154759191,-4.052029950808429e-05,0.0004650026265475,2,2,2
77,47,4590.0,0.0089412722047817,-0.0182639538323244,-0.0074391129165871,0.015750144570844,0.0062412271051761,0.0138256927857773,0.004127280735911,-0.0064693938743835,2,2,2
77,48,4591.0,0.0089570367640198,-0.018350741064628,-0.0075769759892133,0.0160946662220469,0.0065086893360862,0.0144930306659083,0.00439307166795,-0.0069238575581823,2,2,2
77,49,4592.0,0.0089606476631883,-0.0183706636991851,-0.0076089191587029,0.016174651912207,0.00657132615365,0.0146493938296604,0.0044547497985366,-0.0070275499063627,2,2,2
77,50,4593.0,0.0089620083334946,-0.0183781526746027,-0.0076207981818645,0.0162043242926677,0.0065942669129519,0.0147065416267803,0.0044773290835121,-0.0070658527487326,2,2,2
77,51,4594.0,0.0089621677668152,-0.0183790318799646,-0.0076222054686304,0.0162078474203842,0.0065970316603033,0.0147134581302507,0.0044801039343204,-0.0070706060170262,2,2,2
77,52,4595.0,0.0089621989898464,-0.0183792042789236,-0.0076224829502619,0.0162085429704736,0.0065975812034147,0.014714834618119,0.0044806564319367,-0.0070715491392983,2,2,2
77,53,4596.0,0.0089622069089754,-0.0183792479650716,-0.0076225529746023,0.0162087183246242,0.0065977189491334,0.014715179197735,0.0044807943895029,-0.0070717845670894,2,2,2
77,54,4597.0,0.0089622074665932,-0.0183792510331328,-0.0076225577958742,0.0162087303124992,0.0065977276551612,0.0147152001992932,0.004480801019935,-0.0070717926766005,2,2,2
77,55,4598.0,0.0089622035523935,-0.0183792293503145,-0.0076225221490229,0.0162086403393402,0.0065976517085624,0.0147150048459092,0.0044807111569199,-0.0070716191325016,2,2,2
77,56,4599.0,0.0089441846068097,-0.0183421516850595,-0.0076069022601108,0.0161752982898928,0.0065837314073232,0.0146837321546131,0.0044709308198633,-0.0070559230797129,2,2,2
77,57,4600.0,0.0089189591008974,-0.0182901848292862,-0.0075848931741031,0.0161282570432302,0.0065639247168495,0.0146391289774006,0.0044568596258067,-0.0070332195659074,2,2,2
77,58,4601.0,0.0086697164936031,-0.0177775806111708,-0.0073694589133228,0.0156686621521298,0.0063727867257558,0.0142102050157229,0.0043232688852947,-0.0068193830847172,2,2,2
78,0,4602.0,0.0014594464364605,0.0150519113153649,0.0012335310306767,0.0063231861894143,0.005311376280096,-0.0010182524004388,-0.0094193611338014,0.003056764895161,0,0,0
78,1,4603.0,0.0015642698870467,0.0142483801328598,0.0016956292728462,0.005066601576098,0.0057875384570629,0.0004989969193321,-0.0101754250872345,0.0054462632182336,0,0,0
78,2,4604.0,0.0015445479558021,0.0139408512690645,0.0017023616173649,0.0048772314008683,0.0057322175728364,0.000629580086821,-0.0101007545281977,0.005626553176045,0,0,0
78,3,4605.0,0.0020133766960028,0.0201125908852997,0.0018527746962001,0.0081486176329752,0.0074907300725921,-0.0007869793302245,-0.0134107147353574,0.0053260865268889,0,0,0
78,4,4606.0,0.0012528922953623,0.0115936981016232,0.0013104373120421,0.0041819451494875,0.0045304829285796,0.0002604328759498,-0.0078537268025472,0.0040353199104078,0,0,0
78,5,4607.0,0.0020346167883304,0.0107168797526557,0.0035294683264712,-0.0006689578540875,0.0066063468997989,0.0065078482547415,-0.0097566691728957,0.0123737512076337,0,0,0
78,6,4608.0,0.0015401766532394,0.0121459920462545,0.0020105366016219,0.0032469285689343,0.0055965814050723,0.00198934501047,-0.0095221248173649,0.0070164516656728,0,0,0
78,7,4609.0,0.0012112837212354,0.0122476687706311,0.0010774151717443,0.005026563073585,0.0044471990054475,-0.0006187455003173,-0.0079030925202612,0.0028988687707693,0,0,0
78,8,4610.0,0.0014880873415283,0.0130825968315145,0.0017035220949255,0.0043881666877036,0.0055108707861345,0.0008640832479266,-0.0096473759803668,0.0056747007191883,0,0,0
78,9,4611.0,0.0036655770288298,0.0181695955867126,0.0066138045122299,-0.0023054828208559,0.0120482613442139,0.0129339250153921,-0.0178150910566757,0.0243024609942845,0,1,1
78,10,4612.0,0.0014041566215013,0.0123034297862464,0.0015959640647183,0.0040748599987735,0.0050735245742228,0.0008097631939097,-0.0087190673263225,0.0051089978414016,0,0,0
78,11,4613.0,0.0027021058598256,0.0122245608751859,0.00501467063036,-0.0027605428390601,0.0084688475898517,0.0101139614313938,-0.0118750936969872,0.0176460958848754,0,1,1
78,12,4614.0,0.0014908967527115,0.0120559661286466,0.0018848908394642,0.0033832706326845,0.0053619816249267,0.0017161742307889,-0.0090634784066094,0.006477963158549,0,0,0
78,13,4615.0,0.0008666576946781,0.0094671842793035,0.0005871064275786,0.0040974936807234,0.0027951430889182,-0.0010072226430184,-0.0045578250615747,0.0007852000116437,0,0,0
78,14,4616.0,0.0024053996362872,0.0117303303212922,0.004347556819513,-0.0016923039684646,0.0077528981451832,0.008517923256208,-0.0112384693158874,0.0156139785024172,0,1,1
78,15,4617.0,0.0024623667487043,0.0090459865587163,0.0048482159312259,-0.0044029938962443,0.0071424567340392,0.0103602147921195,-0.0090560634769794,0.0161039697918755,0,1,1
78,16,4618.0,0.0011416210289608,0.0090762198769493,0.0014517405101025,0.0024528599406035,0.0040022236369609,0.0013394189207692,-0.0066414756592574,0.0047317290738885,0,0,0
78,17,4619.0,0.0018385863508373,0.0126423396930594,0.0027270296859011,0.0021304977379586,0.0065062164413221,0.0038582880451168,-0.0106460911283922,0.0099074435537531,0,0,0
78,18,4620.0,0.0017515808717987,0.0112265132477455,0.0027273790520672,0.001289734253913,0.0060774317136401,0.0042202685153289,-0.0097397304959953,0.0098284729882926,0,0,0
78,19,4621.0,0.0025661952190721,0.0077852503361559,0.0051848625811189,-0.0059335395170281,0.006715594052675,0.0111350371098196,-0.0075109306082306,0.0153836669449183,0,1,1
78,20,4622.0,0.0029232243387987,0.0119311659482787,0.0056160688735939,-0.0041463637781677,0.0089144557994323,0.0117281963736436,-0.012076765782572,0.0194796972067254,0,1,1
78,21,4623.0,0.0028494944937095,0.0084635086918883,0.0058151387719739,-0.0068099587473031,0.0075040597305725,0.0126773985652407,-0.0083469790731838,0.0175601940219374,0,1,1
78,22,4624.0,0.0032246608494899,0.0075273792595337,0.0066771742796161,-0.0092858966852293,0.0073682318332584,0.0143712115456955,-0.0066193121734387,0.0171534879808651,0,1,1
78,23,4625.0,0.0022886072768841,0.0085214764327829,0.0044967623292981,-0.0039831582420511,0.0067072364231223,0.0095825298417376,-0.0086305268943282,0.0150685238286072,0,1,1
78,24,4626.0,0.0036683087130594,0.0117235097427583,0.0074431586533303,-0.0081074305215435,0.0101354837278886,0.0162998405316934,-0.0120011800006841,0.0238381766822697,0,1,1
78,25,4627.0,0.0038638650272492,0.0088158080192683,0.0080897567721518,-0.0114272438850256,0.0089334607711725,0.017726795754967,-0.0079952058828536,0.0214121803902082,0,1,1
78,26,4628.0,0.0025538552558888,0.008219604014297,0.0051650703011943,-0.0055824702101061,0.0070369919987255,0.0112624800097656,-0.0083219671885808,0.0164372781277724,0,1,1
78,27,4629.0,0.0034725686296406,0.0152431627694197,0.0064722170091277,-0.0038742776261895,0.0106937280793014,0.0129751609353255,-0.0148592748823795,0.0221469960542583,0,1,1
78,28,4630.0,0.0047000646919906,0.0056175436046469,0.0097329280082954,-0.0171774016523626,0.00716183845633,0.019368848304474,-0.0014799264657594,0.0147325975723895,1,1,1
78,29,4631.0,0.006084017233201,0.0020510498971145,0.0118202765450728,-0.024097085827712,0.0042618725024493,0.0187527854363876,0.0066766686792331,0.00207605202344,1,1,1
78,30,4632.0,0.007233794828849,0.0035257125498559,0.0145606455556471,-0.0290911779854604,0.0065239647559485,0.0254053661459799,0.0067490491160616,0.0071433318604927,1,1,1
78,31,4633.0,0.005347492160871,0.0021999686969582,0.0106860021258759,-0.0216057686762146,0.0044275432448681,0.0182281875986972,0.005582951567032,0.0040550642992329,1,1,1
78,32,4634.0,0.0064757788068172,-0.0010156689685445,0.0111162998458644,-0.0243301089009344,0.0007357770942171,0.0119673085996759,0.0099720153917305,-0.0086576443969373,1,1,1
78,33,4635.0,0.0092937963349646,-0.0009940095678976,0.0166458323278694,-0.0364047620787476,0.0013823345453192,0.0189675155881435,0.0157226304249865,-0.0138071336033987,1,1,1
78,34,4636.0,0.0089605292625555,-0.0047896011428214,0.0135772890049753,-0.0318021621144416,-0.004496751866378,0.0033513730034989,0.0161307070247152,-0.0281485820765799,1,1,1
78,35,4637.0,0.0056694977315843,-0.0015818624907194,0.0092242917856699,-0.0205329246170052,-0.0003131766532564,0.0079120711932611,0.0087677790134834,-0.0098905667050817,1,1,1
78,36,4638.0,0.0083920068430396,-0.004901057627271,0.012188101454626,-0.0287074055125978,-0.0046253564828896,0.0013809409319531,0.0139783128062933,-0.0253284123582667,1,1,1
78,37,4639.0,0.0098138190055563,-0.0093603374634077,0.0107062978737838,-0.0271335813225075,-0.0102971954245473,-0.0145382968586639,0.0104371632813013,-0.0299606969741319,1,1,1
78,38,4640.0,0.0064147207690722,-0.0063103852334419,0.0052699816228726,-0.012902691513803,-0.003257850390594,-0.0032646745792865,0.00309107312953,-0.0052743701512123,1,1,1
78,39,4641.0,0.0071475329266897,-0.0077246578294722,0.0065139310681831,-0.0170011497667215,-0.0078786821666623,-0.0132555158256397,0.0047167389607177,-0.0169826518677842,1,2,2
78,40,4642.0,0.0092010825444195,-0.0114495915877541,0.0068489400391005,-0.0190889378614133,-0.0128741985256062,-0.0265132582823003,0.0008808777697131,-0.0165758735994211,1,2,2
78,41,4643.0,0.0111644883742904,-0.0161979521136189,0.0049315998803662,-0.0157865340430879,-0.0161821876194541,-0.0381672284803813,-0.0071477088116348,-0.0033874485539356,1,2,2
78,42,4644.0,0.0120001415697408,-0.0207024423402004,-0.0006071178259096,-0.0031360040319499,-0.0141728797122206,-0.0403671198287367,-0.0218978482861166,0.0413201140458171,2,2,2
78,43,4645.0,0.0118583096229731,-0.0198222448360868,0.0006697419914366,-0.0061729281546574,-0.0152570180066726,-0.0416603179500229,-0.0190622673522145,0.0302350332591104,2,2,2
78,44,4646.0,0.0093476369445452,-0.0149365168168794,0.0009013209307919,-0.0050328581926683,-0.0077734105204347,-0.0189641242379787,-0.0052145905281779,0.0051626388951122,2,2,2
78,45,4647.0,0.010691347346375,-0.0183772045656383,-0.0003930074009728,-0.0031622865642055,-0.0128405938777518,-0.0363839029996295,-0.0193403829193713,0.0357540581652244,2,2,2
78,46,4648.0,0.0116664277659296,-0.0202806891269201,-0.0009637641927949,-0.0020913008945168,-0.0130133225849836,-0.0374031627992467,-0.0208954711073981,0.0405399071873611,2,2,2
78,47,4649.0,0.0115874095972591,-0.0215166948561235,-0.0041833449635035,0.0061697337132361,-0.0060195250391057,-0.0198184211215799,-0.0145068162651737,0.0329069151803208,2,2,2
78,48,4650.0,0.0089094730598756,-0.0180831990317814,-0.0071027545419823,0.0148739698182488,0.0053207459689449,0.0112978187836948,0.0026346599755531,-0.0030891916279657,2,2,2
78,49,4651.0,0.011824940532371,-0.0227076915131491,-0.0060565735138362,0.0108716696131068,-0.0024041689359124,-0.0110571639986348,-0.0122922243675694,0.0331032571149606,2,2,2
78,50,4652.0,0.0120352096039545,-0.0220380914605171,-0.0048609559601418,0.008504816990797,-0.0001140265933129,-0.0017983878757419,-0.0020226085600896,0.005046364865243,2,2,2
78,51,4653.0,0.0089295610476649,-0.0182030655235435,-0.0073669400913296,0.0155834902097125,0.0061669080541326,0.0136629437440766,0.0040545569350076,-0.0062534050409169,2,2,2
78,52,4654.0,0.0089559016528241,-0.0183449378341727,-0.007570512925437,0.0160798089007549,0.0064992661129634,0.0144660589914279,0.0043644283684864,-0.0068281920420064,2,2,2
78,53,4655.0,0.0089594332219729,-0.0183642969033048,-0.0076010111730814,0.0161561379982239,0.0065621684776274,0.0146289687182248,0.0044469645299683,-0.0070081856290498,2,2,2
78,54,4656.0,0.0089618867664843,-0.0183775170196525,-0.0076200194106375,0.0162025073672404,0.006593371218838,0.0147045078035707,0.0044763846541437,-0.0070632007659453,2,2,2
78,55,4657.0,0.0089621443525678,-0.0183789081657091,-0.0076220433258151,0.0162074603993332,0.0065967898718247,0.0147128579323616,0.0044797678790353,-0.0070697106371704,2,2,2
78,56,4658.0,0.0089441682773623,-0.0183420633844831,-0.0076067730078784,0.0161749814727561,0.0065835102174209,0.0146831899965161,0.0044707083246173,-0.007055491960258,2,2,2
78,57,4659.0,0.0089189565505989,-0.0182901710120871,-0.0075848727536149,0.0161282068613022,0.0065638889974936,0.0146390408672797,0.0044568225189441,-0.0070331464602004,2,2,2
78,58,4660.0,0.0086697160088822,-0.0177775779802093,-0.0073694549878791,0.0156686524801813,0.0063727796950888,0.0142101875474579,0.0043232613055503,-0.0068193678632148,2,2,2
79,0,4661.0,0.0007364129540885,0.0133019545810116,-0.0005587892835754,0.0079060116563683,0.0017484505884864,-0.0047924129043407,-0.0025435764171554,-0.0047597232887071,0,0,0
79,1,4662.0,0.0010275624952938,0.0159402384093786,-0.0002304797057075,0.0089975422858021,0.0029984072481603,-0.0049052715856246,-0.0049253348344025,-0.0040006903006953,0,0,0
79,2,4663.0,0.0006671879659499,0.0149376636517085,-0.0011120378091919,0.0093722931929487,0.0009410275597599,-0.0062582293872494,-0.0007103832185529,-0.0071517205040798,0,0,0
79,3,4664.0,0.001533471395979,0.021230128927753,0.000200174364029,0.0113694074520046,0.0050207393762258,-0.0054339851885131,-0.0087479731832028,-0.003025998915118,0,0,0
79,4,4665.0,0.0008324757764035,0.0152423612025288,-0.0006734288239762,0.0090964329830744,0.0019399487675603,-0.0055484172055216,-0.0027921537928599,-0.0055450997052183,0,0,0
79,5,4666.0,0.0005284656469118,0.0158055416038807,-0.0017099123537863,0.0102897568964126,-0.0002333806183012,-0.0072868617010592,0.0018461733976,-0.0089397133298729,0,0,0
79,6,4667.0,0.0006433718431957,0.0107766370338051,-0.0003118153209431,0.0062241333619738,0.001684539156934,-0.0035689717758709,-0.0026042069938749,-0.0032278103160657,0,0,0
79,7,4668.0,0.0011926920454831,0.0146780283925777,0.0005354387020979,0.007238945191115,0.0041400194667329,-0.0027058364189788,-0.0073357445506021,-6.737997334313117e-05,0,0,0
79,8,4669.0,0.0014099316852561,0.0188468879922293,0.0003232291955845,0.0098631957320238,0.0046980240417326,-0.0044338510037834,-0.0082154950889956,-0.0019391529657746,0,0,0
79,9,4670.0,0.0006991092368449,0.0182664470948115,-0.0017174758578978,0.0117583067245403,0.0003350104061772,-0.0081922688840239,0.0009000407389186,-0.0098862750150334,0,0,0
79,10,4671.0,0.0005370246056255,0.0119532472989184,-0.000880698815122,0.0074719596887622,0.0007577334538593,-0.0049586514489552,-0.0005685616218196,-0.0056196563853096,0,0,0
79,11,4672.0,0.0007045135942965,0.0150078002828535,-0.0010171118781937,0.009323235374768,0.0011506911511421,-0.0061287208987624,-0.0011185471392161,-0.0068735241559854,0,0,0
79,12,4673.0,0.0013857055144939,0.0155077822656458,0.0009265272407555,0.0070427918201231,0.0049063105934237,-0.0019043634297356,-0.0086483924421409,0.0015818153879527,0,0,0
79,13,4674.0,0.0008137613479233,0.014016472274997,-0.0004758280653535,0.0082402440727565,0.0020924053483742,-0.0048884982491591,-0.0032002088515954,-0.0046801701556139,0,0,0
79,14,4675.0,0.0011797497384188,0.0172649881680018,-4.5280456317037894e-05,0.009497067356083,0.0036577208899998,-0.0048738042363389,-0.0062002046579437,-0.0034279674479485,0,0,0
79,15,4676.0,0.0008754644333963,0.0103475147105813,0.0004741112120658,0.0049454392128927,0.0030542940018407,-0.0016720546829303,-0.0053756570207602,0.0003186151677227,0,0,0
79,16,4677.0,0.0014042876260045,0.0206424363748463,-7.096383630441514e-05,0.0114791828787141,0.0044226971672997,-0.0060268128023022,-0.00758237809011,-0.0044483131069353,0,0,0
79,17,4678.0,0.0013155519821744,0.0173331252765601,0.000356112161111,0.0090627455783184,0.0044905824175548,-0.0040536515130016,-0.0079614627712459,-0.0016968615860425,0,0,0
79,18,4679.0,0.0009932227200257,0.0131777619952906,0.000249577322385,0.0069101649756932,0.0033668874101825,-0.003117169421442,-0.0059473325469526,-0.0013657792461721,0,0,0
79,19,4680.0,0.0012284692606172,0.0140533409709727,0.0007614175979795,0.0065542914719817,0.0043617672485158,-0.0019996038696955,-0.0077304750811763,0.0009566979411004,0,0,0
79,20,4681.0,0.0014283439666865,0.0119751459131285,0.0017332444378553,0.0036560947890221,0.0052039558139589,0.0012897371646517,-0.0089398094533871,0.0058692081407318,0,0,0
79,21,4682.0,0.0021500203040134,0.0184518353848713,0.0025513753886623,0.0059212231710965,0.0079816698666204,0.0016518061440369,-0.0139469457720061,0.0087766215497685,0,0,0
79,22,4683.0,0.001061413750512,0.0113710176667247,0.0008109237277589,0.0049444971671358,0.0037935438033642,-0.001044124199171,-0.0066671552887275,0.0017749559917505,0,0,0
79,23,4684.0,0.0009774934437879,0.0147199890900063,-0.0001287682341547,0.0081111604128125,0.0028595355753285,-0.004208189573041,-0.0046824941466293,-0.0031075933723079,0,0,0
79,24,4685.0,0.0013277264367214,0.0160061128028573,0.0006645403871077,0.0078076066209852,0.004677935774432,-0.002805521833084,-0.0083340868646648,0.0002074947455076,0,0,0
79,25,4686.0,0.0012999702743277,0.0120360843808294,0.0013571379953772,0.0043396027989808,0.0046884959049141,0.0002705315343336,-0.0081082288917911,0.0041792871454165,0,0,0
79,26,4687.0,0.0009159415643584,0.0168455698895951,-0.0007645822150907,0.0101331400426062,0.0021169266083541,-0.0062972324177973,-0.0029879079578519,-0.006537855403418,0,0,0
79,27,4688.0,0.0008814157271364,0.0178581566222776,-0.0010785974627253,0.0110193381579072,0.0016924689253372,-0.0071517444902575,-0.0020360275389978,-0.0078687472757927,0,0,0
79,28,4689.0,0.0008348742626605,0.0164555677754465,-0.0009245363556935,0.0100845583225211,0.0017093365770615,-0.0064643271794028,-0.0021991280047656,-0.0069815849571158,0,0,0
79,29,4690.0,0.0004623795092001,0.016681264848835,-0.0020724547210274,0.0109634448605874,-0.0008550989899727,-0.0078550688481343,0.0031064516587928,-0.0097203716767111,0,0,0
79,30,4691.0,0.0005053907644001,0.0160890741944495,-0.0018414216187011,0.0105669018002559,-0.0004659998918252,-0.0075879243754855,0.0023852710063721,-0.0094693687337279,0,0,0
79,31,4692.0,0.0014125290791583,0.0218927878794847,-0.0003069360940154,0.0124034941010547,0.0041973231342465,-0.0067869215277146,-0.0069978306657344,-0.0055081309105578,0,0,0
79,32,4693.0,0.0010863184815342,0.0189871963030102,-0.0006909458834744,0.011261699963521,0.0027820043689964,-0.0067857808271025,-0.0042664613626898,-0.0066426568570093,0,0,0
79,33,4694.0,0.000692108588214,0.0178479570774654,-0.0016497502725797,0.0114816016274771,0.0004064468240807,-0.0079874118733954,0.0006959300813411,-0.0096129216076148,0,0,0
79,34,4695.0,0.0005995215261842,0.0157783885350046,-0.0014946592972621,0.0101403136033203,0.0002534730762353,-0.0070465834880083,0.000846649990607,-0.0084769149030138,0,0,0
79,35,4696.0,0.0011127621599526,0.0151718711685558,0.0001951210447096,0.0080231047029757,0.0036653881798754,-0.0037041259390333,-0.0063996360994101,-0.0017976739854979,0,0,0
79,36,4697.0,0.0008751294334166,0.0136829856934244,-0.0002164147489588,0.0077218577681466,0.002528623030939,-0.0042001609009409,-0.004147884688073,-0.0033865754473072,0,0,0
79,37,4698.0,0.0005214222249145,0.0107054080894718,-0.0006642553934105,0.0065565015879935,0.0009414622606397,-0.0041968880999069,-0.0010718236768891,-0.0045192692783952,0,0,0
79,38,4699.0,0.0012411187160329,0.0195941348297952,-0.0003483029314483,0.0111545898629128,0.003575556830434,-0.0061875532344469,-0.005853523295118,-0.0052108420613439,0,0,0
79,39,4700.0,0.0008567319742582,0.0195799380041216,-0.0015146449855779,0.0123469471891948,0.0011044642305708,-0.0083185870868717,-0.0006326618860537,-0.0096280865366651,0,0,0
79,40,4701.0,0.0004883269174718,0.0089100874991085,-0.0003902800178666,0.0052926895298604,0.0011202192305055,-0.0032093081333086,-0.0015814120860501,-0.0031983071162835,0,0,0
79,41,4702.0,0.0005344498608144,0.012085805110043,-0.0009180898501651,0.0076319290434732,0.000736627970598,-0.0051504719527147,-0.0005163691450071,-0.0059659384285655,0,0,0
79,42,4703.0,0.0003083708292269,0.0116003490477769,-0.0014863418438259,0.0076718388713503,-0.0007079743035157,-0.0055531721171441,0.0024438256858959,-0.0069604676258966,0,0,0
79,43,4704.0,0.0004300657996518,0.0150894411161484,-0.0018533636800593,0.0099713259883195,-0.0007269689578561,-0.0072190472048616,0.0028096757530446,-0.0090753686013535,0,0,0
79,44,4705.0,9.20694393134961e-05,0.0128746927977899,-0.0023529400454002,0.0087111743226471,-0.002439916066251,-0.0064551196671735,0.0058895837293761,-0.0081547479700981,0,0,0
79,45,4706.0,-0.0002020317993903,0.0114643141882115,-0.0028402010699047,0.0077790558603083,-0.0038614178828941,-0.0056879043724461,0.0081321001797349,-0.0068806734498705,0,0,0
79,46,4707.0,-6.044791456026852e-05,0.0147493201278421,-0.0031437778085886,0.0100360845864766,-0.0038333432899982,-0.0074492623253769,0.0086339992294172,-0.0093320409857474,0,0,0
79,47,4708.0,0.0004279270268486,0.0155704787649097,-0.0019519108746579,0.0102816481261556,-0.0008361432379047,-0.0074250936402878,0.0030218780943964,-0.0092850234032906,0,0,0
79,48,4709.0,-0.0002564339344352,0.0149250546192486,-0.0037125362516355,0.0101514253404633,-0.005162251316412,-0.0074396828627258,0.0110526495300212,-0.0089534505167359,0,0,0
79,49,4710.0,-4.412959695463967e-05,0.0165273049325259,-0.0034651401289229,0.011223506084728,-0.0041932149649168,-0.0083068558942919,0.0095297255818118,-0.0103546760311758,0,0,0
79,50,4711.0,-1.3820395564643884e-05,0.0126516225231353,-0.0025919195965423,0.008599036477816,-0.0030384096327537,-0.0063877330652433,0.0069505370858488,-0.008046056295059,0,0,0
79,51,4712.0,5.207706920450351e-05,0.0158570597812877,-0.0030975153097338,0.0108887177246081,-0.0035076854386158,-0.0082555615158432,0.0084457924272099,-0.0107278589542878,0,0,0
79,52,4713.0,0.0001811032819684,0.0135842835210401,-0.0022587482310544,0.0091779232173181,-0.0020602940333885,-0.0068236465307604,0.0053241380709475,-0.0087356909851304,0,0,0
79,53,4714.0,1.3503758695756672e-05,0.0147109075984747,-0.0029537848098506,0.0100542617442103,-0.0034240099065059,-0.0075465768833216,0.0080247787305493,-0.0096450719907758,0,0,0
79,54,4715.0,0.0001050366741722,0.0155854356892812,-0.002842739913635,0.0104999271522391,-0.0028916239346404,-0.0077324207661195,0.0068778658968415,-0.0097273962252178,0,0,0
79,55,4716.0,8.534745386411394e-05,0.011800794970242,-0.0021664689718355,0.0080246339807078,-0.0022816439743048,-0.0060035102017483,0.005590702938563,-0.0076938765256277,0,0,0
79,56,4717.0,-0.0001442110020967,0.015924624030064,-0.00362745353102,0.0108747259392124,-0.0047410249912655,-0.0080784596824019,0.0105393737599611,-0.010020180387974,0,0,0
79,57,4718.0,-2.5294868507294513e-05,0.0159159336101612,-0.0032809071250139,0.0108096547030592,-0.0038663600658545,-0.008009819904596,0.0087835224922164,-0.0100334934722998,0,0,0
79,58,4719.0,-0.0013065272858168,0.0124020909348647,-0.0058586366748221,0.0081265289016099,-0.0104563944879686,-0.0051381669799658,0.0188810647751706,-0.0040125558850542,0,0,0
